opportunity_id,sales_agent,product,account,deal_stage,engage_date,close_date,close_value
OPP_10000,Mike Torres,Starter Pack,Company_759,closed-lost,2023-04-13,2023-05-18,
OPP_10001,Anita Rao,Starter Pack,Company_228,closed-won,2023-01-21,2023-02-17,16395.21
OPP_10002,Priya Nair,Enterprise Suite,Company_104,closed-lost,2024-10-25,2025-01-25,
OPP_10003,Mike Torres,Enterprise Suite,Company_432,closed-won,2024-02-18,2024-05-04,212741.62
OPP_10004,Sarah Chen,Starter Pack,Company_95,closed-won,2024-04-04,2024-04-29,13744.78
OPP_10005,James Wu,Starter Pack,Company_517,closed-won,2024-07-16,2024-08-14,16777.76
OPP_10006,Sarah Chen,Enterprise Suite,Company_203,closed-won,2024-04-29,2024-08-08,201979.69
OPP_10007,Ryan Osei,Starter Pack,Company_459,closed-won,2024-07-18,2024-08-24,9494.51
OPP_10008,Anita Rao,Starter Pack,Company_777,closed-lost,2024-03-03,2024-04-01,
OPP_10009,Priya Nair,Enterprise Suite,Company_432,closed-lost,2024-07-15,2024-11-14,
OPP_10010,Carlos Webb,Analytics Pro,Company_159,closed-lost,2023-04-16,2023-05-31,
OPP_10011,James Wu,Analytics Pro,Company_104,closed-won,2024-07-09,2024-08-25,39863.72
OPP_10012,Mike Torres,Analytics Pro,Company_99,closed-lost,2023-12-04,2024-01-24,
OPP_10013,Carlos Webb,Analytics Pro,Company_618,closed-lost,2023-07-07,2023-08-25,
OPP_10014,Anita Rao,Starter Pack,Company_747,closed-won,2023-03-06,2023-03-17,8166.09
OPP_10015,Lisa Park,Enterprise Suite,Company_127,closed-lost,2024-10-09,2025-02-03,
OPP_10016,Ryan Osei,Starter Pack,,closed-lost,2024-05-04,2024-05-30,
OPP_10017,Anita Rao,Enterprise Suite,Company_633,closed-lost,2023-02-02,2023-04-20,
OPP_10018,Carlos Webb,Enterprise Suite,Company_196,closed-lost,2023-04-09,2023-07-27,
OPP_10019,Mike Torres,Starter Pack,Company_677,closed-won,2024-09-04,2024-10-11,14247.33
OPP_10020,James Wu,Analytics Pro,Company_81,closed-won,2024-11-21,2024-12-14,
OPP_10021,James Wu,Starter Pack,Company_389,closed-lost,2023-04-06,2023-05-10,
OPP_10022,Anita Rao,Analytics Pro,Company_650,closed-won,2024-10-16,2024-12-11,42872.6
OPP_10023,Carlos Webb,Starter Pack,Company_379,closed-lost,2024-07-31,2024-08-23,
OPP_10024,Carlos Webb,Starter Pack,Company_686,closed-won,2023-01-28,2023-03-08,13951.54
OPP_10025,Anita Rao,Enterprise Suite,Company_959,closed-lost,2024-10-01,2024-12-20,
OPP_10026,Mike Torres,Enterprise Suite,Company_650,closed-won,2024-09-24,2024-12-30,125000.0
OPP_10027,Priya Nair,Enterprise Suite,Company_746,closed-lost,2024-11-07,2025-01-08,
OPP_10028,James Wu,Starter Pack,Company_473,closed-won,2024-01-09,2024-01-18,21318.7
OPP_10029,Ryan Osei,Analytics Pro,Company_947,closed-lost,2024-05-11,2024-06-12,
OPP_10030,James Wu,Enterprise Suite,Company_332,closed-won,2024-01-22,2024-03-22,254818.42
OPP_10031,Sarah Chen,Starter Pack,,closed-won,2024-07-19,2024-08-30,7867.61
OPP_10032,Sarah Chen,Analytics Pro,Company_410,closed-lost,2024-09-29,2024-10-26,
OPP_10033,Anita Rao,Starter Pack,Company_216,closed-lost,2024-02-20,2024-03-22,
OPP_10034,Carlos Webb,Starter Pack,Company_671,closed-lost,2024-02-05,2024-03-19,
OPP_10035,Lisa Park,Analytics Pro,Company_905,closed-lost,2023-07-17,2023-08-25,
OPP_10036,Lisa Park,Starter Pack,Company_271,closed-won,2023-07-20,2023-08-13,23533.02
OPP_10037,Priya Nair,Starter Pack,,closed-lost,2024-02-07,2024-03-02,
OPP_10038,Anita Rao,Enterprise Suite,Company_598,closed-lost,2024-05-03,2024-08-19,
OPP_10039,Ryan Osei,Enterprise Suite,Company_408,closed-lost,2024-10-02,2024-12-05,
OPP_10040,Carlos Webb,Starter Pack,Company_141,closed-lost,2024-02-19,2024-03-28,
OPP_10041,Lisa Park,Starter Pack,Company_773,closed-lost,2023-12-12,2023-12-24,
OPP_10042,Sarah Chen,Starter Pack,,closed-lost,2023-10-31,2023-12-10,
OPP_10043,Priya Nair,Enterprise Suite,Company_432,closed-lost,2023-01-09,2023-05-03,
OPP_10044,Mike Torres,Analytics Pro,Company_390,closed-lost,2024-02-08,2024-04-02,
OPP_10045,Lisa Park,Enterprise Suite,Company_257,closed-lost,2024-08-09,2024-11-26,
OPP_10046,Sarah Chen,Enterprise Suite,Company_738,closed-won,2023-09-11,2023-12-18,192851.89
OPP_10047,Mike Torres,Enterprise Suite,Company_906,closed-lost,2023-12-04,2024-02-07,
OPP_10048,Anita Rao,Enterprise Suite,Company_348,closed-lost,2023-06-10,2023-08-27,
OPP_10049,Mike Torres,Analytics Pro,Company_445,closed-lost,2024-05-18,2024-07-08,
OPP_10050,Priya Nair,Analytics Pro,Company_3,closed-lost,2023-02-02,2023-05-03,
OPP_10051,Anita Rao,Enterprise Suite,Company_780,closed-lost,2023-01-22,2023-04-14,
OPP_10052,Priya Nair,Enterprise Suite,Company_934,closed-lost,2023-08-14,2023-10-02,
OPP_10053,Mike Torres,Enterprise Suite,Company_305,closed-won,2024-04-25,2024-06-28,253358.41
OPP_10054,James Wu,Starter Pack,Company_382,closed-lost,2023-01-17,2023-01-29,
OPP_10055,Priya Nair,Enterprise Suite,Company_976,closed-lost,2024-06-01,2024-09-13,
OPP_10056,Sarah Chen,Enterprise Suite,Company_331,closed-lost,2023-04-09,2023-07-01,
OPP_10057,Lisa Park,Starter Pack,Company_114,closed-won,2023-06-10,2023-07-12,8771.31
OPP_10058,Carlos Webb,Analytics Pro,Company_245,closed-won,2024-07-19,2024-09-28,55873.13
OPP_10059,Sarah Chen,Starter Pack,Company_899,closed-won,2024-01-21,2024-02-24,23894.62
OPP_10060,Mike Torres,Starter Pack,Company_749,closed-lost,2024-11-12,2024-12-17,
OPP_10061,Lisa Park,Starter Pack,Company_778,closed-won,2024-06-08,2024-07-12,12220.28
OPP_10062,Priya Nair,Starter Pack,Company_675,closed-won,2024-04-15,2024-04-29,25001.74
OPP_10063,Lisa Park,Enterprise Suite,Company_169,closed-won,2023-02-20,2023-03-25,216837.46
OPP_10064,Anita Rao,Enterprise Suite,Company_893,closed-won,2024-11-22,2025-03-02,125000.0
OPP_10065,Ryan Osei,Starter Pack,Company_951,closed-won,2024-09-04,2024-10-05,11348.17
OPP_10066,James Wu,Enterprise Suite,Company_319,closed-lost,2023-12-16,2024-04-24,
OPP_10067,Ryan Osei,Enterprise Suite,Company_665,closed-lost,2023-09-26,2023-11-15,
OPP_10068,Carlos Webb,Analytics Pro,Company_921,closed-won,2023-02-27,2023-04-20,67986.33
OPP_10069,Lisa Park,Starter Pack,Company_253,closed-won,2024-10-02,2024-10-28,23827.27
OPP_10070,James Wu,Starter Pack,Company_346,closed-lost,2024-05-02,2024-06-03,
OPP_10071,Sarah Chen,Enterprise Suite,Company_567,closed-won,2024-03-22,2024-05-15,268317.63
OPP_10072,James Wu,Enterprise Suite,Company_225,closed-lost,2023-03-27,2023-07-18,
OPP_10073,Sarah Chen,Starter Pack,Company_724,closed-won,2023-08-06,2023-09-10,25565.56
OPP_10074,Sarah Chen,Starter Pack,Company_69,closed-lost,2024-06-05,2024-07-01,
OPP_10075,Sarah Chen,Analytics Pro,Company_72,closed-won,2024-10-20,2024-12-10,68646.07
OPP_10076,James Wu,Analytics Pro,Company_685,closed-lost,2024-05-30,2024-07-16,
OPP_10077,Lisa Park,Starter Pack,Company_552,closed-won,2023-06-09,2023-07-15,11924.33
OPP_10078,Priya Nair,Enterprise Suite,Company_957,closed-lost,2024-11-21,2025-03-25,
OPP_10079,Lisa Park,Starter Pack,Company_803,closed-lost,2023-06-17,2023-07-19,
OPP_10080,Lisa Park,Analytics Pro,Company_194,closed-won,2023-03-31,2023-05-06,67744.03
OPP_10081,Mike Torres,Starter Pack,,closed-lost,2023-07-15,2023-08-27,
OPP_10082,Ryan Osei,Analytics Pro,Company_433,closed-won,2024-01-11,2024-03-05,63276.06
OPP_10083,Ryan Osei,Analytics Pro,Company_884,closed-lost,2023-07-11,2023-08-15,
OPP_10084,Sarah Chen,Enterprise Suite,Company_669,closed-won,2023-04-06,2023-08-20,214838.57
OPP_10085,Mike Torres,Starter Pack,Company_412,closed-won,2023-08-05,2023-08-21,7500.0
OPP_10086,Carlos Webb,Starter Pack,Company_254,closed-lost,2024-02-01,2024-03-05,
OPP_10087,James Wu,Starter Pack,Company_549,closed-won,2024-01-19,2024-02-09,14928.6
OPP_10088,Lisa Park,Starter Pack,Company_432,closed-lost,2023-03-10,2023-03-27,
OPP_10089,Priya Nair,Analytics Pro,Company_473,closed-lost,2024-04-28,2024-06-18,
OPP_10090,James Wu,Starter Pack,Company_453,closed-won,2023-01-09,2023-02-21,16224.83
OPP_10091,Mike Torres,Starter Pack,Company_667,closed-won,2023-06-19,2023-07-03,15395.05
OPP_10092,Sarah Chen,Starter Pack,Company_948,closed-lost,2024-10-09,2024-10-24,
OPP_10093,James Wu,Starter Pack,Company_416,closed-won,2024-05-25,2024-07-02,14180.67
OPP_10094,Lisa Park,Analytics Pro,,closed-lost,2023-07-01,2023-08-03,
OPP_10095,Ryan Osei,Starter Pack,Company_168,closed-lost,2023-05-06,2023-06-04,
OPP_10096,Ryan Osei,Starter Pack,Company_399,closed-lost,2023-02-27,2023-04-04,
OPP_10097,Anita Rao,Analytics Pro,Company_292,closed-lost,2023-01-01,2023-02-06,
OPP_10098,Ryan Osei,Enterprise Suite,Company_980,closed-lost,2024-05-22,2024-08-09,
OPP_10099,Lisa Park,Starter Pack,Company_194,closed-lost,2023-05-14,2023-06-13,
OPP_10100,Anita Rao,Starter Pack,Company_991,closed-won,2023-05-29,2023-07-06,9668.39
OPP_10101,Sarah Chen,Enterprise Suite,Company_753,closed-lost,2024-03-16,2024-06-26,
OPP_10102,Sarah Chen,Enterprise Suite,Company_321,closed-lost,2024-02-19,2024-04-27,
OPP_10103,Sarah Chen,Starter Pack,Company_598,closed-won,2023-11-26,2023-12-17,14211.38
OPP_10104,Lisa Park,Enterprise Suite,Company_941,closed-lost,2024-11-28,2025-02-02,
OPP_10105,Priya Nair,Starter Pack,Company_983,closed-won,2024-05-16,2024-06-08,7500.0
OPP_10106,Mike Torres,Starter Pack,Company_70,closed-lost,2024-04-05,2024-05-09,
OPP_10107,Mike Torres,Enterprise Suite,Company_882,closed-lost,2023-09-10,2023-12-28,
OPP_10108,James Wu,Analytics Pro,Company_122,closed-lost,2024-03-25,2024-05-11,
OPP_10109,James Wu,Enterprise Suite,Company_608,closed-lost,2024-01-09,2024-03-06,
OPP_10110,Sarah Chen,Enterprise Suite,Company_83,closed-lost,2024-11-19,2025-03-26,
OPP_10111,Ryan Osei,Enterprise Suite,Company_597,closed-lost,2024-01-20,2024-06-15,
OPP_10112,Carlos Webb,Analytics Pro,Company_209,closed-lost,2024-03-12,2024-05-05,
OPP_10113,Carlos Webb,Starter Pack,Company_271,closed-won,2023-03-24,2023-04-07,15601.48
OPP_10114,Ryan Osei,Starter Pack,Company_687,closed-lost,2024-03-21,2024-03-26,
OPP_10115,Anita Rao,Analytics Pro,Company_323,closed-lost,2023-11-02,2024-01-16,
OPP_10116,Mike Torres,Starter Pack,Company_469,closed-won,2024-02-05,2024-03-20,19389.13
OPP_10117,Mike Torres,Starter Pack,Company_550,closed-lost,2024-03-10,2024-04-17,
OPP_10118,James Wu,Enterprise Suite,Company_271,closed-lost,2023-11-02,2024-03-14,
OPP_10119,Priya Nair,Analytics Pro,,closed-lost,2024-03-22,2024-05-31,
OPP_10120,Mike Torres,Starter Pack,Company_378,closed-lost,2023-12-01,2023-12-17,
OPP_10121,Anita Rao,Starter Pack,Company_448,closed-lost,2023-05-13,2023-06-26,
OPP_10122,Anita Rao,Enterprise Suite,Company_826,closed-lost,2024-05-22,2024-09-25,
OPP_10123,Sarah Chen,Enterprise Suite,Company_836,closed-won,2023-02-12,2023-05-10,279327.86
OPP_10124,Anita Rao,Enterprise Suite,Company_106,closed-lost,2023-12-26,2024-04-23,
OPP_10125,Priya Nair,Analytics Pro,Company_118,closed-lost,2024-10-28,2024-12-05,
OPP_10126,Mike Torres,Enterprise Suite,Company_566,closed-lost,2024-02-07,2024-03-29,
OPP_10127,Priya Nair,Analytics Pro,Company_288,closed-won,2024-06-17,2024-07-30,39471.37
OPP_10128,James Wu,Enterprise Suite,Company_351,closed-won,2023-12-12,2024-02-05,407140.24
OPP_10129,James Wu,Enterprise Suite,Company_649,closed-lost,2023-02-25,2023-06-20,
OPP_10130,Anita Rao,Enterprise Suite,Company_500,closed-lost,2024-09-16,2024-12-15,
OPP_10131,Anita Rao,Starter Pack,Company_94,closed-lost,2023-02-25,2023-03-11,
OPP_10132,Ryan Osei,Analytics Pro,Company_45,closed-lost,2023-08-04,2023-09-24,
OPP_10133,Sarah Chen,Analytics Pro,Company_789,closed-lost,2023-12-29,2024-02-10,
OPP_10134,Priya Nair,Enterprise Suite,Company_268,closed-lost,2023-01-15,2023-03-22,
OPP_10135,Priya Nair,Enterprise Suite,Company_452,closed-lost,2023-02-08,2023-04-19,
OPP_10136,Ryan Osei,Enterprise Suite,,closed-lost,2024-06-20,2024-11-07,
OPP_10137,Mike Torres,Starter Pack,Company_967,closed-won,2023-03-08,2023-05-02,11879.92
OPP_10138,Priya Nair,Enterprise Suite,Company_36,closed-lost,2024-04-14,2024-07-29,
OPP_10139,Carlos Webb,Enterprise Suite,Company_565,closed-lost,2024-08-17,2024-10-11,
OPP_10140,Priya Nair,Analytics Pro,Company_130,closed-lost,2023-11-16,2024-01-14,
OPP_10141,Sarah Chen,Analytics Pro,Company_373,closed-won,2024-01-12,2024-02-22,45240.36
OPP_10142,Sarah Chen,Analytics Pro,Company_215,closed-won,2024-03-21,2024-05-05,42535.75
OPP_10143,James Wu,Enterprise Suite,Company_105,closed-lost,2023-02-09,2023-06-06,
OPP_10144,Carlos Webb,Enterprise Suite,Company_905,closed-lost,2024-10-07,2025-01-18,
OPP_10145,Ryan Osei,Enterprise Suite,Company_767,closed-lost,2024-07-27,2024-11-16,
OPP_10146,Priya Nair,Starter Pack,Company_885,closed-lost,2024-03-10,2024-04-13,
OPP_10147,Priya Nair,Starter Pack,Company_902,closed-lost,2023-08-13,2023-09-29,
OPP_10148,Ryan Osei,Starter Pack,Company_183,closed-won,2024-10-15,2024-10-28,28918.89
OPP_10149,Carlos Webb,Analytics Pro,Company_821,closed-lost,2024-11-03,2025-01-18,
OPP_10150,James Wu,Analytics Pro,Company_163,closed-lost,2024-10-11,2024-12-10,
OPP_10151,Mike Torres,Analytics Pro,Company_893,closed-won,2023-11-17,2024-02-05,45933.78
OPP_10152,Sarah Chen,Analytics Pro,Company_227,closed-lost,2024-02-23,2024-04-04,
OPP_10153,James Wu,Analytics Pro,Company_358,closed-lost,2023-08-24,2023-10-05,
OPP_10154,Anita Rao,Starter Pack,Company_228,closed-lost,2024-08-10,2024-09-07,
OPP_10155,Sarah Chen,Enterprise Suite,Company_197,closed-lost,2024-07-25,2024-10-26,
OPP_10156,Ryan Osei,Analytics Pro,Company_285,closed-won,2023-09-27,2023-11-18,64801.0
OPP_10157,Mike Torres,Analytics Pro,Company_359,closed-won,2024-07-27,2024-09-05,69214.25
OPP_10158,Ryan Osei,Enterprise Suite,Company_863,closed-lost,2023-10-23,2024-01-09,
OPP_10159,Carlos Webb,Starter Pack,,closed-won,2024-09-28,2024-10-19,16634.64
OPP_10160,Anita Rao,Starter Pack,Company_594,closed-lost,2024-05-17,2024-05-24,
OPP_10161,Anita Rao,Starter Pack,Company_111,closed-lost,2024-08-01,2024-08-22,
OPP_10162,Ryan Osei,Analytics Pro,Company_746,closed-lost,2023-01-15,2023-03-26,
OPP_10163,Carlos Webb,Analytics Pro,Company_620,closed-lost,2024-02-24,2024-04-21,
OPP_10164,Mike Torres,Analytics Pro,Company_921,closed-lost,2024-02-15,2024-04-01,
OPP_10165,James Wu,Analytics Pro,Company_45,closed-lost,2024-06-05,2024-07-13,
OPP_10166,Ryan Osei,Starter Pack,Company_532,closed-won,2023-06-08,2023-07-30,10331.81
OPP_10167,James Wu,Analytics Pro,Company_441,closed-won,2023-01-15,2023-03-06,69457.75
OPP_10168,Mike Torres,Enterprise Suite,Company_942,closed-lost,2023-04-05,2023-08-24,
OPP_10169,Carlos Webb,Enterprise Suite,Company_321,closed-lost,2023-10-10,2023-11-15,
OPP_10170,Mike Torres,Enterprise Suite,,closed-lost,2023-12-12,2024-03-19,
OPP_10171,Anita Rao,Enterprise Suite,Company_316,closed-lost,2023-07-29,2023-10-30,
OPP_10172,Ryan Osei,Analytics Pro,Company_412,closed-lost,2023-11-20,2023-12-25,
OPP_10173,Anita Rao,Enterprise Suite,Company_130,closed-lost,2023-02-20,2023-04-21,
OPP_10174,James Wu,Analytics Pro,Company_680,closed-won,2024-02-09,2024-03-31,49160.68
OPP_10175,Ryan Osei,Enterprise Suite,Company_766,closed-lost,2023-01-01,2023-05-03,
OPP_10176,Priya Nair,Enterprise Suite,Company_582,closed-won,2024-10-22,2024-12-30,288025.51
OPP_10177,Anita Rao,Analytics Pro,Company_561,closed-lost,2024-07-28,2024-08-18,
OPP_10178,Sarah Chen,Analytics Pro,Company_293,closed-lost,2023-12-13,2024-01-23,
OPP_10179,James Wu,Analytics Pro,Company_804,closed-won,2023-06-28,2023-07-25,59157.72
OPP_10180,Carlos Webb,Analytics Pro,Company_452,closed-lost,2024-05-15,2024-07-09,
OPP_10181,Lisa Park,Enterprise Suite,Company_218,closed-lost,2024-10-23,2025-01-01,
OPP_10182,Lisa Park,Enterprise Suite,,closed-lost,2023-03-25,2023-05-05,
OPP_10183,Mike Torres,Analytics Pro,Company_527,closed-lost,2023-03-04,2023-04-20,
OPP_10184,Carlos Webb,Starter Pack,Company_838,closed-lost,2023-05-21,2023-05-31,
OPP_10185,James Wu,Enterprise Suite,Company_317,closed-won,2023-11-14,2024-01-26,455594.15
OPP_10186,James Wu,Starter Pack,Company_150,closed-won,2023-01-18,2023-02-19,24090.1
OPP_10187,Sarah Chen,Starter Pack,Company_250,closed-lost,2024-05-16,2024-06-02,
OPP_10188,Lisa Park,Enterprise Suite,,closed-lost,2024-10-05,2024-12-26,
OPP_10189,Mike Torres,Analytics Pro,Company_424,closed-lost,2024-04-02,2024-05-31,
OPP_10190,James Wu,Enterprise Suite,Company_713,closed-lost,2023-02-24,2023-05-01,
OPP_10191,Ryan Osei,Analytics Pro,Company_409,closed-lost,2023-11-09,2023-12-13,
OPP_10192,James Wu,Starter Pack,Company_671,closed-won,2023-11-24,2023-12-22,8889.36
OPP_10193,Sarah Chen,Starter Pack,Company_797,closed-lost,2024-02-22,2024-03-23,
OPP_10194,Ryan Osei,Starter Pack,Company_180,closed-lost,2024-05-05,2024-05-18,
OPP_10195,Lisa Park,Starter Pack,Company_570,closed-lost,2023-01-07,2023-02-12,
OPP_10196,James Wu,Starter Pack,Company_467,closed-won,2024-09-15,2024-09-28,23823.43
OPP_10197,Priya Nair,Analytics Pro,Company_683,closed-lost,2024-05-28,2024-07-23,
OPP_10198,Carlos Webb,Analytics Pro,Company_627,closed-lost,2024-01-21,2024-03-04,
OPP_10199,Ryan Osei,Enterprise Suite,Company_456,closed-lost,2023-09-13,2024-01-31,
OPP_10200,Priya Nair,Enterprise Suite,Company_882,closed-lost,2024-05-14,2024-07-13,
OPP_10201,Lisa Park,Analytics Pro,Company_265,closed-lost,2023-05-08,2023-06-01,
OPP_10202,James Wu,Enterprise Suite,Company_283,closed-won,2024-06-04,2024-09-22,263669.24
OPP_10203,Lisa Park,Enterprise Suite,Company_244,closed-won,2023-01-04,2023-04-12,
OPP_10204,Anita Rao,Analytics Pro,Company_79,closed-lost,2023-03-16,2023-05-19,
OPP_10205,Anita Rao,Starter Pack,Company_278,closed-lost,2023-02-10,2023-02-22,
OPP_10206,Carlos Webb,Analytics Pro,Company_914,closed-won,2024-01-13,2024-03-02,41518.0
OPP_10207,Mike Torres,Starter Pack,Company_154,closed-won,2023-06-17,2023-07-16,26489.79
OPP_10208,James Wu,Analytics Pro,Company_710,closed-lost,2024-11-15,2025-01-16,
OPP_10209,Priya Nair,Enterprise Suite,Company_219,closed-lost,2024-07-11,2024-10-14,
OPP_10210,Mike Torres,Analytics Pro,Company_417,closed-won,2023-01-29,2023-03-03,
OPP_10211,Carlos Webb,Enterprise Suite,Company_477,closed-lost,2023-08-15,2023-11-28,
OPP_10212,Ryan Osei,Starter Pack,Company_211,closed-lost,2024-02-10,2024-03-17,
OPP_10213,Ryan Osei,Analytics Pro,Company_926,closed-lost,2024-05-05,2024-06-11,
OPP_10214,Sarah Chen,Enterprise Suite,Company_389,closed-won,2023-03-14,2023-06-10,391664.05
OPP_10215,Lisa Park,Starter Pack,Company_965,closed-lost,2024-09-07,2024-10-02,
OPP_10216,Carlos Webb,Analytics Pro,Company_771,closed-lost,2023-08-17,2023-09-22,
OPP_10217,Ryan Osei,Analytics Pro,Company_551,closed-won,2023-01-17,2023-03-12,70968.53
OPP_10218,James Wu,Analytics Pro,Company_224,closed-lost,2024-10-22,2024-12-18,
OPP_10219,Anita Rao,Analytics Pro,Company_497,closed-won,2023-07-19,2023-08-10,54131.43
OPP_10220,Sarah Chen,Analytics Pro,Company_344,closed-won,2024-05-03,2024-06-20,67277.27
OPP_10221,Ryan Osei,Enterprise Suite,Company_169,closed-lost,2023-12-01,2024-03-13,
OPP_10222,Lisa Park,Starter Pack,Company_637,closed-won,2024-05-12,2024-06-17,18958.25
OPP_10223,Sarah Chen,Analytics Pro,Company_606,closed-lost,2024-01-07,2024-03-05,
OPP_10224,Sarah Chen,Starter Pack,Company_658,closed-lost,2023-09-30,2023-11-13,
OPP_10225,Ryan Osei,Starter Pack,Company_887,closed-won,2023-04-08,2023-05-18,22220.87
OPP_10226,Lisa Park,Starter Pack,Company_51,closed-lost,2024-05-11,2024-06-22,
OPP_10227,Anita Rao,Analytics Pro,Company_335,closed-lost,2023-06-10,2023-07-04,
OPP_10228,James Wu,Analytics Pro,Company_334,closed-lost,2023-11-07,2023-12-15,
OPP_10229,Carlos Webb,Analytics Pro,Company_284,closed-lost,2024-08-30,2024-10-06,
OPP_10230,Ryan Osei,Analytics Pro,Company_854,closed-won,2023-09-02,2023-09-22,63517.8
OPP_10231,Mike Torres,Analytics Pro,Company_19,closed-won,2024-01-12,2024-03-18,41910.54
OPP_10232,Sarah Chen,Analytics Pro,Company_229,closed-won,2023-01-03,2023-02-28,48215.08
OPP_10233,Mike Torres,Enterprise Suite,,closed-lost,2023-05-26,2023-07-18,
OPP_10234,Sarah Chen,Starter Pack,Company_204,closed-lost,2023-05-20,2023-06-03,
OPP_10235,Sarah Chen,Enterprise Suite,Company_156,closed-lost,2023-11-15,2024-03-04,
OPP_10236,James Wu,Starter Pack,Company_484,closed-won,2023-06-02,2023-07-02,12618.11
OPP_10237,Mike Torres,Enterprise Suite,Company_970,closed-lost,2023-08-31,2023-11-09,
OPP_10238,James Wu,Analytics Pro,Company_716,closed-won,2023-08-06,2023-09-27,72912.73
OPP_10239,Anita Rao,Analytics Pro,Company_171,closed-won,2024-11-19,2025-01-10,56630.03
OPP_10240,Mike Torres,Starter Pack,Company_987,closed-lost,2023-03-03,2023-04-01,
OPP_10241,Anita Rao,Starter Pack,Company_592,closed-lost,2023-04-30,2023-05-28,
OPP_10242,Sarah Chen,Analytics Pro,Company_589,closed-won,2023-11-19,2023-12-24,54535.74
OPP_10243,Ryan Osei,Analytics Pro,Company_964,closed-lost,2023-11-28,2024-01-09,
OPP_10244,James Wu,Starter Pack,Company_606,closed-won,2024-01-30,2024-02-21,19420.5
OPP_10245,James Wu,Starter Pack,Company_713,closed-lost,2024-08-24,2024-10-02,
OPP_10246,Anita Rao,Enterprise Suite,Company_614,closed-lost,2023-11-19,2024-03-08,
OPP_10247,Mike Torres,Enterprise Suite,Company_801,closed-lost,2023-10-16,2024-01-31,
OPP_10248,Sarah Chen,Analytics Pro,Company_545,closed-won,2023-12-19,2024-01-26,40745.04
OPP_10249,Ryan Osei,Enterprise Suite,Company_379,closed-lost,2024-07-10,2024-11-12,
OPP_10250,Mike Torres,Enterprise Suite,Company_663,closed-lost,2024-02-26,2024-05-21,
OPP_10251,Carlos Webb,Starter Pack,Company_869,closed-won,2023-01-31,2023-03-03,11552.3
OPP_10252,Ryan Osei,Analytics Pro,Company_108,closed-lost,2023-12-22,2024-01-23,
OPP_10253,Ryan Osei,Analytics Pro,Company_650,closed-won,2023-08-12,2023-10-05,27500.0
OPP_10254,Lisa Park,Enterprise Suite,Company_156,closed-lost,2023-12-26,2024-02-13,
OPP_10255,Ryan Osei,Starter Pack,Company_751,closed-won,2024-11-05,2024-11-28,20931.94
OPP_10256,Anita Rao,Enterprise Suite,Company_827,closed-lost,2024-02-16,2024-05-21,
OPP_10257,Lisa Park,Analytics Pro,Company_446,closed-lost,2023-08-30,2023-10-21,
OPP_10258,Anita Rao,Analytics Pro,Company_872,closed-lost,2024-02-05,2024-04-07,
OPP_10259,James Wu,Starter Pack,Company_285,closed-lost,2023-07-29,2023-08-22,
OPP_10260,Lisa Park,Starter Pack,Company_768,closed-won,2024-01-16,2024-02-26,12715.16
OPP_10261,Lisa Park,Enterprise Suite,Company_624,closed-lost,2024-04-03,2024-08-27,
OPP_10262,Ryan Osei,Analytics Pro,Company_29,closed-lost,2023-10-12,2023-12-13,
OPP_10263,Lisa Park,Analytics Pro,Company_186,closed-won,2023-03-16,2023-05-19,64753.02
OPP_10264,Lisa Park,Starter Pack,Company_363,closed-won,2023-03-25,2023-05-02,13967.16
OPP_10265,Anita Rao,Analytics Pro,Company_286,closed-lost,2024-06-10,2024-08-03,
OPP_10266,Anita Rao,Enterprise Suite,Company_10,closed-lost,2024-06-07,2024-11-20,
OPP_10267,James Wu,Starter Pack,Company_247,closed-lost,2023-03-01,2023-03-28,
OPP_10268,Ryan Osei,Analytics Pro,Company_568,closed-won,2024-08-13,2024-08-20,45250.4
OPP_10269,James Wu,Enterprise Suite,Company_487,closed-lost,2024-06-19,2024-10-24,
OPP_10270,Lisa Park,Analytics Pro,Company_811,closed-won,2023-06-02,2023-08-10,77515.58
OPP_10271,Sarah Chen,Starter Pack,Company_301,closed-won,2024-06-04,2024-06-19,7500.0
OPP_10272,James Wu,Analytics Pro,Company_708,closed-won,2023-12-10,2024-02-22,49224.1
OPP_10273,James Wu,Analytics Pro,Company_679,closed-won,2023-12-04,2024-01-10,66787.0
OPP_10274,Carlos Webb,Analytics Pro,Company_566,closed-lost,2023-04-12,2023-06-10,
OPP_10275,Carlos Webb,Analytics Pro,Company_763,closed-won,2024-07-06,2024-09-25,54660.95
OPP_10276,Carlos Webb,Analytics Pro,Company_719,closed-lost,2024-10-21,2024-11-25,
OPP_10277,Lisa Park,Analytics Pro,Company_313,closed-won,2023-01-02,2023-02-17,47933.38
OPP_10278,Anita Rao,Starter Pack,Company_123,closed-won,2023-04-13,2023-05-30,18204.21
OPP_10279,James Wu,Analytics Pro,Company_122,closed-won,2023-05-23,2023-06-30,75990.33
OPP_10280,Priya Nair,Starter Pack,Company_221,closed-lost,2023-01-09,2023-02-08,
OPP_10281,Lisa Park,Analytics Pro,Company_741,closed-lost,2024-01-05,2024-02-21,
OPP_10282,Anita Rao,Starter Pack,Company_852,closed-won,2023-03-25,2023-04-25,19750.73
OPP_10283,James Wu,Analytics Pro,,closed-won,2023-11-10,2024-01-16,51671.31
OPP_10284,Carlos Webb,Starter Pack,Company_309,closed-won,2023-01-12,2023-01-31,12353.51
OPP_10285,Sarah Chen,Enterprise Suite,Company_546,closed-won,2024-09-22,2024-12-18,290479.29
OPP_10286,Priya Nair,Analytics Pro,Company_46,closed-lost,2023-02-28,2023-04-23,
OPP_10287,Sarah Chen,Enterprise Suite,Company_299,closed-lost,2023-04-03,2023-07-16,
OPP_10288,Priya Nair,Enterprise Suite,Company_889,closed-lost,2023-06-08,2023-09-17,
OPP_10289,Lisa Park,Starter Pack,Company_893,closed-lost,2023-12-30,2024-02-29,
OPP_10290,Sarah Chen,Enterprise Suite,,closed-lost,2024-08-30,2024-11-25,
OPP_10291,Lisa Park,Analytics Pro,Company_451,closed-lost,2024-07-31,2024-09-22,
OPP_10292,Carlos Webb,Starter Pack,Company_988,closed-won,2024-01-06,2024-01-23,7500.0
OPP_10293,Sarah Chen,Analytics Pro,Company_963,closed-won,2024-06-13,2024-08-08,62410.45
OPP_10294,Lisa Park,Starter Pack,Company_841,closed-lost,2024-08-21,2024-09-22,
OPP_10295,Mike Torres,Analytics Pro,Company_503,closed-lost,2023-10-20,2023-11-09,
OPP_10296,Mike Torres,Enterprise Suite,Company_644,closed-lost,2024-01-16,2024-02-07,
OPP_10297,Sarah Chen,Starter Pack,Company_152,closed-won,2023-05-10,2023-05-26,20365.26
OPP_10298,Anita Rao,Starter Pack,Company_254,closed-won,2023-01-28,2023-02-14,12661.49
OPP_10299,Mike Torres,Enterprise Suite,Company_782,closed-won,2023-10-28,2024-02-07,226039.27
OPP_10300,Ryan Osei,Enterprise Suite,Company_610,closed-lost,2024-09-21,2024-11-11,
OPP_10301,James Wu,Enterprise Suite,Company_389,closed-lost,2023-12-27,2024-03-13,
OPP_10302,Lisa Park,Analytics Pro,Company_304,closed-lost,2024-05-27,2024-06-21,
OPP_10303,Ryan Osei,Analytics Pro,Company_582,closed-won,2023-04-17,2023-06-19,60729.03
OPP_10304,Sarah Chen,Enterprise Suite,Company_983,closed-lost,2023-06-05,2023-10-20,
OPP_10305,Mike Torres,Starter Pack,Company_640,closed-won,2023-11-30,2024-01-06,15259.73
OPP_10306,James Wu,Analytics Pro,Company_676,closed-lost,2023-01-01,2023-01-30,
OPP_10307,Mike Torres,Starter Pack,Company_245,closed-won,2023-06-10,2023-07-10,
OPP_10308,Priya Nair,Enterprise Suite,Company_76,closed-lost,2023-08-11,2023-09-06,
OPP_10309,Priya Nair,Starter Pack,Company_418,closed-won,2023-10-21,2023-11-10,18221.34
OPP_10310,Lisa Park,Enterprise Suite,Company_608,closed-lost,2024-01-10,2024-03-27,
OPP_10311,Lisa Park,Analytics Pro,Company_33,closed-won,2024-10-30,2024-12-11,68051.02
OPP_10312,James Wu,Analytics Pro,Company_723,closed-won,2023-08-06,2023-09-22,57501.54
OPP_10313,Anita Rao,Enterprise Suite,Company_880,closed-lost,2024-08-10,2024-10-31,
OPP_10314,Lisa Park,Starter Pack,Company_703,closed-won,2023-01-01,2023-01-19,11141.86
OPP_10315,James Wu,Analytics Pro,Company_806,closed-won,2023-08-08,2023-08-28,68965.14
OPP_10316,James Wu,Analytics Pro,Company_117,closed-lost,2023-06-10,2023-07-21,
OPP_10317,James Wu,Enterprise Suite,Company_152,closed-lost,2024-08-11,2024-10-30,
OPP_10318,Anita Rao,Starter Pack,Company_73,closed-lost,2023-04-12,2023-04-29,
OPP_10319,Sarah Chen,Starter Pack,Company_811,closed-lost,2024-08-16,2024-09-22,
OPP_10320,Anita Rao,Enterprise Suite,Company_766,closed-won,2024-10-02,2024-11-30,162297.99
OPP_10321,Anita Rao,Analytics Pro,Company_127,closed-lost,2023-05-23,2023-06-22,
OPP_10322,Lisa Park,Enterprise Suite,Company_311,closed-lost,2023-11-01,2024-01-20,
OPP_10323,Ryan Osei,Analytics Pro,Company_512,closed-lost,2023-09-24,2023-11-24,
OPP_10324,Lisa Park,Analytics Pro,Company_82,closed-won,2023-01-03,2023-01-23,57564.56
OPP_10325,Sarah Chen,Analytics Pro,Company_752,closed-lost,2023-02-12,2023-04-06,
OPP_10326,Carlos Webb,Enterprise Suite,Company_256,closed-lost,2024-03-02,2024-06-11,
OPP_10327,Sarah Chen,Starter Pack,Company_234,closed-won,2023-11-20,2023-12-25,7500.0
OPP_10328,Sarah Chen,Enterprise Suite,Company_841,closed-lost,2024-07-17,2024-10-16,
OPP_10329,Anita Rao,Enterprise Suite,Company_41,closed-lost,2024-10-09,2025-02-21,
OPP_10330,Priya Nair,Analytics Pro,Company_531,closed-lost,2024-08-11,2024-09-22,
OPP_10331,Lisa Park,Analytics Pro,Company_185,closed-lost,2023-12-17,2024-01-22,
OPP_10332,Ryan Osei,Enterprise Suite,Company_833,closed-lost,2023-11-08,2024-01-12,
OPP_10333,Lisa Park,Starter Pack,Company_481,closed-won,2024-01-20,2024-02-08,15342.36
OPP_10334,Carlos Webb,Analytics Pro,Company_341,closed-lost,2023-05-21,2023-07-10,
OPP_10335,Carlos Webb,Enterprise Suite,Company_107,closed-lost,2023-01-26,2023-03-18,
OPP_10336,Priya Nair,Analytics Pro,Company_421,closed-lost,2024-09-28,2024-11-15,
OPP_10337,Lisa Park,Analytics Pro,Company_678,closed-lost,2023-10-20,2023-11-20,
OPP_10338,Ryan Osei,Enterprise Suite,Company_37,closed-lost,2023-06-16,2023-09-22,
OPP_10339,Lisa Park,Starter Pack,Company_322,closed-lost,2024-03-14,2024-04-16,
OPP_10340,Anita Rao,Analytics Pro,Company_118,closed-won,2023-08-14,2023-08-30,
OPP_10341,Ryan Osei,Enterprise Suite,Company_844,closed-lost,2024-03-30,2024-06-11,
OPP_10342,Sarah Chen,Enterprise Suite,Company_890,closed-won,2024-05-23,2024-08-07,194729.57
OPP_10343,Lisa Park,Analytics Pro,Company_55,closed-lost,2023-09-20,2023-11-28,
OPP_10344,James Wu,Enterprise Suite,Company_370,closed-lost,2023-06-16,2023-08-29,
OPP_10345,Lisa Park,Enterprise Suite,Company_452,closed-won,2023-04-12,2023-07-27,203465.53
OPP_10346,Sarah Chen,Starter Pack,Company_273,closed-won,2023-03-11,2023-04-10,
OPP_10347,Priya Nair,Analytics Pro,Company_448,closed-lost,2024-10-03,2024-11-20,
OPP_10348,Lisa Park,Starter Pack,Company_29,closed-won,2023-08-18,2023-09-25,8213.72
OPP_10349,James Wu,Enterprise Suite,,closed-lost,2023-05-10,2023-08-28,
OPP_10350,Anita Rao,Enterprise Suite,,closed-lost,2023-12-20,2024-04-14,
OPP_10351,Ryan Osei,Starter Pack,Company_230,closed-lost,2024-03-17,2024-04-21,
OPP_10352,Mike Torres,Analytics Pro,Company_969,closed-lost,2023-11-07,2023-12-20,
OPP_10353,Mike Torres,Enterprise Suite,Company_852,closed-lost,2023-01-12,2023-05-14,
OPP_10354,Priya Nair,Analytics Pro,Company_955,closed-lost,2024-10-17,2024-11-19,
OPP_10355,Anita Rao,Enterprise Suite,Company_722,closed-lost,2023-10-13,2023-12-19,
OPP_10356,Anita Rao,Analytics Pro,Company_854,closed-lost,2023-06-10,2023-07-06,
OPP_10357,Lisa Park,Analytics Pro,Company_249,closed-won,2024-05-23,2024-06-20,41653.81
OPP_10358,Lisa Park,Enterprise Suite,Company_148,closed-lost,2024-07-31,2024-09-23,
OPP_10359,Ryan Osei,Starter Pack,Company_943,closed-won,2024-03-24,2024-04-06,16942.89
OPP_10360,Priya Nair,Starter Pack,Company_282,closed-lost,2024-02-23,2024-04-09,
OPP_10361,Ryan Osei,Analytics Pro,Company_956,closed-won,2023-09-01,2023-10-09,72494.54
OPP_10362,Anita Rao,Starter Pack,Company_289,closed-won,2023-08-04,2023-09-05,17890.59
OPP_10363,Anita Rao,Enterprise Suite,Company_593,closed-lost,2024-02-03,2024-05-19,
OPP_10364,Lisa Park,Starter Pack,Company_457,closed-lost,2024-04-10,2024-05-17,
OPP_10365,Lisa Park,Analytics Pro,Company_340,closed-lost,2023-09-10,2023-10-24,
OPP_10366,Ryan Osei,Analytics Pro,Company_955,closed-lost,2023-04-20,2023-05-27,
OPP_10367,Carlos Webb,Starter Pack,Company_714,closed-won,2024-04-27,2024-05-23,10038.43
OPP_10368,James Wu,Enterprise Suite,Company_392,closed-won,2024-01-27,2024-02-01,269349.34
OPP_10369,James Wu,Analytics Pro,Company_44,closed-lost,2024-06-26,2024-07-26,
OPP_10370,Carlos Webb,Enterprise Suite,Company_484,closed-won,2024-01-25,2024-04-25,231543.97
OPP_10371,Ryan Osei,Analytics Pro,Company_679,closed-won,2024-10-24,2024-12-30,46545.26
OPP_10372,Priya Nair,Analytics Pro,Company_987,closed-lost,2023-11-25,2023-12-28,
OPP_10373,Sarah Chen,Starter Pack,Company_514,closed-won,2024-02-04,2024-03-06,15015.23
OPP_10374,Carlos Webb,Starter Pack,Company_895,closed-lost,2023-04-11,2023-05-20,
OPP_10375,Lisa Park,Starter Pack,Company_538,closed-lost,2023-05-04,2023-06-10,
OPP_10376,Lisa Park,Starter Pack,Company_739,closed-lost,2024-07-27,2024-09-08,
OPP_10377,Priya Nair,Analytics Pro,Company_891,closed-lost,2024-06-09,2024-07-06,
OPP_10378,Priya Nair,Starter Pack,Company_480,closed-won,2023-07-02,2023-07-07,19315.5
OPP_10379,Anita Rao,Analytics Pro,Company_638,closed-lost,2024-02-27,2024-04-26,
OPP_10380,Ryan Osei,Enterprise Suite,Company_82,closed-lost,2024-05-07,2024-07-06,
OPP_10381,Carlos Webb,Enterprise Suite,Company_879,closed-lost,2024-11-30,2025-01-06,
OPP_10382,Ryan Osei,Analytics Pro,Company_641,closed-lost,2024-09-20,2024-10-28,
OPP_10383,Lisa Park,Enterprise Suite,Company_36,closed-lost,2024-08-16,2024-10-03,
OPP_10384,Mike Torres,Starter Pack,Company_646,closed-won,2024-02-26,2024-03-29,
OPP_10385,Anita Rao,Starter Pack,Company_764,closed-won,2024-02-29,2024-04-17,14558.29
OPP_10386,Mike Torres,Analytics Pro,,closed-won,2023-07-19,2023-08-31,69642.23
OPP_10387,Mike Torres,Analytics Pro,Company_170,closed-won,2023-06-22,2023-07-26,51565.26
OPP_10388,Anita Rao,Starter Pack,Company_47,closed-lost,2024-05-19,2024-06-28,
OPP_10389,Carlos Webb,Starter Pack,Company_300,closed-won,2024-04-27,2024-05-13,10141.93
OPP_10390,Carlos Webb,Analytics Pro,Company_441,closed-lost,2024-10-12,2024-12-13,
OPP_10391,Priya Nair,Starter Pack,Company_543,closed-lost,2023-12-16,2024-01-13,
OPP_10392,Ryan Osei,Enterprise Suite,Company_698,closed-lost,2023-12-03,2024-02-08,
OPP_10393,Priya Nair,Starter Pack,Company_179,closed-lost,2024-04-07,2024-05-04,
OPP_10394,Mike Torres,Enterprise Suite,Company_891,closed-won,2024-08-12,2024-11-08,244154.48
OPP_10395,Ryan Osei,Enterprise Suite,Company_699,closed-lost,2024-01-09,2024-04-09,
OPP_10396,James Wu,Analytics Pro,Company_934,closed-lost,2023-10-15,2023-11-23,
OPP_10397,Priya Nair,Starter Pack,Company_472,closed-won,2024-02-06,2024-02-25,7500.0
OPP_10398,Anita Rao,Analytics Pro,Company_261,closed-lost,2023-05-04,2023-06-12,
OPP_10399,Sarah Chen,Analytics Pro,Company_922,closed-lost,2023-06-21,2023-08-02,
OPP_10400,Anita Rao,Enterprise Suite,Company_559,closed-lost,2023-05-02,2023-08-07,
OPP_10401,Priya Nair,Starter Pack,,closed-won,2023-08-21,2023-09-26,8532.21
OPP_10402,Carlos Webb,Enterprise Suite,Company_306,closed-lost,2023-07-22,2023-09-25,
OPP_10403,Ryan Osei,Enterprise Suite,Company_256,closed-won,2024-04-10,2024-06-20,271869.34
OPP_10404,Lisa Park,Analytics Pro,Company_203,closed-lost,2024-07-15,2024-08-06,
OPP_10405,Ryan Osei,Analytics Pro,Company_109,closed-lost,2024-04-05,2024-05-12,
OPP_10406,James Wu,Analytics Pro,Company_585,closed-lost,2024-05-29,2024-06-16,
OPP_10407,Carlos Webb,Enterprise Suite,Company_302,closed-won,2023-04-18,2023-08-06,229962.56
OPP_10408,Anita Rao,Starter Pack,Company_849,closed-lost,2023-05-09,2023-06-04,
OPP_10409,Ryan Osei,Analytics Pro,Company_8,closed-won,2024-04-27,2024-06-02,63828.68
OPP_10410,Sarah Chen,Enterprise Suite,Company_763,closed-lost,2023-01-10,2023-04-27,
OPP_10411,Lisa Park,Analytics Pro,Company_794,closed-lost,2023-03-07,2023-04-11,
OPP_10412,James Wu,Enterprise Suite,Company_821,closed-lost,2024-08-20,2024-11-25,
OPP_10413,Carlos Webb,Starter Pack,Company_651,closed-lost,2023-01-14,2023-02-20,
OPP_10414,James Wu,Enterprise Suite,Company_256,closed-lost,2023-03-11,2023-04-07,
OPP_10415,Priya Nair,Enterprise Suite,Company_99,closed-lost,2024-06-19,2024-09-06,
OPP_10416,Sarah Chen,Analytics Pro,Company_807,closed-won,2024-02-09,2024-03-07,55435.7
OPP_10417,Lisa Park,Starter Pack,Company_593,closed-won,2024-05-29,2024-07-13,25030.46
OPP_10418,Carlos Webb,Enterprise Suite,Company_134,closed-won,2024-06-19,2024-10-04,249436.58
OPP_10419,Mike Torres,Analytics Pro,Company_334,closed-won,2023-07-30,2023-09-29,45261.02
OPP_10420,Ryan Osei,Starter Pack,Company_205,closed-won,2023-04-27,2023-06-10,12841.02
OPP_10421,Priya Nair,Enterprise Suite,Company_897,closed-lost,2023-07-02,2023-09-12,
OPP_10422,Carlos Webb,Enterprise Suite,Company_513,closed-lost,2024-04-20,2024-06-18,
OPP_10423,Anita Rao,Starter Pack,Company_263,closed-won,2023-09-17,2023-10-22,10282.92
OPP_10424,Lisa Park,Analytics Pro,Company_764,closed-lost,2024-07-12,2024-09-11,
OPP_10425,Carlos Webb,Starter Pack,Company_479,closed-lost,2024-02-04,2024-02-20,
OPP_10426,Mike Torres,Starter Pack,Company_772,closed-won,2024-09-10,2024-09-22,20164.82
OPP_10427,James Wu,Enterprise Suite,Company_741,closed-lost,2023-12-15,2023-12-23,
OPP_10428,Ryan Osei,Enterprise Suite,Company_374,closed-lost,2023-09-18,2023-12-02,
OPP_10429,Mike Torres,Analytics Pro,,closed-won,2023-10-22,2023-12-30,48143.56
OPP_10430,Anita Rao,Enterprise Suite,Company_126,closed-lost,2023-07-01,2023-09-18,
OPP_10431,Lisa Park,Analytics Pro,Company_688,closed-won,2024-08-18,2024-10-03,53497.69
OPP_10432,Anita Rao,Enterprise Suite,Company_390,closed-lost,2023-08-08,2023-12-02,
OPP_10433,Carlos Webb,Starter Pack,Company_691,closed-lost,2024-02-04,2024-03-19,
OPP_10434,James Wu,Analytics Pro,Company_25,closed-won,2024-07-09,2024-09-07,85499.58
OPP_10435,Carlos Webb,Enterprise Suite,Company_226,closed-lost,2024-06-16,2024-10-10,
OPP_10436,Mike Torres,Enterprise Suite,Company_843,closed-lost,2024-09-30,2024-12-02,
OPP_10437,Lisa Park,Enterprise Suite,Company_309,closed-won,2024-04-16,2024-07-17,125000.0
OPP_10438,Ryan Osei,Starter Pack,Company_143,closed-won,2023-11-09,2023-11-30,18054.05
OPP_10439,Sarah Chen,Starter Pack,Company_311,closed-won,2023-11-01,2023-11-30,10957.9
OPP_10440,Lisa Park,Starter Pack,Company_99,closed-lost,2023-06-27,2023-07-18,
OPP_10441,James Wu,Enterprise Suite,Company_138,closed-lost,2024-08-20,2024-10-18,
OPP_10442,Ryan Osei,Analytics Pro,Company_379,closed-won,2023-12-20,2024-02-24,58147.27
OPP_10443,Ryan Osei,Enterprise Suite,,closed-lost,2023-06-26,2023-09-26,
OPP_10444,Priya Nair,Analytics Pro,Company_670,closed-lost,2024-07-30,2024-09-09,
OPP_10445,Mike Torres,Analytics Pro,Company_630,closed-won,2023-02-26,2023-05-12,64287.31
OPP_10446,Ryan Osei,Analytics Pro,Company_33,closed-lost,2023-12-10,2024-01-19,
OPP_10447,Carlos Webb,Starter Pack,Company_454,closed-won,2024-09-02,2024-09-25,
OPP_10448,Lisa Park,Starter Pack,,closed-lost,2024-01-26,2024-03-06,
OPP_10449,Carlos Webb,Starter Pack,,closed-won,2023-08-02,2023-09-05,15430.36
OPP_10450,Carlos Webb,Enterprise Suite,Company_923,closed-lost,2023-01-26,2023-03-30,
OPP_10451,Carlos Webb,Starter Pack,Company_407,closed-lost,2023-02-13,2023-03-05,
OPP_10452,Anita Rao,Starter Pack,Company_991,closed-lost,2024-03-11,2024-04-01,
OPP_10453,Mike Torres,Analytics Pro,Company_93,closed-won,2023-11-03,2024-01-06,44390.42
OPP_10454,James Wu,Enterprise Suite,Company_654,closed-lost,2024-04-29,2024-08-13,
OPP_10455,Sarah Chen,Starter Pack,Company_805,closed-lost,2023-08-26,2023-09-26,
OPP_10456,Carlos Webb,Starter Pack,,closed-won,2023-09-25,2023-10-13,27718.34
OPP_10457,James Wu,Starter Pack,Company_849,closed-lost,2024-06-03,2024-06-23,
OPP_10458,James Wu,Enterprise Suite,Company_221,closed-lost,2023-09-17,2023-12-26,
OPP_10459,James Wu,Analytics Pro,Company_792,closed-lost,2023-01-16,2023-02-14,
OPP_10460,Priya Nair,Enterprise Suite,Company_2,closed-lost,2024-10-31,2024-12-24,
OPP_10461,Anita Rao,Starter Pack,Company_133,closed-won,2024-06-20,2024-07-14,8713.94
OPP_10462,Anita Rao,Starter Pack,Company_112,closed-lost,2023-08-15,2023-09-11,
OPP_10463,Sarah Chen,Starter Pack,Company_15,closed-lost,2024-03-09,2024-04-03,
OPP_10464,Carlos Webb,Starter Pack,Company_602,closed-won,2024-03-25,2024-05-07,21484.97
OPP_10465,Carlos Webb,Starter Pack,Company_178,closed-lost,2024-04-20,2024-05-15,
OPP_10466,Anita Rao,Starter Pack,Company_129,closed-won,2023-08-06,2023-08-30,12946.46
OPP_10467,Ryan Osei,Enterprise Suite,Company_116,closed-lost,2023-02-10,2023-05-29,
OPP_10468,Mike Torres,Analytics Pro,Company_459,closed-lost,2023-10-06,2023-12-08,
OPP_10469,Carlos Webb,Enterprise Suite,,closed-won,2024-10-12,2025-01-29,210872.42
OPP_10470,Mike Torres,Analytics Pro,Company_515,closed-lost,2024-04-27,2024-06-04,
OPP_10471,James Wu,Enterprise Suite,Company_44,closed-lost,2024-10-01,2025-01-02,
OPP_10472,Anita Rao,Analytics Pro,Company_658,closed-won,2023-05-23,2023-07-14,57693.73
OPP_10473,Sarah Chen,Starter Pack,Company_490,closed-won,2024-04-04,2024-04-28,16411.04
OPP_10474,Ryan Osei,Analytics Pro,Company_702,closed-lost,2024-10-07,2024-11-06,
OPP_10475,Mike Torres,Analytics Pro,Company_729,closed-won,2024-07-11,2024-08-27,71508.96
OPP_10476,Lisa Park,Starter Pack,Company_920,closed-won,2024-06-30,2024-07-26,14753.12
OPP_10477,Mike Torres,Analytics Pro,Company_622,closed-lost,2023-09-27,2023-11-21,
OPP_10478,Priya Nair,Starter Pack,Company_129,closed-lost,2023-03-24,2023-04-28,
OPP_10479,Anita Rao,Enterprise Suite,Company_648,closed-won,2023-10-11,2024-02-04,207859.57
OPP_10480,Carlos Webb,Analytics Pro,Company_611,closed-won,2024-05-22,2024-08-06,29496.93
OPP_10481,Anita Rao,Analytics Pro,Company_517,closed-lost,2024-10-15,2024-11-13,
OPP_10482,Ryan Osei,Starter Pack,Company_812,closed-lost,2023-08-10,2023-09-05,
OPP_10483,Mike Torres,Enterprise Suite,Company_666,closed-lost,2024-08-20,2024-12-10,
OPP_10484,James Wu,Analytics Pro,Company_462,closed-lost,2024-10-31,2024-12-27,
OPP_10485,James Wu,Analytics Pro,Company_347,closed-lost,2024-04-13,2024-05-14,
OPP_10486,Lisa Park,Analytics Pro,Company_425,closed-lost,2023-07-20,2023-09-17,
OPP_10487,Mike Torres,Analytics Pro,Company_437,closed-lost,2024-04-24,2024-04-29,
OPP_10488,Carlos Webb,Enterprise Suite,,closed-lost,2023-11-28,2024-01-23,
OPP_10489,Carlos Webb,Starter Pack,Company_703,closed-lost,2024-10-20,2024-12-10,
OPP_10490,Lisa Park,Starter Pack,Company_93,closed-lost,2024-07-03,2024-07-22,
OPP_10491,Mike Torres,Starter Pack,Company_442,closed-won,2024-03-30,2024-05-06,11628.9
OPP_10492,Mike Torres,Enterprise Suite,Company_756,closed-lost,2024-08-01,2024-11-03,
OPP_10493,Carlos Webb,Starter Pack,Company_569,closed-won,2023-12-27,2024-01-27,11287.65
OPP_10494,Sarah Chen,Enterprise Suite,Company_979,closed-won,2023-09-19,2023-12-05,194606.32
OPP_10495,Carlos Webb,Enterprise Suite,Company_125,closed-lost,2024-03-24,2024-04-05,
OPP_10496,Ryan Osei,Analytics Pro,,closed-won,2023-05-22,2023-07-17,51925.97
OPP_10497,Ryan Osei,Enterprise Suite,Company_52,closed-won,2023-10-29,2024-02-04,273098.59
OPP_10498,Anita Rao,Enterprise Suite,Company_319,closed-lost,2024-08-24,2024-10-09,
OPP_10499,Carlos Webb,Starter Pack,Company_591,closed-won,2024-09-09,2024-10-07,16065.98
OPP_10500,James Wu,Starter Pack,Company_672,closed-lost,2024-07-24,2024-08-22,
OPP_10501,Lisa Park,Starter Pack,Company_867,closed-lost,2024-05-08,2024-06-03,
OPP_10502,Mike Torres,Analytics Pro,Company_865,closed-won,2023-01-01,2023-02-23,60224.08
OPP_10503,Carlos Webb,Starter Pack,Company_780,closed-lost,2023-04-19,2023-05-27,
OPP_10504,Anita Rao,Enterprise Suite,Company_231,closed-won,2023-04-13,2023-07-28,219840.39
OPP_10505,Ryan Osei,Enterprise Suite,Company_997,closed-lost,2023-11-20,2023-12-15,
OPP_10506,Sarah Chen,Enterprise Suite,Company_951,closed-lost,2024-10-20,2025-02-14,
OPP_10507,Anita Rao,Starter Pack,Company_184,closed-won,2023-11-28,2024-01-02,14158.46
OPP_10508,Anita Rao,Enterprise Suite,Company_780,closed-lost,2023-04-15,2023-07-23,
OPP_10509,Anita Rao,Analytics Pro,Company_359,closed-lost,2023-07-29,2023-09-07,
OPP_10510,Sarah Chen,Starter Pack,Company_890,closed-won,2024-09-20,2024-10-21,7500.0
OPP_10511,Priya Nair,Enterprise Suite,Company_673,closed-lost,2023-11-07,2023-12-08,
OPP_10512,Ryan Osei,Starter Pack,,closed-lost,2023-10-06,2023-11-03,
OPP_10513,Sarah Chen,Starter Pack,Company_764,closed-won,2023-04-17,2023-05-05,19595.77
OPP_10514,James Wu,Analytics Pro,Company_429,closed-lost,2024-09-25,2024-11-15,
OPP_10515,Lisa Park,Analytics Pro,Company_161,closed-lost,2023-07-14,2023-08-17,
OPP_10516,Carlos Webb,Analytics Pro,Company_738,closed-won,2023-04-28,2023-06-28,51201.18
OPP_10517,Carlos Webb,Enterprise Suite,Company_610,closed-won,2023-07-15,2023-10-19,125000.0
OPP_10518,Mike Torres,Starter Pack,Company_159,closed-won,2024-02-23,2024-03-21,20551.51
OPP_10519,Priya Nair,Enterprise Suite,Company_50,closed-lost,2023-11-21,2024-02-27,
OPP_10520,Mike Torres,Analytics Pro,Company_453,closed-won,2024-04-30,2024-06-01,61360.92
OPP_10521,Ryan Osei,Analytics Pro,Company_621,closed-won,2024-01-11,2024-03-02,53285.68
OPP_10522,Lisa Park,Analytics Pro,,closed-lost,2023-12-29,2024-02-08,
OPP_10523,James Wu,Enterprise Suite,,closed-won,2024-06-25,2024-09-10,335671.62
OPP_10524,Carlos Webb,Analytics Pro,Company_113,closed-lost,2023-05-04,2023-06-12,
OPP_10525,Anita Rao,Enterprise Suite,Company_694,closed-lost,2023-07-20,2023-10-31,
OPP_10526,Lisa Park,Enterprise Suite,Company_683,closed-lost,2023-10-05,2024-01-07,
OPP_10527,Anita Rao,Starter Pack,Company_225,closed-lost,2024-11-04,2024-11-27,
OPP_10528,Ryan Osei,Enterprise Suite,Company_56,closed-won,2024-07-07,2024-10-30,412663.5
OPP_10529,Sarah Chen,Starter Pack,Company_308,closed-lost,2024-06-16,2024-06-26,
OPP_10530,James Wu,Starter Pack,Company_782,closed-lost,2024-08-26,2024-09-19,
OPP_10531,Anita Rao,Analytics Pro,Company_335,closed-lost,2024-05-23,2024-07-11,
OPP_10532,Mike Torres,Starter Pack,Company_509,closed-won,2024-10-25,2024-11-19,8620.84
OPP_10533,Ryan Osei,Starter Pack,Company_132,closed-lost,2023-10-11,2023-11-17,
OPP_10534,Ryan Osei,Enterprise Suite,,closed-won,2023-03-05,2023-07-19,206364.32
OPP_10535,James Wu,Enterprise Suite,Company_572,closed-lost,2024-01-30,2024-05-03,
OPP_10536,Carlos Webb,Starter Pack,Company_406,closed-won,2024-07-11,2024-07-31,15144.38
OPP_10537,Sarah Chen,Analytics Pro,Company_19,closed-won,2024-08-04,2024-10-06,64596.81
OPP_10538,Lisa Park,Starter Pack,Company_882,closed-lost,2024-02-03,2024-03-01,
OPP_10539,Carlos Webb,Enterprise Suite,Company_439,closed-lost,2024-04-09,2024-07-06,
OPP_10540,Ryan Osei,Enterprise Suite,Company_655,closed-lost,2024-11-17,2025-03-03,
OPP_10541,Ryan Osei,Analytics Pro,Company_117,closed-lost,2023-02-17,2023-03-13,
OPP_10542,Ryan Osei,Starter Pack,Company_989,closed-won,2023-05-27,2023-07-04,18945.67
OPP_10543,Carlos Webb,Starter Pack,Company_820,closed-lost,2023-01-22,2023-03-02,
OPP_10544,Lisa Park,Enterprise Suite,Company_941,closed-lost,2023-11-16,2024-01-03,
OPP_10545,Carlos Webb,Starter Pack,Company_447,closed-lost,2024-10-25,2024-12-11,
OPP_10546,Mike Torres,Starter Pack,,closed-won,2023-06-12,2023-07-20,18625.48
OPP_10547,Ryan Osei,Enterprise Suite,Company_80,closed-won,2023-01-01,2023-04-15,288876.98
OPP_10548,Ryan Osei,Analytics Pro,Company_763,closed-won,2023-09-14,2023-11-14,42696.38
OPP_10549,Carlos Webb,Starter Pack,Company_341,closed-lost,2024-01-19,2024-03-10,
OPP_10550,Priya Nair,Starter Pack,Company_522,closed-lost,2024-11-15,2024-12-18,
OPP_10551,Mike Torres,Enterprise Suite,Company_522,closed-lost,2024-10-18,2025-02-04,
OPP_10552,James Wu,Analytics Pro,Company_359,closed-won,2023-07-07,2023-09-04,73535.68
OPP_10553,Priya Nair,Starter Pack,Company_105,closed-won,2024-05-22,2024-07-01,12653.63
OPP_10554,Priya Nair,Analytics Pro,Company_202,closed-lost,2024-09-21,2024-10-12,
OPP_10555,Priya Nair,Enterprise Suite,,closed-lost,2023-08-21,2024-01-02,
OPP_10556,Mike Torres,Starter Pack,Company_974,closed-lost,2023-01-31,2023-02-05,
OPP_10557,Lisa Park,Analytics Pro,Company_772,closed-lost,2023-01-10,2023-03-26,
OPP_10558,Lisa Park,Enterprise Suite,,closed-lost,2023-01-14,2023-03-21,
OPP_10559,Carlos Webb,Enterprise Suite,Company_323,closed-lost,2023-01-22,2023-04-01,
OPP_10560,Priya Nair,Analytics Pro,Company_69,closed-won,2023-10-17,2023-11-23,57285.32
OPP_10561,Lisa Park,Analytics Pro,Company_646,closed-won,2024-07-14,2024-08-28,50081.58
OPP_10562,Anita Rao,Analytics Pro,Company_605,closed-won,2024-01-25,2024-02-26,71883.82
OPP_10563,Sarah Chen,Analytics Pro,Company_519,closed-lost,2024-10-12,2024-11-28,
OPP_10564,Mike Torres,Analytics Pro,Company_472,closed-lost,2024-11-04,2024-12-09,
OPP_10565,Lisa Park,Starter Pack,Company_58,closed-lost,2023-05-21,2023-06-08,
OPP_10566,Carlos Webb,Analytics Pro,Company_78,closed-lost,2024-11-21,2024-12-27,
OPP_10567,Mike Torres,Enterprise Suite,Company_608,closed-won,2024-09-23,2025-01-03,236519.47
OPP_10568,Ryan Osei,Analytics Pro,,closed-lost,2024-06-19,2024-08-04,
OPP_10569,Sarah Chen,Analytics Pro,Company_930,closed-won,2024-08-28,2024-11-14,48845.78
OPP_10570,James Wu,Analytics Pro,Company_619,closed-lost,2023-10-20,2023-11-27,
OPP_10571,Lisa Park,Enterprise Suite,Company_154,closed-won,2024-06-23,2024-10-24,351655.97
OPP_10572,Sarah Chen,Analytics Pro,Company_105,closed-lost,2024-03-30,2024-06-01,
OPP_10573,Carlos Webb,Enterprise Suite,,closed-lost,2023-01-31,2023-05-29,
OPP_10574,Priya Nair,Starter Pack,Company_253,closed-lost,2023-04-10,2023-04-24,
OPP_10575,Lisa Park,Analytics Pro,Company_536,closed-won,2023-09-20,2023-11-06,
OPP_10576,Priya Nair,Analytics Pro,Company_381,closed-won,2024-03-13,2024-04-29,70031.28
OPP_10577,Anita Rao,Analytics Pro,Company_418,closed-lost,2023-02-23,2023-04-20,
OPP_10578,Carlos Webb,Enterprise Suite,Company_612,closed-lost,2024-07-11,2024-10-14,
OPP_10579,Sarah Chen,Enterprise Suite,Company_662,closed-lost,2024-11-05,2025-02-26,
OPP_10580,Carlos Webb,Starter Pack,Company_337,closed-lost,2023-07-01,2023-08-06,
OPP_10581,Mike Torres,Enterprise Suite,Company_694,closed-lost,2024-01-13,2024-03-07,
OPP_10582,Ryan Osei,Analytics Pro,Company_258,closed-won,2023-06-05,2023-07-13,49958.89
OPP_10583,Priya Nair,Analytics Pro,Company_83,closed-won,2024-05-16,2024-07-02,56527.84
OPP_10584,Priya Nair,Analytics Pro,Company_317,closed-lost,2024-09-29,2024-12-11,
OPP_10585,Ryan Osei,Starter Pack,Company_609,closed-lost,2024-10-08,2024-11-12,
OPP_10586,Mike Torres,Analytics Pro,Company_572,closed-won,2023-08-13,2023-09-12,45006.42
OPP_10587,Ryan Osei,Enterprise Suite,Company_810,closed-won,2023-02-28,2023-05-23,241739.62
OPP_10588,Carlos Webb,Starter Pack,Company_686,closed-won,2023-03-20,2023-04-27,23863.96
OPP_10589,Mike Torres,Enterprise Suite,Company_686,closed-lost,2023-04-14,2023-07-19,
OPP_10590,Ryan Osei,Enterprise Suite,Company_370,closed-lost,2024-06-23,2024-10-09,
OPP_10591,Sarah Chen,Analytics Pro,Company_316,closed-lost,2023-07-18,2023-08-17,
OPP_10592,Priya Nair,Starter Pack,Company_349,closed-won,2023-10-28,2023-11-27,20614.32
OPP_10593,Lisa Park,Starter Pack,Company_231,closed-lost,2024-11-17,2024-12-14,
OPP_10594,Priya Nair,Starter Pack,Company_79,closed-won,2024-07-12,2024-08-22,20569.74
OPP_10595,Anita Rao,Starter Pack,Company_519,closed-won,2023-01-05,2023-02-03,7500.0
OPP_10596,Sarah Chen,Enterprise Suite,Company_344,closed-lost,2023-01-15,2023-05-04,
OPP_10597,Priya Nair,Enterprise Suite,,closed-lost,2024-03-21,2024-04-13,
OPP_10598,Priya Nair,Starter Pack,Company_185,closed-won,2023-01-03,2023-01-18,13666.74
OPP_10599,Priya Nair,Enterprise Suite,Company_448,closed-lost,2023-08-23,2023-12-03,
OPP_10600,Sarah Chen,Analytics Pro,Company_373,closed-lost,2023-02-19,2023-04-13,
OPP_10601,James Wu,Analytics Pro,Company_625,closed-lost,2023-09-29,2023-12-17,
OPP_10602,Anita Rao,Enterprise Suite,Company_802,closed-lost,2024-11-29,2025-03-08,
OPP_10603,Lisa Park,Starter Pack,Company_546,closed-lost,2024-08-23,2024-10-05,
OPP_10604,James Wu,Analytics Pro,Company_988,closed-lost,2023-09-02,2023-10-12,
OPP_10605,Lisa Park,Starter Pack,Company_376,closed-lost,2024-05-09,2024-05-23,
OPP_10606,Lisa Park,Analytics Pro,Company_787,closed-won,2024-08-18,2024-10-07,64277.33
OPP_10607,Anita Rao,Analytics Pro,Company_514,closed-lost,2023-09-12,2023-10-16,
OPP_10608,Ryan Osei,Starter Pack,,closed-lost,2023-11-18,2023-12-11,
OPP_10609,James Wu,Enterprise Suite,Company_141,closed-won,2023-06-04,2023-11-03,230237.94
OPP_10610,Anita Rao,Starter Pack,Company_656,closed-won,2023-01-10,2023-01-25,11344.63
OPP_10611,Lisa Park,Analytics Pro,,closed-lost,2024-08-28,2024-10-13,
OPP_10612,Mike Torres,Enterprise Suite,Company_866,closed-lost,2023-01-17,2023-04-29,
OPP_10613,Mike Torres,Analytics Pro,,closed-lost,2023-04-01,2023-05-03,
OPP_10614,Priya Nair,Analytics Pro,Company_460,closed-won,2023-07-12,2023-08-19,65294.78
OPP_10615,Priya Nair,Analytics Pro,Company_93,closed-lost,2024-08-02,2024-10-15,
OPP_10616,James Wu,Analytics Pro,Company_905,closed-won,2023-04-09,2023-05-16,68187.64
OPP_10617,Carlos Webb,Starter Pack,Company_424,closed-lost,2023-06-03,2023-07-17,
OPP_10618,Sarah Chen,Analytics Pro,Company_514,closed-won,2023-03-25,2023-05-15,35117.35
OPP_10619,Carlos Webb,Starter Pack,Company_395,closed-won,2024-07-06,2024-07-19,8094.45
OPP_10620,Mike Torres,Analytics Pro,Company_229,closed-lost,2023-09-28,2023-10-29,
OPP_10621,Sarah Chen,Analytics Pro,Company_953,closed-lost,2023-10-10,2023-12-12,
OPP_10622,Mike Torres,Enterprise Suite,Company_665,closed-lost,2024-06-19,2024-09-18,
OPP_10623,Carlos Webb,Starter Pack,Company_140,closed-won,2024-03-08,2024-04-01,7500.0
OPP_10624,Sarah Chen,Analytics Pro,Company_939,closed-won,2024-08-03,2024-08-14,45252.68
OPP_10625,Lisa Park,Enterprise Suite,Company_851,closed-won,2023-11-22,2024-01-18,163133.99
OPP_10626,Priya Nair,Enterprise Suite,Company_480,closed-lost,2024-05-29,2024-07-29,
OPP_10627,Lisa Park,Enterprise Suite,Company_5,closed-lost,2024-02-24,2024-06-06,
OPP_10628,Mike Torres,Starter Pack,Company_262,closed-won,2023-11-02,2023-11-22,8116.35
OPP_10629,James Wu,Starter Pack,Company_561,closed-won,2023-01-22,2023-03-10,19894.29
OPP_10630,Ryan Osei,Starter Pack,Company_794,closed-won,2024-07-24,2024-08-17,15666.29
OPP_10631,Anita Rao,Starter Pack,Company_308,closed-lost,2024-10-12,2024-10-19,
OPP_10632,Mike Torres,Starter Pack,Company_244,closed-won,2024-07-13,2024-08-21,19016.83
OPP_10633,Ryan Osei,Enterprise Suite,Company_812,closed-won,2023-04-12,2023-08-08,246111.45
OPP_10634,Lisa Park,Starter Pack,Company_113,closed-lost,2023-07-13,2023-08-08,
OPP_10635,Lisa Park,Enterprise Suite,Company_548,closed-won,2023-01-01,2023-03-25,244569.78
OPP_10636,Sarah Chen,Enterprise Suite,Company_527,closed-won,2024-11-11,2025-01-06,334656.56
OPP_10637,James Wu,Enterprise Suite,Company_147,closed-lost,2023-06-24,2023-07-27,
OPP_10638,Anita Rao,Analytics Pro,Company_1,closed-won,2024-04-18,2024-06-12,67736.53
OPP_10639,Carlos Webb,Starter Pack,Company_584,closed-won,2024-01-04,2024-02-07,19451.92
OPP_10640,Ryan Osei,Starter Pack,Company_680,closed-won,2023-06-17,2023-08-04,15199.68
OPP_10641,Mike Torres,Enterprise Suite,Company_998,closed-lost,2024-01-25,2024-04-14,
OPP_10642,Carlos Webb,Starter Pack,Company_976,closed-lost,2023-04-05,2023-04-24,
OPP_10643,Sarah Chen,Analytics Pro,Company_894,closed-lost,2023-11-09,2024-01-04,
OPP_10644,Lisa Park,Starter Pack,,closed-won,2024-03-26,2024-05-01,8865.62
OPP_10645,Ryan Osei,Analytics Pro,Company_259,closed-lost,2023-05-20,2023-07-22,
OPP_10646,Sarah Chen,Analytics Pro,Company_807,closed-won,2023-03-10,2023-04-13,68979.7
OPP_10647,Mike Torres,Analytics Pro,Company_246,closed-won,2024-05-03,2024-07-05,63115.85
OPP_10648,Mike Torres,Enterprise Suite,Company_752,closed-lost,2023-05-21,2023-08-02,
OPP_10649,Carlos Webb,Starter Pack,Company_45,closed-won,2023-08-03,2023-08-28,16301.4
OPP_10650,Carlos Webb,Enterprise Suite,Company_346,closed-lost,2023-01-29,2023-04-23,
OPP_10651,Priya Nair,Enterprise Suite,Company_475,closed-lost,2024-01-27,2024-04-03,
OPP_10652,Lisa Park,Enterprise Suite,Company_186,closed-lost,2024-06-01,2024-08-31,
OPP_10653,Priya Nair,Starter Pack,Company_733,closed-lost,2023-03-23,2023-05-09,
OPP_10654,Lisa Park,Starter Pack,Company_300,closed-won,2023-07-23,2023-08-14,18713.75
OPP_10655,James Wu,Starter Pack,Company_810,closed-lost,2024-08-08,2024-09-09,
OPP_10656,James Wu,Starter Pack,Company_323,closed-won,2023-08-07,2023-09-05,15928.46
OPP_10657,Anita Rao,Enterprise Suite,Company_407,closed-lost,2023-05-28,2023-10-05,
OPP_10658,Lisa Park,Analytics Pro,Company_37,closed-won,2024-02-18,2024-04-17,30174.06
OPP_10659,James Wu,Analytics Pro,Company_365,closed-won,2023-12-18,2024-01-15,
OPP_10660,Sarah Chen,Enterprise Suite,Company_339,closed-lost,2024-05-22,2024-07-20,
OPP_10661,Anita Rao,Starter Pack,Company_818,closed-won,2023-11-11,2023-12-14,23321.59
OPP_10662,Carlos Webb,Analytics Pro,,closed-won,2023-01-25,2023-02-18,78111.79
OPP_10663,Ryan Osei,Enterprise Suite,Company_450,closed-lost,2023-01-07,2023-02-17,
OPP_10664,Ryan Osei,Analytics Pro,Company_997,closed-lost,2024-02-24,2024-04-30,
OPP_10665,Priya Nair,Analytics Pro,Company_708,closed-won,2023-09-19,2023-10-31,59748.1
OPP_10666,Lisa Park,Analytics Pro,Company_946,closed-won,2024-01-02,2024-03-12,47613.31
OPP_10667,Anita Rao,Starter Pack,Company_744,closed-lost,2023-09-05,2023-09-19,
OPP_10668,Ryan Osei,Starter Pack,Company_440,closed-lost,2023-07-31,2023-08-18,
OPP_10669,Priya Nair,Enterprise Suite,Company_300,closed-lost,2023-04-21,2023-06-29,
OPP_10670,Carlos Webb,Starter Pack,Company_81,closed-won,2023-10-23,2023-11-03,22978.05
OPP_10671,Carlos Webb,Enterprise Suite,,closed-lost,2024-08-28,2024-12-08,
OPP_10672,Anita Rao,Analytics Pro,,closed-lost,2023-10-02,2023-11-29,
OPP_10673,Ryan Osei,Starter Pack,Company_706,closed-lost,2024-01-22,2024-02-29,
OPP_10674,Lisa Park,Analytics Pro,Company_457,closed-lost,2024-11-21,2024-12-15,
OPP_10675,Sarah Chen,Enterprise Suite,Company_890,closed-lost,2024-09-10,2024-11-15,
OPP_10676,Carlos Webb,Enterprise Suite,Company_445,closed-lost,2024-11-24,2025-03-23,
OPP_10677,Anita Rao,Enterprise Suite,Company_810,closed-lost,2023-05-03,2023-06-13,
OPP_10678,Sarah Chen,Starter Pack,Company_687,closed-won,2023-09-09,2023-10-05,21983.14
OPP_10679,Ryan Osei,Analytics Pro,Company_525,closed-won,2023-03-04,2023-03-22,55380.83
OPP_10680,Priya Nair,Starter Pack,Company_146,closed-lost,2024-07-26,2024-09-03,
OPP_10681,Lisa Park,Starter Pack,Company_129,closed-won,2023-05-01,2023-05-28,13601.2
OPP_10682,Mike Torres,Starter Pack,Company_797,closed-lost,2024-10-06,2024-11-14,
OPP_10683,Carlos Webb,Analytics Pro,Company_392,closed-won,2024-08-17,2024-09-21,56494.09
OPP_10684,Sarah Chen,Enterprise Suite,Company_157,closed-lost,2024-06-18,2024-09-07,
OPP_10685,Lisa Park,Analytics Pro,Company_380,closed-lost,2023-06-02,2023-07-26,
OPP_10686,Lisa Park,Starter Pack,Company_587,closed-won,2024-01-24,2024-02-23,7500.0
OPP_10687,Priya Nair,Enterprise Suite,Company_375,closed-won,2023-04-07,2023-06-27,212024.18
OPP_10688,Ryan Osei,Analytics Pro,Company_665,closed-lost,2024-02-29,2024-04-27,
OPP_10689,Anita Rao,Starter Pack,Company_983,closed-lost,2024-04-15,2024-05-12,
OPP_10690,Mike Torres,Starter Pack,Company_753,closed-won,2024-04-01,2024-04-21,17673.89
OPP_10691,Priya Nair,Analytics Pro,Company_530,closed-lost,2024-07-11,2024-07-19,
OPP_10692,Ryan Osei,Enterprise Suite,Company_120,closed-won,2023-09-04,2024-01-24,193233.61
OPP_10693,Anita Rao,Analytics Pro,Company_720,closed-lost,2023-04-25,2023-07-15,
OPP_10694,Lisa Park,Starter Pack,Company_626,closed-won,2023-07-25,2023-08-15,10504.44
OPP_10695,Anita Rao,Enterprise Suite,Company_938,closed-lost,2023-04-28,2023-09-27,
OPP_10696,Lisa Park,Starter Pack,Company_125,closed-lost,2024-04-25,2024-05-28,
OPP_10697,Priya Nair,Starter Pack,Company_462,closed-lost,2024-03-24,2024-04-12,
OPP_10698,Priya Nair,Enterprise Suite,Company_455,closed-lost,2023-04-03,2023-07-04,
OPP_10699,Mike Torres,Enterprise Suite,Company_990,closed-lost,2023-11-13,2024-01-29,
OPP_10700,Carlos Webb,Enterprise Suite,Company_355,closed-lost,2023-03-12,2023-05-28,
OPP_10701,Mike Torres,Enterprise Suite,Company_555,closed-won,2023-11-10,2024-02-15,459663.45
OPP_10702,Anita Rao,Analytics Pro,Company_871,closed-lost,2024-09-20,2024-11-13,
OPP_10703,Priya Nair,Enterprise Suite,Company_726,closed-lost,2024-10-29,2025-01-20,
OPP_10704,Priya Nair,Analytics Pro,Company_520,closed-lost,2024-08-20,2024-09-02,
OPP_10705,James Wu,Starter Pack,Company_205,closed-won,2023-07-18,2023-08-20,13511.95
OPP_10706,Priya Nair,Starter Pack,Company_809,closed-lost,2024-03-04,2024-04-02,
OPP_10707,Lisa Park,Starter Pack,Company_369,closed-lost,2023-02-26,2023-04-06,
OPP_10708,Carlos Webb,Analytics Pro,Company_822,closed-lost,2023-10-19,2023-12-20,
OPP_10709,Priya Nair,Enterprise Suite,Company_905,closed-lost,2023-03-23,2023-06-06,
OPP_10710,Mike Torres,Starter Pack,Company_316,closed-won,2023-08-09,2023-09-14,8728.51
OPP_10711,Ryan Osei,Enterprise Suite,Company_736,closed-lost,2023-02-28,2023-04-15,
OPP_10712,Lisa Park,Enterprise Suite,Company_420,closed-lost,2023-05-02,2023-07-25,
OPP_10713,Ryan Osei,Enterprise Suite,Company_75,closed-lost,2023-03-03,2023-07-14,
OPP_10714,Priya Nair,Analytics Pro,Company_657,closed-lost,2024-04-26,2024-05-29,
OPP_10715,Mike Torres,Analytics Pro,Company_477,closed-won,2023-05-16,2023-07-18,96251.61
OPP_10716,Carlos Webb,Starter Pack,Company_899,closed-lost,2024-04-24,2024-05-24,
OPP_10717,Priya Nair,Starter Pack,Company_443,closed-won,2023-02-13,2023-03-20,16482.88
OPP_10718,Sarah Chen,Starter Pack,Company_530,closed-won,2024-02-05,2024-02-22,24949.05
OPP_10719,Priya Nair,Analytics Pro,Company_168,closed-won,2024-05-04,2024-07-04,82139.6
OPP_10720,Priya Nair,Analytics Pro,Company_957,closed-lost,2023-02-23,2023-03-21,
OPP_10721,James Wu,Analytics Pro,Company_970,closed-won,2023-08-25,2023-10-21,52648.87
OPP_10722,Anita Rao,Starter Pack,Company_256,closed-lost,2023-10-27,2023-12-12,
OPP_10723,James Wu,Enterprise Suite,Company_979,closed-lost,2023-06-27,2023-09-12,
OPP_10724,Anita Rao,Starter Pack,Company_640,closed-won,2024-01-04,2024-01-23,15859.2
OPP_10725,Anita Rao,Enterprise Suite,Company_546,closed-lost,2023-05-09,2023-08-02,
OPP_10726,Mike Torres,Enterprise Suite,Company_656,closed-won,2024-09-13,2024-10-27,299429.98
OPP_10727,Priya Nair,Enterprise Suite,Company_964,closed-lost,2024-03-12,2024-06-28,
OPP_10728,Priya Nair,Starter Pack,Company_674,closed-won,2023-12-06,2024-01-13,14053.02
OPP_10729,Carlos Webb,Enterprise Suite,Company_42,closed-won,2024-06-17,2024-09-05,289323.37
OPP_10730,Sarah Chen,Starter Pack,Company_46,closed-lost,2024-05-31,2024-07-03,
OPP_10731,Anita Rao,Enterprise Suite,Company_215,closed-lost,2023-08-05,2023-10-25,
OPP_10732,Ryan Osei,Enterprise Suite,Company_654,closed-lost,2023-08-18,2023-11-04,
OPP_10733,Sarah Chen,Analytics Pro,Company_910,closed-lost,2024-07-03,2024-08-04,
OPP_10734,Anita Rao,Enterprise Suite,Company_979,closed-lost,2024-04-02,2024-06-25,
OPP_10735,Anita Rao,Analytics Pro,Company_250,closed-won,2024-02-04,2024-03-16,73221.96
OPP_10736,Ryan Osei,Analytics Pro,Company_464,closed-lost,2024-05-22,2024-07-15,
OPP_10737,Mike Torres,Enterprise Suite,,closed-won,2023-12-22,2024-04-01,337278.43
OPP_10738,Priya Nair,Analytics Pro,Company_425,closed-lost,2023-12-21,2024-02-13,
OPP_10739,Lisa Park,Analytics Pro,Company_208,closed-lost,2023-12-05,2024-01-19,
OPP_10740,Carlos Webb,Enterprise Suite,Company_147,closed-lost,2024-11-13,2025-02-23,
OPP_10741,Carlos Webb,Enterprise Suite,Company_326,closed-lost,2023-02-17,2023-05-22,
OPP_10742,Carlos Webb,Analytics Pro,Company_133,closed-won,2024-11-25,2025-01-29,50484.46
OPP_10743,Carlos Webb,Enterprise Suite,Company_575,closed-lost,2023-04-23,2023-07-22,
OPP_10744,Mike Torres,Analytics Pro,Company_247,closed-won,2023-10-15,2023-12-16,72566.81
OPP_10745,Lisa Park,Starter Pack,Company_273,closed-won,2024-04-15,2024-05-21,15888.89
OPP_10746,Lisa Park,Starter Pack,Company_144,closed-won,2023-07-01,2023-08-04,9890.13
OPP_10747,Mike Torres,Starter Pack,Company_297,closed-won,2023-09-17,2023-10-13,8395.88
OPP_10748,Ryan Osei,Enterprise Suite,Company_428,closed-won,2024-03-05,2024-07-19,318318.08
OPP_10749,James Wu,Starter Pack,Company_833,closed-won,2023-10-23,2023-12-22,16206.61
OPP_10750,Carlos Webb,Enterprise Suite,Company_738,closed-lost,2024-03-13,2024-04-19,
OPP_10751,Carlos Webb,Starter Pack,,closed-lost,2023-05-30,2023-07-01,
OPP_10752,Priya Nair,Analytics Pro,Company_527,closed-lost,2024-03-14,2024-04-11,
OPP_10753,Lisa Park,Analytics Pro,Company_900,closed-lost,2023-02-14,2023-03-15,
OPP_10754,Anita Rao,Analytics Pro,Company_23,closed-won,2023-08-03,2023-09-21,56121.64
OPP_10755,Mike Torres,Analytics Pro,Company_517,closed-won,2023-09-21,2023-10-23,79552.39
OPP_10756,Lisa Park,Starter Pack,Company_220,closed-won,2023-12-16,2024-01-29,16285.65
OPP_10757,Carlos Webb,Starter Pack,Company_51,closed-lost,2023-03-12,2023-04-03,
OPP_10758,Anita Rao,Analytics Pro,Company_611,closed-lost,2023-12-24,2023-12-30,
OPP_10759,Lisa Park,Analytics Pro,Company_549,closed-lost,2024-08-06,2024-09-13,
OPP_10760,Sarah Chen,Starter Pack,Company_441,closed-won,2023-04-20,2023-05-25,
OPP_10761,Priya Nair,Analytics Pro,Company_744,closed-lost,2024-02-24,2024-04-03,
OPP_10762,Carlos Webb,Analytics Pro,Company_374,closed-lost,2023-06-15,2023-07-01,
OPP_10763,Sarah Chen,Analytics Pro,Company_52,closed-lost,2023-10-29,2023-12-16,
OPP_10764,James Wu,Analytics Pro,Company_566,closed-lost,2024-02-28,2024-04-14,
OPP_10765,Anita Rao,Starter Pack,Company_395,closed-lost,2023-03-06,2023-04-14,
OPP_10766,Lisa Park,Enterprise Suite,Company_286,closed-lost,2023-04-16,2023-06-10,
OPP_10767,Mike Torres,Starter Pack,Company_998,closed-lost,2023-03-30,2023-05-10,
OPP_10768,Mike Torres,Analytics Pro,Company_382,closed-won,2024-02-03,2024-04-10,60367.58
OPP_10769,Carlos Webb,Enterprise Suite,Company_961,closed-lost,2023-02-09,2023-04-25,
OPP_10770,Carlos Webb,Starter Pack,Company_203,closed-lost,2023-07-20,2023-08-04,
OPP_10771,Ryan Osei,Enterprise Suite,Company_41,closed-won,2023-11-23,2024-02-13,192888.72
OPP_10772,Sarah Chen,Starter Pack,Company_140,closed-won,2023-08-12,2023-09-13,8724.46
OPP_10773,Carlos Webb,Analytics Pro,Company_531,closed-won,2023-07-07,2023-08-18,27500.0
OPP_10774,Lisa Park,Starter Pack,Company_620,closed-won,2024-11-02,2024-12-04,13901.25
OPP_10775,Priya Nair,Analytics Pro,Company_953,closed-won,2024-10-04,2024-11-11,38427.06
OPP_10776,Carlos Webb,Starter Pack,Company_402,closed-won,2023-07-25,2023-09-05,10615.04
OPP_10777,Anita Rao,Enterprise Suite,Company_344,closed-lost,2023-12-15,2024-03-28,
OPP_10778,Lisa Park,Enterprise Suite,Company_576,closed-won,2023-10-14,2024-01-02,273694.78
OPP_10779,Anita Rao,Analytics Pro,Company_835,closed-lost,2023-10-03,2023-11-05,
OPP_10780,Sarah Chen,Analytics Pro,Company_339,closed-won,2023-09-30,2023-11-16,63620.52
OPP_10781,Mike Torres,Analytics Pro,Company_597,closed-won,2023-11-11,2023-12-23,78865.29
OPP_10782,Anita Rao,Enterprise Suite,Company_893,closed-lost,2023-09-29,2023-12-30,
OPP_10783,Sarah Chen,Enterprise Suite,Company_485,closed-lost,2023-10-13,2023-12-26,
OPP_10784,Anita Rao,Enterprise Suite,Company_801,closed-lost,2023-04-04,2023-08-05,
OPP_10785,James Wu,Enterprise Suite,Company_52,closed-lost,2024-09-15,2025-02-24,
OPP_10786,Lisa Park,Starter Pack,Company_536,closed-won,2023-07-20,2023-08-14,16572.24
OPP_10787,Ryan Osei,Starter Pack,Company_841,closed-won,2024-01-19,2024-02-12,13562.76
OPP_10788,James Wu,Starter Pack,Company_586,closed-won,2023-04-08,2023-05-03,7500.0
OPP_10789,Mike Torres,Starter Pack,Company_19,closed-won,2023-08-25,2023-09-15,12919.03
OPP_10790,Lisa Park,Analytics Pro,Company_428,closed-won,2023-08-20,2023-10-05,45347.04
OPP_10791,Priya Nair,Analytics Pro,Company_707,closed-lost,2023-09-30,2023-10-23,
OPP_10792,James Wu,Analytics Pro,Company_513,closed-won,2024-02-28,2024-04-23,78007.82
OPP_10793,Lisa Park,Enterprise Suite,Company_744,closed-lost,2023-08-15,2023-10-14,
OPP_10794,Sarah Chen,Enterprise Suite,Company_141,closed-lost,2024-03-25,2024-06-19,
OPP_10795,James Wu,Enterprise Suite,Company_332,closed-lost,2023-09-30,2023-12-10,
OPP_10796,Lisa Park,Enterprise Suite,Company_385,closed-lost,2024-07-03,2024-10-10,
OPP_10797,Carlos Webb,Starter Pack,,closed-lost,2023-08-06,2023-08-30,
OPP_10798,Carlos Webb,Enterprise Suite,Company_362,closed-lost,2024-07-23,2024-11-16,
OPP_10799,Anita Rao,Enterprise Suite,Company_495,closed-lost,2024-05-08,2024-07-15,
OPP_10800,James Wu,Starter Pack,Company_285,closed-won,2024-11-26,2024-12-17,8743.11
OPP_10801,Anita Rao,Starter Pack,Company_964,closed-won,2024-08-31,2024-09-28,9523.0
OPP_10802,Anita Rao,Analytics Pro,Company_721,closed-lost,2024-10-15,2024-12-02,
OPP_10803,James Wu,Enterprise Suite,Company_721,closed-lost,2023-12-26,2024-02-25,
OPP_10804,Lisa Park,Analytics Pro,Company_491,closed-lost,2023-06-11,2023-08-14,
OPP_10805,Carlos Webb,Enterprise Suite,Company_956,closed-lost,2023-05-12,2023-07-07,
OPP_10806,Anita Rao,Analytics Pro,Company_124,closed-lost,2024-08-23,2024-10-09,
OPP_10807,Ryan Osei,Analytics Pro,Company_838,closed-lost,2024-03-08,2024-04-21,
OPP_10808,Carlos Webb,Starter Pack,Company_297,closed-lost,2023-10-21,2023-11-27,
OPP_10809,Sarah Chen,Analytics Pro,Company_978,closed-lost,2023-03-11,2023-05-13,
OPP_10810,Mike Torres,Analytics Pro,Company_946,closed-lost,2023-04-01,2023-05-19,
OPP_10811,Lisa Park,Enterprise Suite,Company_262,closed-lost,2024-10-24,2025-03-04,
OPP_10812,Lisa Park,Starter Pack,Company_206,closed-won,2023-06-29,2023-08-02,17531.83
OPP_10813,Anita Rao,Enterprise Suite,Company_712,closed-lost,2023-01-05,2023-03-28,
OPP_10814,Anita Rao,Starter Pack,Company_111,closed-lost,2023-07-16,2023-08-08,
OPP_10815,James Wu,Starter Pack,Company_51,closed-won,2024-11-30,2025-01-02,16464.94
OPP_10816,James Wu,Enterprise Suite,Company_238,closed-won,2024-03-20,2024-07-29,221496.78
OPP_10817,Sarah Chen,Starter Pack,Company_423,closed-won,2024-09-06,2024-10-10,12931.97
OPP_10818,Carlos Webb,Enterprise Suite,Company_483,closed-lost,2024-07-05,2024-08-31,
OPP_10819,Mike Torres,Enterprise Suite,Company_789,closed-won,2024-05-04,2024-08-14,284671.09
OPP_10820,Priya Nair,Starter Pack,Company_987,closed-won,2024-11-08,2024-12-09,15403.53
OPP_10821,Priya Nair,Analytics Pro,Company_668,closed-won,2024-10-14,2024-11-05,27500.0
OPP_10822,Lisa Park,Analytics Pro,Company_666,closed-lost,2023-06-12,2023-07-07,
OPP_10823,James Wu,Analytics Pro,Company_328,closed-won,2024-05-23,2024-06-03,57856.36
OPP_10824,Anita Rao,Enterprise Suite,,closed-lost,2023-08-05,2023-10-28,
OPP_10825,Mike Torres,Enterprise Suite,Company_587,closed-won,2024-01-25,2024-04-28,254264.59
OPP_10826,James Wu,Enterprise Suite,Company_756,closed-lost,2023-09-06,2023-12-10,
OPP_10827,Sarah Chen,Starter Pack,Company_427,closed-won,2024-02-03,2024-03-05,
OPP_10828,Priya Nair,Starter Pack,Company_856,closed-lost,2024-09-03,2024-09-26,
OPP_10829,Ryan Osei,Analytics Pro,Company_190,closed-won,2023-11-23,2024-01-02,
OPP_10830,Anita Rao,Starter Pack,Company_9,closed-won,2023-05-21,2023-07-09,11471.97
OPP_10831,Anita Rao,Enterprise Suite,Company_617,closed-won,2023-07-06,2023-10-06,128615.5
OPP_10832,Mike Torres,Analytics Pro,Company_291,closed-lost,2023-07-13,2023-08-31,
OPP_10833,Lisa Park,Enterprise Suite,Company_556,closed-lost,2023-06-20,2023-08-15,
OPP_10834,Lisa Park,Starter Pack,Company_871,closed-won,2024-08-05,2024-09-18,16011.64
OPP_10835,Lisa Park,Analytics Pro,Company_197,closed-lost,2023-07-16,2023-08-12,
OPP_10836,Mike Torres,Analytics Pro,Company_166,closed-won,2024-01-17,2024-03-04,73822.18
OPP_10837,Lisa Park,Enterprise Suite,Company_263,closed-lost,2024-09-25,2024-12-16,
OPP_10838,Priya Nair,Starter Pack,Company_754,closed-lost,2023-01-06,2023-01-31,
OPP_10839,Carlos Webb,Analytics Pro,Company_581,closed-won,2024-08-30,2024-10-09,57296.84
OPP_10840,James Wu,Starter Pack,Company_625,closed-won,2023-04-16,2023-05-31,11539.24
OPP_10841,Ryan Osei,Analytics Pro,Company_527,closed-lost,2024-02-20,2024-04-13,
OPP_10842,Carlos Webb,Starter Pack,Company_410,closed-lost,2023-05-30,2023-07-07,
OPP_10843,Mike Torres,Starter Pack,Company_143,closed-won,2024-05-29,2024-06-14,14017.39
OPP_10844,Lisa Park,Analytics Pro,Company_958,closed-lost,2023-09-13,2023-10-21,
OPP_10845,James Wu,Starter Pack,,closed-won,2023-09-05,2023-10-08,16257.37
OPP_10846,Ryan Osei,Starter Pack,Company_457,closed-won,2024-05-08,2024-06-04,20243.54
OPP_10847,Anita Rao,Analytics Pro,Company_309,closed-won,2023-04-09,2023-05-07,41575.94
OPP_10848,Sarah Chen,Analytics Pro,Company_669,closed-lost,2024-07-29,2024-09-11,
OPP_10849,Carlos Webb,Enterprise Suite,Company_241,closed-lost,2023-07-06,2023-10-04,
OPP_10850,Sarah Chen,Enterprise Suite,Company_121,closed-won,2024-03-06,2024-05-03,240378.35
OPP_10851,Lisa Park,Analytics Pro,,closed-won,2024-04-18,2024-05-17,69016.42
OPP_10852,Ryan Osei,Enterprise Suite,Company_514,closed-won,2023-09-20,2023-11-15,235306.96
OPP_10853,Anita Rao,Enterprise Suite,Company_120,closed-lost,2024-07-08,2024-09-14,
OPP_10854,Anita Rao,Analytics Pro,Company_629,closed-lost,2024-06-03,2024-07-16,
OPP_10855,James Wu,Starter Pack,Company_980,closed-lost,2023-06-24,2023-06-29,
OPP_10856,Priya Nair,Analytics Pro,Company_156,closed-lost,2023-07-14,2023-09-04,
OPP_10857,Lisa Park,Enterprise Suite,Company_620,closed-lost,2024-04-05,2024-07-22,
OPP_10858,Carlos Webb,Analytics Pro,Company_718,closed-won,2023-10-12,2023-11-13,34816.25
OPP_10859,Lisa Park,Enterprise Suite,Company_821,closed-won,2023-08-12,2023-11-14,375423.69
OPP_10860,James Wu,Starter Pack,Company_696,closed-won,2024-10-14,2024-10-31,9532.82
OPP_10861,Mike Torres,Enterprise Suite,Company_457,closed-lost,2024-07-03,2024-08-27,
OPP_10862,Carlos Webb,Starter Pack,Company_939,closed-won,2023-01-09,2023-02-09,17339.13
OPP_10863,Mike Torres,Starter Pack,Company_848,closed-won,2023-10-05,2023-10-31,13968.43
OPP_10864,James Wu,Enterprise Suite,Company_549,closed-lost,2024-10-10,2025-03-03,
OPP_10865,Priya Nair,Starter Pack,Company_335,closed-lost,2023-12-05,2023-12-14,
OPP_10866,Lisa Park,Starter Pack,Company_696,closed-won,2023-05-24,2023-06-23,11708.55
OPP_10867,James Wu,Enterprise Suite,Company_597,closed-lost,2023-12-07,2024-03-25,
OPP_10868,Lisa Park,Starter Pack,Company_920,closed-lost,2024-01-21,2024-02-12,
OPP_10869,Lisa Park,Starter Pack,Company_464,closed-won,2023-10-23,2023-11-11,13280.12
OPP_10870,Priya Nair,Enterprise Suite,Company_425,closed-lost,2023-04-06,2023-06-03,
OPP_10871,Lisa Park,Enterprise Suite,Company_59,closed-lost,2023-12-27,2024-04-17,
OPP_10872,Lisa Park,Enterprise Suite,Company_826,closed-won,2023-08-25,2023-12-02,182251.92
OPP_10873,Anita Rao,Enterprise Suite,Company_22,closed-lost,2024-04-18,2024-06-17,
OPP_10874,Ryan Osei,Analytics Pro,Company_836,closed-lost,2023-07-20,2023-09-09,
OPP_10875,Sarah Chen,Enterprise Suite,Company_223,closed-lost,2023-02-08,2023-06-21,
OPP_10876,Mike Torres,Starter Pack,Company_433,closed-lost,2024-02-12,2024-03-24,
OPP_10877,Carlos Webb,Enterprise Suite,Company_65,closed-won,2023-07-13,2023-10-16,325033.24
OPP_10878,Sarah Chen,Starter Pack,Company_956,closed-won,2023-05-05,2023-06-02,16881.61
OPP_10879,Lisa Park,Starter Pack,Company_293,closed-won,2023-05-30,2023-06-19,20183.23
OPP_10880,Ryan Osei,Starter Pack,Company_787,closed-lost,2023-07-25,2023-09-01,
OPP_10881,Priya Nair,Enterprise Suite,Company_746,closed-won,2023-05-28,2023-09-02,179514.53
OPP_10882,Ryan Osei,Analytics Pro,Company_912,closed-won,2024-03-27,2024-05-08,39221.28
OPP_10883,Ryan Osei,Analytics Pro,Company_890,closed-won,2024-01-31,2024-02-26,41825.15
OPP_10884,Ryan Osei,Analytics Pro,Company_82,closed-lost,2024-07-09,2024-08-21,
OPP_10885,Priya Nair,Enterprise Suite,Company_880,closed-lost,2023-04-19,2023-06-07,
OPP_10886,Carlos Webb,Starter Pack,Company_182,closed-won,2023-07-25,2023-08-11,11210.72
OPP_10887,Ryan Osei,Enterprise Suite,Company_130,closed-lost,2023-07-09,2023-10-11,
OPP_10888,James Wu,Starter Pack,Company_774,closed-lost,2023-10-18,2023-11-26,
OPP_10889,Sarah Chen,Analytics Pro,Company_474,closed-won,2024-08-29,2024-09-19,50048.2
OPP_10890,Ryan Osei,Enterprise Suite,Company_388,closed-won,2024-08-30,2024-11-27,271979.35
OPP_10891,James Wu,Starter Pack,Company_471,closed-won,2023-02-23,2023-03-28,10911.42
OPP_10892,Carlos Webb,Starter Pack,Company_282,closed-lost,2023-11-22,2023-12-12,
OPP_10893,James Wu,Enterprise Suite,Company_783,closed-won,2023-07-07,2023-11-25,306230.54
OPP_10894,Mike Torres,Starter Pack,Company_828,closed-won,2024-09-12,2024-10-05,18397.56
OPP_10895,Ryan Osei,Enterprise Suite,Company_784,closed-won,2024-03-16,2024-08-15,168819.24
OPP_10896,Sarah Chen,Starter Pack,Company_211,closed-lost,2023-02-12,2023-03-11,
OPP_10897,Mike Torres,Starter Pack,,closed-won,2024-09-18,2024-10-11,15980.66
OPP_10898,Sarah Chen,Analytics Pro,Company_612,closed-won,2024-03-14,2024-05-14,62127.52
OPP_10899,Sarah Chen,Starter Pack,Company_758,closed-won,2024-09-01,2024-09-30,19568.86
OPP_10900,Sarah Chen,Analytics Pro,Company_449,closed-lost,2024-07-30,2024-08-27,
OPP_10901,James Wu,Enterprise Suite,Company_222,closed-won,2024-01-11,2024-05-10,309923.52
OPP_10902,Sarah Chen,Starter Pack,Company_515,closed-won,2024-10-13,2024-11-09,13129.1
OPP_10903,Anita Rao,Starter Pack,Company_835,closed-lost,2024-08-23,2024-09-28,
OPP_10904,Carlos Webb,Enterprise Suite,Company_612,closed-lost,2023-01-07,2023-04-27,
OPP_10905,Carlos Webb,Starter Pack,Company_309,closed-lost,2023-08-03,2023-09-09,
OPP_10906,Priya Nair,Enterprise Suite,Company_533,closed-lost,2023-11-09,2024-02-01,
OPP_10907,James Wu,Analytics Pro,Company_307,closed-won,2023-06-13,2023-07-27,44168.98
OPP_10908,Anita Rao,Starter Pack,Company_570,closed-won,2024-02-18,2024-03-18,22566.72
OPP_10909,Priya Nair,Enterprise Suite,Company_695,closed-lost,2023-09-03,2023-12-07,
OPP_10910,Ryan Osei,Enterprise Suite,Company_507,closed-won,2023-06-18,2023-09-21,125000.0
OPP_10911,Sarah Chen,Analytics Pro,Company_964,closed-won,2023-11-02,2023-12-01,38233.76
OPP_10912,Ryan Osei,Enterprise Suite,Company_326,closed-won,2024-10-05,2025-01-05,195515.59
OPP_10913,Ryan Osei,Analytics Pro,Company_152,closed-won,2024-04-22,2024-06-02,42166.49
OPP_10914,Anita Rao,Analytics Pro,Company_188,closed-lost,2024-09-26,2024-10-24,
OPP_10915,Lisa Park,Starter Pack,Company_869,closed-won,2023-06-05,2023-07-04,14621.67
OPP_10916,James Wu,Analytics Pro,Company_878,closed-won,2023-07-06,2023-07-27,
OPP_10917,Priya Nair,Analytics Pro,Company_936,closed-lost,2024-05-03,2024-06-16,
OPP_10918,Sarah Chen,Enterprise Suite,Company_422,closed-lost,2023-04-18,2023-06-05,
OPP_10919,Ryan Osei,Enterprise Suite,Company_542,closed-lost,2023-09-12,2023-12-24,
OPP_10920,Priya Nair,Analytics Pro,Company_248,closed-lost,2024-08-29,2024-10-18,
OPP_10921,Anita Rao,Starter Pack,Company_338,closed-lost,2023-06-04,2023-07-07,
OPP_10922,Mike Torres,Analytics Pro,Company_867,closed-lost,2023-04-27,2023-05-23,
OPP_10923,Carlos Webb,Starter Pack,Company_548,closed-won,2023-10-01,2023-10-28,19037.22
OPP_10924,James Wu,Starter Pack,Company_274,closed-won,2024-02-25,2024-03-12,15130.64
OPP_10925,Ryan Osei,Enterprise Suite,Company_619,closed-lost,2023-01-22,2023-04-20,
OPP_10926,Sarah Chen,Starter Pack,Company_192,closed-won,2024-05-17,2024-06-21,
OPP_10927,James Wu,Analytics Pro,Company_213,closed-lost,2024-11-09,2024-12-31,
OPP_10928,Carlos Webb,Analytics Pro,Company_979,closed-won,2023-09-22,2023-11-14,57356.63
OPP_10929,Sarah Chen,Starter Pack,Company_959,closed-won,2023-05-03,2023-05-27,12259.17
OPP_10930,James Wu,Enterprise Suite,Company_120,closed-lost,2023-02-04,2023-04-18,
OPP_10931,Lisa Park,Starter Pack,Company_712,closed-won,2023-05-27,2023-07-01,13842.58
OPP_10932,James Wu,Analytics Pro,Company_937,closed-won,2024-03-26,2024-06-04,83459.33
OPP_10933,James Wu,Enterprise Suite,Company_329,closed-won,2024-05-10,2024-07-15,125000.0
OPP_10934,Anita Rao,Analytics Pro,Company_477,closed-lost,2023-09-23,2023-10-30,
OPP_10935,Carlos Webb,Analytics Pro,Company_267,closed-won,2023-11-02,2023-11-22,56794.0
OPP_10936,Carlos Webb,Enterprise Suite,Company_903,closed-won,2023-06-20,2023-10-15,327615.75
OPP_10937,Lisa Park,Analytics Pro,Company_100,closed-lost,2023-11-15,2023-12-13,
OPP_10938,Lisa Park,Analytics Pro,Company_936,closed-won,2023-04-21,2023-06-19,82455.91
OPP_10939,James Wu,Analytics Pro,Company_320,closed-lost,2023-03-09,2023-04-30,
OPP_10940,Ryan Osei,Starter Pack,Company_576,closed-won,2024-03-07,2024-03-26,15690.66
OPP_10941,James Wu,Enterprise Suite,Company_149,closed-lost,2023-03-07,2023-05-26,
OPP_10942,Sarah Chen,Analytics Pro,Company_566,closed-won,2024-08-10,2024-09-10,35317.26
OPP_10943,Ryan Osei,Analytics Pro,Company_156,closed-won,2023-05-27,2023-07-11,32090.56
OPP_10944,James Wu,Analytics Pro,Company_235,closed-won,2024-10-24,2024-12-15,47175.87
OPP_10945,Ryan Osei,Enterprise Suite,Company_853,closed-won,2024-11-29,2024-12-20,274489.66
OPP_10946,James Wu,Analytics Pro,Company_563,closed-lost,2023-06-17,2023-08-08,
OPP_10947,Carlos Webb,Analytics Pro,Company_781,closed-won,2023-11-06,2024-01-09,64496.42
OPP_10948,Lisa Park,Enterprise Suite,Company_657,closed-lost,2024-11-15,2025-01-08,
OPP_10949,Lisa Park,Analytics Pro,Company_172,closed-lost,2023-12-18,2024-01-06,
OPP_10950,Carlos Webb,Starter Pack,Company_143,closed-won,2023-08-13,2023-09-17,12316.38
OPP_10951,Lisa Park,Starter Pack,Company_938,closed-lost,2023-05-15,2023-05-28,
OPP_10952,Sarah Chen,Enterprise Suite,Company_34,closed-lost,2024-10-10,2024-11-30,
OPP_10953,Mike Torres,Enterprise Suite,Company_49,closed-lost,2023-10-23,2023-12-18,
OPP_10954,Sarah Chen,Analytics Pro,Company_140,closed-lost,2023-04-11,2023-05-28,
OPP_10955,James Wu,Starter Pack,Company_724,closed-won,2024-06-20,2024-07-28,14134.23
OPP_10956,Priya Nair,Starter Pack,Company_223,closed-won,2024-07-03,2024-07-26,16028.15
OPP_10957,Lisa Park,Analytics Pro,Company_61,closed-won,2023-08-13,2023-10-09,86808.52
OPP_10958,Lisa Park,Enterprise Suite,Company_499,closed-won,2023-12-10,2024-03-10,
OPP_10959,Sarah Chen,Starter Pack,Company_544,closed-lost,2023-08-09,2023-09-23,
OPP_10960,Ryan Osei,Starter Pack,Company_17,closed-won,2024-05-13,2024-06-02,12570.69
OPP_10961,Anita Rao,Enterprise Suite,Company_293,closed-lost,2024-03-14,2024-04-12,
OPP_10962,Sarah Chen,Enterprise Suite,Company_832,closed-won,2023-01-21,2023-03-15,130868.29
OPP_10963,Ryan Osei,Starter Pack,Company_109,closed-won,2024-08-22,2024-10-04,20912.83
OPP_10964,Mike Torres,Enterprise Suite,Company_152,closed-lost,2023-05-17,2023-07-18,
OPP_10965,James Wu,Starter Pack,Company_634,closed-won,2023-03-10,2023-03-25,17398.4
OPP_10966,Anita Rao,Analytics Pro,Company_273,closed-lost,2024-09-12,2024-11-05,
OPP_10967,Ryan Osei,Starter Pack,Company_382,closed-won,2024-05-10,2024-05-21,9706.95
OPP_10968,Ryan Osei,Analytics Pro,Company_578,closed-won,2024-05-22,2024-07-17,34756.36
OPP_10969,James Wu,Enterprise Suite,Company_231,closed-won,2024-05-01,2024-06-13,138496.53
OPP_10970,Anita Rao,Enterprise Suite,Company_847,closed-lost,2023-07-16,2023-11-14,
OPP_10971,Mike Torres,Enterprise Suite,Company_878,closed-lost,2023-07-02,2023-09-05,
OPP_10972,Sarah Chen,Starter Pack,Company_415,closed-won,2023-04-16,2023-05-29,11765.27
OPP_10973,Ryan Osei,Analytics Pro,Company_565,closed-won,2023-11-21,2023-12-12,45508.67
OPP_10974,Lisa Park,Starter Pack,Company_652,closed-won,2024-01-02,2024-02-06,12249.31
OPP_10975,Sarah Chen,Enterprise Suite,Company_175,closed-lost,2024-04-11,2024-05-25,
OPP_10976,Mike Torres,Analytics Pro,Company_865,closed-lost,2023-05-24,2023-07-03,
OPP_10977,Ryan Osei,Enterprise Suite,Company_803,closed-lost,2024-08-14,2024-10-31,
OPP_10978,Carlos Webb,Enterprise Suite,Company_878,closed-lost,2023-01-07,2023-03-21,
OPP_10979,Mike Torres,Enterprise Suite,Company_941,closed-lost,2023-08-03,2023-10-20,
OPP_10980,Sarah Chen,Starter Pack,Company_216,closed-lost,2024-11-16,2024-12-05,
OPP_10981,Lisa Park,Analytics Pro,Company_47,closed-won,2024-04-26,2024-05-28,53361.51
OPP_10982,Mike Torres,Enterprise Suite,Company_947,closed-lost,2024-07-19,2024-11-09,
OPP_10983,Anita Rao,Enterprise Suite,,closed-won,2023-04-22,2023-07-08,332356.6
OPP_10984,Sarah Chen,Starter Pack,Company_951,closed-won,2023-11-08,2023-12-22,21657.94
OPP_10985,Carlos Webb,Starter Pack,Company_984,closed-lost,2023-08-25,2023-09-22,
OPP_10986,James Wu,Enterprise Suite,Company_147,closed-lost,2023-08-18,2023-12-15,
OPP_10987,Ryan Osei,Starter Pack,Company_306,closed-lost,2024-07-28,2024-09-14,
OPP_10988,Priya Nair,Enterprise Suite,Company_246,closed-lost,2024-03-07,2024-06-16,
OPP_10989,Ryan Osei,Enterprise Suite,Company_918,closed-lost,2024-03-21,2024-04-08,
OPP_10990,Carlos Webb,Analytics Pro,Company_773,closed-lost,2023-11-13,2023-12-23,
OPP_10991,Priya Nair,Enterprise Suite,Company_741,closed-lost,2024-10-24,2025-02-17,
OPP_10992,Mike Torres,Enterprise Suite,Company_763,closed-lost,2023-03-20,2023-06-23,
OPP_10993,Carlos Webb,Starter Pack,Company_100,closed-won,2024-08-13,2024-09-04,17120.33
OPP_10994,Ryan Osei,Starter Pack,Company_858,closed-won,2024-03-21,2024-04-07,15540.0
OPP_10995,Mike Torres,Analytics Pro,,closed-won,2023-03-23,2023-05-04,37933.93
OPP_10996,Ryan Osei,Analytics Pro,,closed-won,2024-01-27,2024-02-01,34043.97
OPP_10997,Anita Rao,Analytics Pro,Company_502,closed-lost,2024-08-23,2024-11-02,
OPP_10998,James Wu,Analytics Pro,Company_566,closed-lost,2023-01-22,2023-02-28,
OPP_10999,Ryan Osei,Analytics Pro,Company_190,closed-won,2024-09-16,2024-10-20,58034.9
OPP_11000,Ryan Osei,Starter Pack,Company_790,closed-won,2024-01-25,2024-02-19,18403.83
OPP_11001,Anita Rao,Starter Pack,Company_730,closed-won,2024-03-23,2024-04-20,7954.47
OPP_11002,Mike Torres,Starter Pack,Company_274,closed-won,2023-09-22,2023-10-03,15538.52
OPP_11003,Priya Nair,Analytics Pro,Company_728,closed-lost,2024-11-04,2024-12-14,
OPP_11004,Priya Nair,Enterprise Suite,Company_398,closed-lost,2023-04-07,2023-08-08,
OPP_11005,Carlos Webb,Analytics Pro,Company_109,closed-lost,2023-10-10,2023-11-01,
OPP_11006,Mike Torres,Starter Pack,Company_965,closed-won,2023-04-15,2023-05-16,18813.35
OPP_11007,Anita Rao,Analytics Pro,Company_368,closed-won,2024-04-16,2024-06-18,48276.63
OPP_11008,Anita Rao,Starter Pack,Company_135,closed-won,2023-04-23,2023-05-16,16386.79
OPP_11009,Mike Torres,Starter Pack,Company_441,closed-won,2023-09-05,2023-09-18,
OPP_11010,Lisa Park,Enterprise Suite,Company_568,closed-lost,2024-05-20,2024-08-18,
OPP_11011,Ryan Osei,Starter Pack,Company_26,closed-lost,2023-12-29,2024-01-10,
OPP_11012,Mike Torres,Analytics Pro,Company_567,closed-lost,2024-03-06,2024-04-12,
OPP_11013,Mike Torres,Enterprise Suite,Company_612,closed-won,2023-05-08,2023-07-03,195798.63
OPP_11014,Carlos Webb,Analytics Pro,Company_12,closed-lost,2024-09-02,2024-10-22,
OPP_11015,Anita Rao,Analytics Pro,Company_397,closed-lost,2023-05-06,2023-06-09,
OPP_11016,Mike Torres,Enterprise Suite,Company_922,closed-lost,2024-06-26,2024-10-27,
OPP_11017,James Wu,Enterprise Suite,Company_533,closed-lost,2023-07-26,2023-11-02,
OPP_11018,Priya Nair,Enterprise Suite,Company_389,closed-lost,2024-07-22,2024-10-25,
OPP_11019,Priya Nair,Starter Pack,Company_275,closed-lost,2023-11-17,2023-12-22,
OPP_11020,Anita Rao,Analytics Pro,Company_504,closed-lost,2024-05-06,2024-05-28,
OPP_11021,Priya Nair,Starter Pack,Company_171,closed-lost,2023-03-06,2023-04-01,
OPP_11022,Ryan Osei,Analytics Pro,Company_431,closed-lost,2024-11-29,2025-01-03,
OPP_11023,Anita Rao,Analytics Pro,Company_801,closed-lost,2023-06-11,2023-08-08,
OPP_11024,Mike Torres,Analytics Pro,Company_257,closed-lost,2023-11-23,2023-12-23,
OPP_11025,James Wu,Enterprise Suite,Company_640,closed-lost,2023-03-22,2023-07-09,
OPP_11026,Lisa Park,Enterprise Suite,Company_631,closed-lost,2023-12-06,2024-02-26,
OPP_11027,James Wu,Analytics Pro,Company_109,closed-lost,2023-07-30,2023-09-05,
OPP_11028,Priya Nair,Analytics Pro,Company_6,closed-won,2024-02-14,2024-04-12,70902.22
OPP_11029,Ryan Osei,Analytics Pro,Company_861,closed-won,2024-07-20,2024-08-31,49001.51
OPP_11030,Ryan Osei,Analytics Pro,Company_450,closed-lost,2024-08-21,2024-08-30,
OPP_11031,Carlos Webb,Analytics Pro,Company_835,closed-lost,2024-06-30,2024-08-08,
OPP_11032,Priya Nair,Analytics Pro,Company_328,closed-lost,2023-06-18,2023-08-12,
OPP_11033,James Wu,Analytics Pro,Company_321,closed-lost,2023-10-14,2023-11-24,
OPP_11034,Priya Nair,Analytics Pro,Company_991,closed-lost,2023-09-27,2023-11-13,
OPP_11035,Carlos Webb,Analytics Pro,Company_752,closed-lost,2023-03-31,2023-05-08,
OPP_11036,Lisa Park,Enterprise Suite,Company_800,closed-lost,2023-07-28,2023-10-28,
OPP_11037,James Wu,Analytics Pro,Company_385,closed-lost,2023-02-25,2023-05-05,
OPP_11038,Anita Rao,Analytics Pro,Company_373,closed-won,2023-10-11,2023-12-16,52823.85
OPP_11039,Mike Torres,Enterprise Suite,Company_204,closed-lost,2023-05-10,2023-05-29,
OPP_11040,Priya Nair,Enterprise Suite,Company_786,closed-lost,2024-08-23,2024-12-25,
OPP_11041,Sarah Chen,Enterprise Suite,Company_472,closed-won,2023-04-11,2023-07-02,135691.42
OPP_11042,James Wu,Analytics Pro,Company_816,closed-won,2024-08-31,2024-09-29,54318.03
OPP_11043,Anita Rao,Enterprise Suite,Company_70,closed-lost,2024-10-10,2024-12-29,
OPP_11044,Ryan Osei,Enterprise Suite,Company_511,closed-lost,2023-04-04,2023-06-08,
OPP_11045,Priya Nair,Enterprise Suite,Company_310,closed-lost,2024-11-25,2025-02-16,
OPP_11046,James Wu,Analytics Pro,Company_674,closed-lost,2024-07-07,2024-07-29,
OPP_11047,Priya Nair,Enterprise Suite,Company_433,closed-won,2023-05-12,2023-08-17,230773.74
OPP_11048,Ryan Osei,Starter Pack,,closed-lost,2023-09-04,2023-10-02,
OPP_11049,Lisa Park,Enterprise Suite,Company_410,closed-won,2023-06-03,2023-10-04,283447.89
OPP_11050,Ryan Osei,Enterprise Suite,Company_37,closed-lost,2023-05-11,2023-08-01,
OPP_11051,Carlos Webb,Enterprise Suite,Company_916,closed-lost,2024-08-10,2024-12-10,
OPP_11052,Mike Torres,Starter Pack,Company_787,closed-won,2024-07-20,2024-09-01,12167.16
OPP_11053,James Wu,Enterprise Suite,Company_680,closed-won,2023-05-09,2023-09-26,174595.36
OPP_11054,Carlos Webb,Starter Pack,Company_662,closed-lost,2024-03-17,2024-05-10,
OPP_11055,Sarah Chen,Enterprise Suite,Company_660,closed-lost,2023-05-28,2023-08-03,
OPP_11056,Ryan Osei,Analytics Pro,Company_988,closed-won,2023-03-31,2023-06-21,42338.25
OPP_11057,Ryan Osei,Starter Pack,Company_10,closed-lost,2023-03-09,2023-04-07,
OPP_11058,Mike Torres,Analytics Pro,Company_227,closed-won,2023-10-13,2023-11-27,63238.23
OPP_11059,James Wu,Analytics Pro,Company_383,closed-won,2024-08-12,2024-09-01,66290.23
OPP_11060,Ryan Osei,Analytics Pro,Company_790,closed-won,2023-09-11,2023-11-04,61509.85
OPP_11061,Priya Nair,Analytics Pro,Company_25,closed-lost,2024-07-11,2024-09-03,
OPP_11062,Lisa Park,Starter Pack,Company_302,closed-lost,2024-09-03,2024-09-25,
OPP_11063,Ryan Osei,Starter Pack,,closed-lost,2023-08-26,2023-09-17,
OPP_11064,Priya Nair,Analytics Pro,Company_319,closed-lost,2024-01-08,2024-01-17,
OPP_11065,Carlos Webb,Analytics Pro,Company_803,closed-won,2023-03-25,2023-05-15,36877.32
OPP_11066,James Wu,Enterprise Suite,Company_494,closed-lost,2024-06-18,2024-09-20,
OPP_11067,Carlos Webb,Analytics Pro,Company_99,closed-lost,2023-05-29,2023-07-19,
OPP_11068,Lisa Park,Enterprise Suite,,closed-lost,2024-06-30,2024-10-24,
OPP_11069,Lisa Park,Analytics Pro,Company_68,closed-won,2023-12-30,2024-03-03,56975.04
OPP_11070,Anita Rao,Starter Pack,Company_829,closed-lost,2024-10-18,2024-11-22,
OPP_11071,Mike Torres,Starter Pack,Company_869,closed-lost,2024-05-30,2024-06-20,
OPP_11072,Carlos Webb,Enterprise Suite,Company_111,closed-lost,2023-05-01,2023-08-02,
OPP_11073,Priya Nair,Enterprise Suite,Company_249,closed-won,2024-01-27,2024-02-24,206438.23
OPP_11074,Priya Nair,Enterprise Suite,Company_163,closed-lost,2024-10-12,2025-02-03,
OPP_11075,Carlos Webb,Enterprise Suite,Company_436,closed-won,2023-04-22,2023-07-17,183921.27
OPP_11076,Lisa Park,Starter Pack,Company_816,closed-lost,2024-06-09,2024-07-15,
OPP_11077,Ryan Osei,Enterprise Suite,Company_188,closed-lost,2023-08-24,2023-11-16,
OPP_11078,Priya Nair,Enterprise Suite,Company_673,closed-lost,2023-05-15,2023-07-15,
OPP_11079,Ryan Osei,Analytics Pro,,closed-won,2024-07-09,2024-08-16,57074.47
OPP_11080,James Wu,Analytics Pro,Company_606,closed-lost,2023-10-21,2024-01-09,
OPP_11081,Ryan Osei,Analytics Pro,Company_4,closed-won,2024-01-17,2024-03-24,53045.4
OPP_11082,James Wu,Starter Pack,Company_285,closed-won,2023-12-18,2024-01-11,14867.42
OPP_11083,Mike Torres,Enterprise Suite,Company_104,closed-won,2023-02-26,2023-05-24,203670.07
OPP_11084,Priya Nair,Analytics Pro,Company_333,closed-lost,2023-08-01,2023-09-11,
OPP_11085,James Wu,Analytics Pro,Company_116,closed-won,2024-08-18,2024-09-10,36470.79
OPP_11086,Anita Rao,Enterprise Suite,Company_883,closed-lost,2024-06-25,2024-09-29,
OPP_11087,Lisa Park,Enterprise Suite,Company_989,closed-lost,2023-05-19,2023-09-07,
OPP_11088,Carlos Webb,Enterprise Suite,Company_397,closed-lost,2024-06-08,2024-10-01,
OPP_11089,Ryan Osei,Enterprise Suite,Company_116,closed-lost,2023-10-02,2023-12-08,
OPP_11090,Carlos Webb,Analytics Pro,Company_865,closed-lost,2023-05-20,2023-07-03,
OPP_11091,Lisa Park,Enterprise Suite,Company_176,closed-lost,2023-02-26,2023-04-25,
OPP_11092,Anita Rao,Enterprise Suite,Company_604,closed-lost,2024-09-07,2024-11-07,
OPP_11093,Mike Torres,Enterprise Suite,Company_137,closed-lost,2023-04-18,2023-08-27,
OPP_11094,Carlos Webb,Starter Pack,Company_244,closed-won,2023-09-15,2023-10-25,13390.43
OPP_11095,Anita Rao,Starter Pack,Company_187,closed-lost,2023-07-23,2023-08-11,
OPP_11096,Carlos Webb,Enterprise Suite,Company_144,closed-won,2024-06-27,2024-08-19,171969.58
OPP_11097,Ryan Osei,Analytics Pro,Company_610,closed-won,2024-01-01,2024-02-26,71910.61
OPP_11098,Priya Nair,Enterprise Suite,Company_392,closed-lost,2023-09-12,2023-12-22,
OPP_11099,Ryan Osei,Starter Pack,Company_498,closed-lost,2023-01-11,2023-02-11,
OPP_11100,Priya Nair,Enterprise Suite,Company_170,closed-lost,2024-05-10,2024-06-20,
OPP_11101,Lisa Park,Analytics Pro,Company_143,closed-lost,2024-04-05,2024-05-14,
OPP_11102,Priya Nair,Analytics Pro,Company_862,closed-won,2023-03-09,2023-04-29,27500.0
OPP_11103,Lisa Park,Enterprise Suite,Company_54,closed-lost,2024-11-24,2025-02-15,
OPP_11104,Carlos Webb,Starter Pack,Company_496,closed-lost,2023-12-31,2024-02-04,
OPP_11105,Priya Nair,Starter Pack,Company_834,closed-won,2023-06-30,2023-08-09,18851.25
OPP_11106,Ryan Osei,Enterprise Suite,,closed-lost,2023-11-03,2024-01-14,
OPP_11107,Lisa Park,Analytics Pro,Company_701,closed-lost,2023-08-09,2023-09-11,
OPP_11108,Lisa Park,Analytics Pro,,closed-won,2023-01-04,2023-01-23,
OPP_11109,Lisa Park,Analytics Pro,Company_171,closed-won,2023-11-05,2024-01-06,43339.43
OPP_11110,Mike Torres,Enterprise Suite,Company_31,closed-won,2024-02-29,2024-05-12,179403.28
OPP_11111,James Wu,Analytics Pro,Company_33,closed-lost,2024-01-03,2024-02-20,
OPP_11112,Anita Rao,Starter Pack,,closed-lost,2023-03-31,2023-04-21,
OPP_11113,Anita Rao,Starter Pack,Company_799,closed-won,2024-03-08,2024-03-22,17687.59
OPP_11114,Lisa Park,Enterprise Suite,Company_760,closed-won,2024-07-14,2024-11-19,262323.85
OPP_11115,Lisa Park,Enterprise Suite,Company_523,closed-lost,2023-02-20,2023-05-17,
OPP_11116,Mike Torres,Enterprise Suite,Company_116,closed-lost,2024-04-18,2024-07-28,
OPP_11117,Anita Rao,Enterprise Suite,Company_843,closed-lost,2024-03-27,2024-06-18,
OPP_11118,Carlos Webb,Enterprise Suite,Company_842,closed-lost,2023-08-02,2023-10-02,
OPP_11119,Sarah Chen,Enterprise Suite,Company_451,closed-lost,2024-04-13,2024-07-04,
OPP_11120,James Wu,Analytics Pro,Company_104,closed-lost,2023-09-03,2023-09-20,
OPP_11121,James Wu,Analytics Pro,Company_895,closed-lost,2023-02-06,2023-03-08,
OPP_11122,Sarah Chen,Analytics Pro,Company_269,closed-lost,2023-03-03,2023-04-14,
OPP_11123,Carlos Webb,Starter Pack,Company_449,closed-won,2023-11-21,2023-12-01,12491.36
OPP_11124,Mike Torres,Starter Pack,Company_214,closed-lost,2023-08-19,2023-09-27,
OPP_11125,Carlos Webb,Enterprise Suite,Company_624,closed-won,2024-03-19,2024-08-12,258894.65
OPP_11126,Ryan Osei,Starter Pack,Company_630,closed-won,2023-01-30,2023-02-28,9460.29
OPP_11127,Priya Nair,Starter Pack,Company_833,closed-won,2024-03-20,2024-04-26,10153.61
OPP_11128,James Wu,Starter Pack,Company_583,closed-lost,2024-08-31,2024-09-30,
OPP_11129,Carlos Webb,Enterprise Suite,Company_287,closed-lost,2023-03-12,2023-06-30,
OPP_11130,Priya Nair,Analytics Pro,Company_720,closed-lost,2023-08-26,2023-09-13,
OPP_11131,Anita Rao,Analytics Pro,Company_586,closed-lost,2023-06-05,2023-06-19,
OPP_11132,Anita Rao,Enterprise Suite,Company_921,closed-lost,2023-02-26,2023-05-30,
OPP_11133,Mike Torres,Starter Pack,Company_985,closed-won,2024-07-05,2024-08-08,
OPP_11134,Ryan Osei,Starter Pack,Company_283,closed-lost,2023-02-24,2023-04-05,
OPP_11135,Priya Nair,Enterprise Suite,Company_886,closed-lost,2023-07-17,2023-08-20,
OPP_11136,Priya Nair,Starter Pack,Company_149,closed-won,2024-05-23,2024-06-27,13303.82
OPP_11137,Carlos Webb,Starter Pack,Company_779,closed-lost,2024-09-03,2024-10-07,
OPP_11138,Ryan Osei,Analytics Pro,Company_145,closed-lost,2023-03-22,2023-04-28,
OPP_11139,Anita Rao,Enterprise Suite,Company_424,closed-won,2023-05-26,2023-07-29,280892.38
OPP_11140,Ryan Osei,Analytics Pro,Company_77,closed-lost,2023-12-10,2023-12-23,
OPP_11141,Mike Torres,Analytics Pro,Company_527,closed-won,2023-12-31,2024-02-24,29244.07
OPP_11142,Anita Rao,Enterprise Suite,Company_958,closed-lost,2023-04-06,2023-04-11,
OPP_11143,Carlos Webb,Analytics Pro,Company_973,closed-lost,2023-01-27,2023-03-25,
OPP_11144,Lisa Park,Analytics Pro,Company_595,closed-lost,2023-03-23,2023-05-31,
OPP_11145,Sarah Chen,Enterprise Suite,Company_95,closed-won,2024-02-06,2024-05-22,125000.0
OPP_11146,Lisa Park,Enterprise Suite,Company_680,closed-lost,2024-05-08,2024-07-07,
OPP_11147,Carlos Webb,Starter Pack,Company_814,closed-lost,2024-02-02,2024-02-29,
OPP_11148,Ryan Osei,Starter Pack,Company_991,closed-won,2024-02-13,2024-03-06,13214.46
OPP_11149,Ryan Osei,Starter Pack,Company_506,closed-won,2024-04-07,2024-04-23,9601.32
OPP_11150,Anita Rao,Analytics Pro,Company_848,closed-won,2023-05-20,2023-07-06,
OPP_11151,Anita Rao,Analytics Pro,Company_560,closed-lost,2024-03-25,2024-05-13,
OPP_11152,Priya Nair,Enterprise Suite,Company_872,closed-lost,2023-07-15,2023-10-10,
OPP_11153,Lisa Park,Analytics Pro,Company_915,closed-won,2024-11-04,2025-01-10,64084.09
OPP_11154,Sarah Chen,Starter Pack,Company_101,closed-won,2024-02-22,2024-04-04,
OPP_11155,Lisa Park,Starter Pack,Company_127,closed-lost,2024-01-11,2024-02-12,
OPP_11156,Priya Nair,Analytics Pro,Company_467,closed-won,2023-02-21,2023-05-01,44222.79
OPP_11157,Sarah Chen,Analytics Pro,Company_207,closed-lost,2023-10-04,2023-11-16,
OPP_11158,Priya Nair,Enterprise Suite,Company_309,closed-lost,2023-09-16,2023-11-29,
OPP_11159,Priya Nair,Analytics Pro,Company_95,closed-won,2024-04-23,2024-05-13,38597.7
OPP_11160,Carlos Webb,Analytics Pro,Company_84,closed-won,2023-08-29,2023-09-17,41257.88
OPP_11161,Carlos Webb,Enterprise Suite,Company_925,closed-won,2023-06-20,2023-10-20,270850.23
OPP_11162,Priya Nair,Starter Pack,Company_405,closed-lost,2024-01-31,2024-03-07,
OPP_11163,Anita Rao,Enterprise Suite,Company_716,closed-lost,2023-09-25,2023-10-16,
OPP_11164,James Wu,Analytics Pro,Company_671,closed-lost,2023-12-02,2024-02-11,
OPP_11165,Mike Torres,Enterprise Suite,Company_97,closed-lost,2023-04-27,2023-08-04,
OPP_11166,Sarah Chen,Starter Pack,Company_488,closed-won,2024-06-26,2024-07-06,14585.7
OPP_11167,Mike Torres,Starter Pack,Company_607,closed-won,2024-03-22,2024-04-21,9501.76
OPP_11168,James Wu,Enterprise Suite,Company_696,closed-lost,2024-10-18,2024-12-31,
OPP_11169,Lisa Park,Starter Pack,Company_8,closed-won,2023-03-11,2023-04-12,18979.28
OPP_11170,Carlos Webb,Starter Pack,Company_880,closed-lost,2023-12-01,2024-01-04,
OPP_11171,Ryan Osei,Enterprise Suite,Company_135,closed-won,2023-02-21,2023-05-03,249801.61
OPP_11172,Lisa Park,Starter Pack,Company_234,closed-won,2024-10-11,2024-11-07,14009.67
OPP_11173,Ryan Osei,Starter Pack,Company_748,closed-won,2023-12-24,2024-02-12,19443.87
OPP_11174,Mike Torres,Starter Pack,Company_320,closed-lost,2023-10-28,2023-11-13,
OPP_11175,Carlos Webb,Analytics Pro,Company_140,closed-won,2024-05-07,2024-06-11,48934.57
OPP_11176,Ryan Osei,Starter Pack,Company_656,closed-lost,2024-07-18,2024-08-07,
OPP_11177,Priya Nair,Starter Pack,Company_543,closed-won,2024-07-18,2024-08-25,10486.5
OPP_11178,Sarah Chen,Enterprise Suite,Company_665,closed-won,2024-09-28,2024-11-15,125000.0
OPP_11179,Priya Nair,Analytics Pro,Company_359,closed-lost,2023-03-05,2023-05-05,
OPP_11180,James Wu,Enterprise Suite,Company_766,closed-lost,2023-07-22,2023-11-04,
OPP_11181,Priya Nair,Analytics Pro,Company_630,closed-lost,2023-02-15,2023-04-06,
OPP_11182,Lisa Park,Starter Pack,Company_88,closed-won,2023-10-18,2023-11-25,20408.61
OPP_11183,Mike Torres,Starter Pack,Company_770,closed-lost,2024-05-06,2024-06-07,
OPP_11184,Mike Torres,Enterprise Suite,Company_747,closed-lost,2023-07-07,2023-10-25,
OPP_11185,Ryan Osei,Analytics Pro,Company_986,closed-lost,2024-05-09,2024-06-17,
OPP_11186,Ryan Osei,Analytics Pro,Company_810,closed-lost,2023-08-06,2023-10-08,
OPP_11187,Priya Nair,Starter Pack,Company_283,closed-won,2023-08-24,2023-10-05,8949.21
OPP_11188,Mike Torres,Starter Pack,Company_566,closed-lost,2024-10-17,2024-11-11,
OPP_11189,Anita Rao,Enterprise Suite,Company_27,closed-lost,2024-06-08,2024-07-01,
OPP_11190,Anita Rao,Starter Pack,Company_530,closed-lost,2024-03-13,2024-04-29,
OPP_11191,James Wu,Enterprise Suite,Company_401,closed-won,2023-12-24,2024-02-04,294150.88
OPP_11192,Anita Rao,Enterprise Suite,Company_55,closed-lost,2023-09-21,2023-10-22,
OPP_11193,James Wu,Analytics Pro,Company_395,closed-lost,2023-09-28,2023-11-24,
OPP_11194,Mike Torres,Starter Pack,Company_511,closed-won,2023-03-25,2023-04-29,14366.09
OPP_11195,Mike Torres,Enterprise Suite,Company_910,closed-lost,2024-02-29,2024-05-11,
OPP_11196,Sarah Chen,Analytics Pro,Company_956,closed-lost,2023-08-13,2023-10-02,
OPP_11197,Carlos Webb,Starter Pack,Company_396,closed-lost,2024-08-24,2024-09-18,
OPP_11198,Ryan Osei,Analytics Pro,Company_559,closed-lost,2023-08-09,2023-10-02,
OPP_11199,Priya Nair,Analytics Pro,Company_977,closed-lost,2023-10-10,2023-12-10,
OPP_11200,Mike Torres,Starter Pack,Company_601,closed-won,2023-05-09,2023-05-30,19908.9
OPP_11201,Mike Torres,Starter Pack,Company_268,closed-lost,2023-11-10,2023-12-17,
OPP_11202,James Wu,Starter Pack,Company_944,closed-lost,2024-08-21,2024-09-19,
OPP_11203,Sarah Chen,Analytics Pro,Company_518,closed-won,2024-06-19,2024-07-13,70808.37
OPP_11204,Anita Rao,Enterprise Suite,Company_729,closed-lost,2023-04-27,2023-07-12,
OPP_11205,Ryan Osei,Analytics Pro,Company_718,closed-lost,2023-02-15,2023-04-11,
OPP_11206,Ryan Osei,Starter Pack,Company_655,closed-won,2024-03-24,2024-04-15,15859.42
OPP_11207,Priya Nair,Analytics Pro,Company_85,closed-lost,2023-04-25,2023-06-06,
OPP_11208,Anita Rao,Starter Pack,Company_523,closed-lost,2023-01-07,2023-02-10,
OPP_11209,James Wu,Starter Pack,Company_549,closed-lost,2024-10-05,2024-10-25,
OPP_11210,Carlos Webb,Analytics Pro,Company_600,closed-won,2023-11-29,2024-01-04,40966.06
OPP_11211,Mike Torres,Analytics Pro,Company_715,closed-won,2023-11-06,2023-11-23,40287.12
OPP_11212,Ryan Osei,Enterprise Suite,Company_976,closed-won,2023-11-03,2023-12-28,293331.66
OPP_11213,James Wu,Starter Pack,Company_250,closed-won,2023-06-30,2023-07-30,8638.03
OPP_11214,Mike Torres,Analytics Pro,Company_118,closed-lost,2024-09-03,2024-09-27,
OPP_11215,Lisa Park,Enterprise Suite,Company_623,closed-lost,2024-08-24,2024-11-27,
OPP_11216,Sarah Chen,Analytics Pro,Company_682,closed-won,2023-03-14,2023-04-12,47115.2
OPP_11217,Priya Nair,Starter Pack,Company_12,closed-won,2023-06-25,2023-07-18,15635.46
OPP_11218,Priya Nair,Enterprise Suite,Company_11,closed-lost,2024-10-17,2024-11-30,
OPP_11219,Priya Nair,Analytics Pro,Company_975,closed-lost,2023-01-12,2023-03-03,
OPP_11220,Carlos Webb,Enterprise Suite,,closed-lost,2023-04-10,2023-06-25,
OPP_11221,Anita Rao,Starter Pack,Company_380,closed-lost,2024-01-25,2024-02-23,
OPP_11222,Priya Nair,Enterprise Suite,Company_799,closed-lost,2023-03-23,2023-06-15,
OPP_11223,Anita Rao,Enterprise Suite,Company_907,closed-won,2023-04-12,2023-07-03,284743.69
OPP_11224,Mike Torres,Starter Pack,Company_343,closed-lost,2024-07-23,2024-08-14,
OPP_11225,Ryan Osei,Analytics Pro,Company_536,closed-lost,2023-02-21,2023-04-19,
OPP_11226,Mike Torres,Analytics Pro,Company_729,closed-won,2024-01-09,2024-02-20,64818.05
OPP_11227,Mike Torres,Analytics Pro,Company_466,closed-won,2024-04-18,2024-05-29,45056.4
OPP_11228,Carlos Webb,Starter Pack,Company_511,closed-lost,2023-03-03,2023-03-08,
OPP_11229,Priya Nair,Analytics Pro,Company_161,closed-lost,2023-10-27,2023-12-24,
OPP_11230,Anita Rao,Starter Pack,Company_915,closed-won,2023-12-18,2024-01-16,20107.58
OPP_11231,Mike Torres,Starter Pack,Company_758,closed-won,2024-11-13,2024-12-13,23257.25
OPP_11232,Sarah Chen,Starter Pack,,closed-won,2024-03-29,2024-05-04,19822.08
OPP_11233,Sarah Chen,Starter Pack,Company_47,closed-lost,2023-07-17,2023-08-25,
OPP_11234,Lisa Park,Analytics Pro,Company_392,closed-lost,2024-04-28,2024-05-25,
OPP_11235,Priya Nair,Starter Pack,Company_953,closed-lost,2024-08-19,2024-09-18,
OPP_11236,Sarah Chen,Enterprise Suite,Company_822,closed-won,2024-11-23,2025-03-13,182888.59
OPP_11237,Ryan Osei,Starter Pack,Company_329,closed-lost,2024-06-25,2024-07-25,
OPP_11238,James Wu,Analytics Pro,Company_937,closed-won,2023-10-03,2023-12-05,57308.95
OPP_11239,Carlos Webb,Analytics Pro,Company_845,closed-lost,2023-01-27,2023-03-09,
OPP_11240,Mike Torres,Enterprise Suite,Company_381,closed-lost,2023-06-16,2023-08-10,
OPP_11241,Mike Torres,Enterprise Suite,Company_689,closed-won,2023-03-13,2023-07-13,284025.7
OPP_11242,Sarah Chen,Starter Pack,Company_228,closed-won,2023-10-09,2023-11-14,
OPP_11243,Sarah Chen,Analytics Pro,Company_70,closed-won,2023-01-18,2023-02-10,74722.22
OPP_11244,Lisa Park,Analytics Pro,Company_792,closed-lost,2024-07-04,2024-08-23,
OPP_11245,Anita Rao,Analytics Pro,Company_88,closed-won,2024-01-04,2024-03-11,44430.87
OPP_11246,Lisa Park,Starter Pack,Company_377,closed-lost,2023-05-30,2023-07-06,
OPP_11247,James Wu,Analytics Pro,Company_577,closed-lost,2023-10-05,2023-11-01,
OPP_11248,Anita Rao,Enterprise Suite,Company_637,closed-lost,2024-08-23,2025-01-04,
OPP_11249,James Wu,Analytics Pro,Company_377,closed-won,2023-09-08,2023-11-09,53427.37
OPP_11250,Lisa Park,Starter Pack,Company_750,closed-lost,2023-08-14,2023-09-29,
OPP_11251,James Wu,Starter Pack,Company_6,closed-lost,2024-09-23,2024-11-01,
OPP_11252,Ryan Osei,Starter Pack,Company_238,closed-won,2024-02-07,2024-02-26,19656.35
OPP_11253,Carlos Webb,Enterprise Suite,Company_859,closed-won,2023-04-01,2023-06-03,234685.6
OPP_11254,Sarah Chen,Analytics Pro,Company_1,closed-lost,2023-10-24,2023-11-26,
OPP_11255,Ryan Osei,Enterprise Suite,Company_744,closed-lost,2023-04-09,2023-07-08,
OPP_11256,Anita Rao,Starter Pack,Company_210,closed-lost,2023-01-29,2023-02-18,
OPP_11257,James Wu,Analytics Pro,Company_503,closed-won,2024-07-07,2024-08-30,39165.74
OPP_11258,Sarah Chen,Starter Pack,Company_728,closed-won,2024-10-25,2024-12-03,17634.49
OPP_11259,Anita Rao,Starter Pack,Company_44,closed-lost,2024-06-24,2024-07-18,
OPP_11260,James Wu,Enterprise Suite,Company_422,closed-lost,2024-03-12,2024-07-08,
OPP_11261,Carlos Webb,Analytics Pro,Company_997,closed-lost,2024-08-21,2024-10-06,
OPP_11262,Mike Torres,Enterprise Suite,Company_97,closed-lost,2024-07-09,2024-10-05,
OPP_11263,Priya Nair,Enterprise Suite,Company_839,closed-lost,2024-11-10,2025-01-19,
OPP_11264,Ryan Osei,Starter Pack,,closed-won,2023-09-05,2023-10-05,7500.0
OPP_11265,Sarah Chen,Analytics Pro,Company_678,closed-won,2024-11-03,2024-12-21,54284.46
OPP_11266,Priya Nair,Starter Pack,Company_298,closed-lost,2023-01-31,2023-03-02,
OPP_11267,Anita Rao,Analytics Pro,Company_948,closed-lost,2024-06-22,2024-08-13,
OPP_11268,Ryan Osei,Enterprise Suite,,closed-lost,2024-01-24,2024-05-10,
OPP_11269,Carlos Webb,Analytics Pro,Company_463,closed-won,2024-06-20,2024-08-04,61100.91
OPP_11270,Anita Rao,Starter Pack,Company_76,closed-won,2023-01-13,2023-02-04,15974.02
OPP_11271,James Wu,Starter Pack,Company_798,closed-lost,2023-10-18,2023-11-17,
OPP_11272,Mike Torres,Starter Pack,Company_108,closed-won,2023-07-24,2023-08-24,18132.33
OPP_11273,Priya Nair,Analytics Pro,Company_477,closed-lost,2023-08-04,2023-09-04,
OPP_11274,Carlos Webb,Analytics Pro,Company_123,closed-won,2023-11-28,2024-01-13,57711.61
OPP_11275,Carlos Webb,Starter Pack,Company_462,closed-won,2023-06-21,2023-07-14,7513.71
OPP_11276,Anita Rao,Analytics Pro,Company_271,closed-won,2024-06-10,2024-07-05,65032.6
OPP_11277,Mike Torres,Starter Pack,Company_161,closed-won,2023-06-18,2023-07-24,12264.88
OPP_11278,Anita Rao,Enterprise Suite,Company_713,closed-lost,2023-11-07,2024-02-19,
OPP_11279,Sarah Chen,Starter Pack,Company_855,closed-lost,2024-10-24,2024-11-15,
OPP_11280,Carlos Webb,Starter Pack,Company_93,closed-lost,2024-02-05,2024-02-21,
OPP_11281,James Wu,Analytics Pro,Company_405,closed-lost,2024-08-27,2024-10-10,
OPP_11282,Sarah Chen,Enterprise Suite,Company_306,closed-lost,2024-08-11,2024-10-26,
OPP_11283,Anita Rao,Starter Pack,Company_31,closed-lost,2024-05-02,2024-05-30,
OPP_11284,Ryan Osei,Analytics Pro,Company_569,closed-lost,2023-01-17,2023-03-06,
OPP_11285,James Wu,Starter Pack,Company_473,closed-won,2024-06-29,2024-07-26,13000.61
OPP_11286,Mike Torres,Starter Pack,,closed-won,2024-06-06,2024-06-30,17430.92
OPP_11287,Sarah Chen,Starter Pack,Company_850,closed-won,2024-02-28,2024-04-08,8947.99
OPP_11288,James Wu,Starter Pack,Company_202,closed-lost,2023-08-16,2023-09-09,
OPP_11289,Ryan Osei,Analytics Pro,Company_702,closed-lost,2023-10-10,2023-12-03,
OPP_11290,Mike Torres,Enterprise Suite,Company_600,closed-lost,2023-09-16,2023-12-12,
OPP_11291,Anita Rao,Starter Pack,Company_22,closed-won,2023-04-11,2023-05-02,13224.39
OPP_11292,Mike Torres,Starter Pack,,closed-won,2023-07-01,2023-07-28,21323.1
OPP_11293,Lisa Park,Starter Pack,Company_94,closed-won,2023-11-11,2023-11-27,14686.76
OPP_11294,Carlos Webb,Starter Pack,Company_43,closed-won,2023-10-15,2023-10-20,12880.82
OPP_11295,Lisa Park,Starter Pack,Company_172,closed-won,2023-07-01,2023-08-01,17939.28
OPP_11296,Ryan Osei,Enterprise Suite,Company_404,closed-lost,2023-04-10,2023-07-15,
OPP_11297,Lisa Park,Starter Pack,Company_391,closed-won,2024-09-04,2024-10-01,16246.83
OPP_11298,Ryan Osei,Starter Pack,Company_362,closed-lost,2023-12-30,2024-01-27,
OPP_11299,James Wu,Starter Pack,Company_281,closed-lost,2024-08-24,2024-10-16,
OPP_11300,Anita Rao,Analytics Pro,Company_904,closed-won,2024-10-09,2024-11-28,27500.0
OPP_11301,Priya Nair,Starter Pack,Company_628,closed-won,2024-04-27,2024-05-17,17570.98
OPP_11302,James Wu,Enterprise Suite,Company_302,closed-won,2023-03-19,2023-06-18,243388.28
OPP_11303,Lisa Park,Analytics Pro,Company_903,closed-won,2024-01-07,2024-02-10,34741.66
OPP_11304,Lisa Park,Starter Pack,Company_89,closed-won,2023-09-17,2023-10-09,24655.56
OPP_11305,Anita Rao,Analytics Pro,Company_140,closed-won,2024-10-19,2024-11-24,57263.66
OPP_11306,Ryan Osei,Starter Pack,Company_658,closed-lost,2024-07-08,2024-08-14,
OPP_11307,James Wu,Enterprise Suite,,closed-won,2024-04-24,2024-08-21,285608.34
OPP_11308,Sarah Chen,Analytics Pro,Company_800,closed-won,2023-10-07,2023-11-06,60539.97
OPP_11309,Carlos Webb,Analytics Pro,Company_557,closed-won,2023-10-01,2023-11-22,43423.42
OPP_11310,Lisa Park,Analytics Pro,Company_934,closed-won,2024-11-04,2024-12-31,43459.98
OPP_11311,Carlos Webb,Analytics Pro,Company_276,closed-lost,2023-02-11,2023-03-09,
OPP_11312,Priya Nair,Starter Pack,Company_326,closed-lost,2023-10-07,2023-11-09,
OPP_11313,James Wu,Starter Pack,Company_917,closed-lost,2024-04-19,2024-05-01,
OPP_11314,Anita Rao,Starter Pack,,closed-lost,2023-10-09,2023-11-03,
OPP_11315,Lisa Park,Enterprise Suite,Company_366,closed-won,2023-04-02,2023-08-05,233993.55
OPP_11316,James Wu,Starter Pack,Company_102,closed-lost,2024-02-13,2024-03-15,
OPP_11317,James Wu,Enterprise Suite,Company_246,closed-lost,2024-01-02,2024-04-13,
OPP_11318,Anita Rao,Enterprise Suite,Company_835,closed-lost,2024-04-15,2024-09-01,
OPP_11319,Sarah Chen,Starter Pack,,closed-won,2023-10-31,2023-11-25,12768.69
OPP_11320,Ryan Osei,Analytics Pro,Company_957,closed-won,2024-08-12,2024-09-13,71448.21
OPP_11321,Priya Nair,Starter Pack,Company_242,closed-lost,2023-10-11,2023-11-05,
OPP_11322,Carlos Webb,Enterprise Suite,Company_714,closed-lost,2024-01-29,2024-03-17,
OPP_11323,Carlos Webb,Enterprise Suite,Company_28,closed-lost,2024-04-10,2024-07-20,
OPP_11324,Carlos Webb,Enterprise Suite,Company_577,closed-lost,2024-09-10,2025-01-13,
OPP_11325,Priya Nair,Enterprise Suite,Company_971,closed-lost,2023-12-15,2024-05-05,
OPP_11326,James Wu,Analytics Pro,Company_555,closed-lost,2024-03-19,2024-05-05,
OPP_11327,Anita Rao,Starter Pack,Company_502,closed-lost,2024-04-24,2024-05-14,
OPP_11328,Sarah Chen,Starter Pack,Company_57,closed-won,2024-07-05,2024-08-04,10270.74
OPP_11329,James Wu,Enterprise Suite,Company_224,closed-lost,2023-10-25,2024-01-18,
OPP_11330,Sarah Chen,Enterprise Suite,Company_489,closed-lost,2023-07-18,2023-11-16,
OPP_11331,Sarah Chen,Analytics Pro,Company_939,closed-lost,2023-06-01,2023-07-15,
OPP_11332,James Wu,Starter Pack,Company_348,closed-lost,2023-08-23,2023-09-26,
OPP_11333,Priya Nair,Analytics Pro,Company_60,closed-lost,2024-02-25,2024-03-20,
OPP_11334,Sarah Chen,Starter Pack,Company_600,closed-lost,2023-09-30,2023-11-09,
OPP_11335,Priya Nair,Starter Pack,Company_866,closed-lost,2023-01-09,2023-02-02,
OPP_11336,Carlos Webb,Starter Pack,Company_382,closed-lost,2024-11-28,2024-12-28,
OPP_11337,Ryan Osei,Enterprise Suite,Company_103,closed-lost,2023-05-01,2023-07-23,
OPP_11338,Carlos Webb,Analytics Pro,Company_330,closed-won,2024-01-27,2024-02-04,65671.16
OPP_11339,Priya Nair,Starter Pack,Company_749,closed-won,2023-08-06,2023-09-02,9990.22
OPP_11340,Ryan Osei,Enterprise Suite,,closed-lost,2023-04-28,2023-07-17,
OPP_11341,Lisa Park,Enterprise Suite,Company_324,closed-lost,2023-06-29,2023-10-11,
OPP_11342,Priya Nair,Enterprise Suite,Company_991,closed-lost,2023-03-21,2023-07-19,
OPP_11343,Carlos Webb,Starter Pack,Company_681,closed-lost,2024-07-23,2024-08-22,
OPP_11344,Priya Nair,Analytics Pro,Company_314,closed-lost,2024-07-27,2024-09-17,
OPP_11345,Anita Rao,Starter Pack,Company_181,closed-lost,2023-11-29,2023-12-30,
OPP_11346,Sarah Chen,Enterprise Suite,Company_971,closed-won,2024-10-18,2025-02-05,
OPP_11347,Ryan Osei,Enterprise Suite,Company_33,closed-won,2024-04-07,2024-07-12,309103.72
OPP_11348,Priya Nair,Enterprise Suite,Company_325,closed-lost,2023-01-23,2023-05-09,
OPP_11349,James Wu,Enterprise Suite,Company_579,closed-lost,2023-12-29,2024-05-07,
OPP_11350,Mike Torres,Analytics Pro,Company_144,closed-won,2024-02-26,2024-04-11,51019.22
OPP_11351,Carlos Webb,Enterprise Suite,Company_79,closed-lost,2024-01-27,2024-05-20,
OPP_11352,James Wu,Analytics Pro,Company_327,closed-won,2023-07-23,2023-08-05,54669.48
OPP_11353,Priya Nair,Enterprise Suite,Company_906,closed-lost,2024-02-11,2024-06-04,
OPP_11354,Mike Torres,Enterprise Suite,Company_686,closed-won,2023-09-11,2023-12-01,223941.56
OPP_11355,Carlos Webb,Analytics Pro,Company_11,closed-won,2023-06-15,2023-08-14,42356.17
OPP_11356,Anita Rao,Starter Pack,Company_255,closed-won,2024-03-19,2024-04-28,7500.0
OPP_11357,Mike Torres,Analytics Pro,Company_262,closed-lost,2023-04-13,2023-06-01,
OPP_11358,Mike Torres,Enterprise Suite,Company_1,closed-won,2024-03-02,2024-06-28,125000.0
OPP_11359,Sarah Chen,Analytics Pro,Company_448,closed-lost,2023-09-06,2023-11-03,
OPP_11360,Ryan Osei,Starter Pack,Company_905,closed-lost,2023-03-27,2023-05-04,
OPP_11361,Ryan Osei,Analytics Pro,Company_902,closed-lost,2024-05-15,2024-07-21,
OPP_11362,Ryan Osei,Analytics Pro,Company_559,closed-won,2024-10-10,2024-12-09,38474.59
OPP_11363,Ryan Osei,Starter Pack,Company_848,closed-won,2023-10-20,2023-11-18,
OPP_11364,Lisa Park,Enterprise Suite,Company_666,closed-lost,2024-09-26,2024-12-30,
OPP_11365,James Wu,Starter Pack,Company_462,closed-lost,2023-04-23,2023-05-17,
OPP_11366,Mike Torres,Starter Pack,Company_301,closed-won,2023-04-28,2023-06-14,8618.32
OPP_11367,Sarah Chen,Analytics Pro,Company_267,closed-lost,2023-06-07,2023-08-03,
OPP_11368,Mike Torres,Starter Pack,Company_350,closed-won,2023-02-14,2023-03-23,20953.73
OPP_11369,Priya Nair,Analytics Pro,Company_164,closed-lost,2023-09-24,2023-11-09,
OPP_11370,Mike Torres,Enterprise Suite,Company_964,closed-lost,2023-10-17,2024-02-24,
OPP_11371,Mike Torres,Analytics Pro,Company_608,closed-won,2023-07-23,2023-08-22,54401.58
OPP_11372,Lisa Park,Enterprise Suite,Company_31,closed-lost,2024-11-22,2025-04-11,
OPP_11373,Ryan Osei,Enterprise Suite,Company_168,closed-won,2024-01-31,2024-03-30,313051.48
OPP_11374,Ryan Osei,Starter Pack,Company_54,closed-won,2023-02-18,2023-03-19,11748.42
OPP_11375,Mike Torres,Analytics Pro,Company_210,closed-lost,2023-08-13,2023-09-07,
OPP_11376,James Wu,Analytics Pro,Company_713,closed-lost,2023-08-08,2023-09-28,
OPP_11377,Anita Rao,Enterprise Suite,Company_288,closed-lost,2023-12-10,2024-03-20,
OPP_11378,Anita Rao,Starter Pack,Company_98,closed-lost,2024-11-01,2024-12-14,
OPP_11379,Sarah Chen,Analytics Pro,Company_585,closed-lost,2023-12-25,2024-02-01,
OPP_11380,Lisa Park,Starter Pack,Company_55,closed-lost,2023-01-29,2023-02-23,
OPP_11381,Carlos Webb,Starter Pack,Company_437,closed-lost,2023-03-18,2023-04-12,
OPP_11382,Mike Torres,Analytics Pro,Company_843,closed-won,2024-07-26,2024-08-29,
OPP_11383,Lisa Park,Starter Pack,Company_99,closed-lost,2023-11-20,2023-12-14,
OPP_11384,Sarah Chen,Starter Pack,Company_174,closed-lost,2024-08-26,2024-09-25,
OPP_11385,Anita Rao,Starter Pack,Company_484,closed-lost,2023-07-12,2023-08-11,
OPP_11386,Mike Torres,Analytics Pro,Company_803,closed-won,2024-04-25,2024-05-10,61597.39
OPP_11387,Ryan Osei,Analytics Pro,Company_500,closed-lost,2024-08-27,2024-10-14,
OPP_11388,Anita Rao,Starter Pack,Company_657,closed-won,2024-05-23,2024-06-10,
OPP_11389,Ryan Osei,Starter Pack,Company_379,closed-lost,2024-11-06,2024-12-06,
OPP_11390,Ryan Osei,Analytics Pro,Company_191,closed-won,2024-08-23,2024-10-31,61637.45
OPP_11391,Lisa Park,Starter Pack,Company_269,closed-lost,2023-02-15,2023-03-14,
OPP_11392,Lisa Park,Analytics Pro,Company_269,closed-lost,2024-06-03,2024-07-12,
OPP_11393,James Wu,Analytics Pro,Company_577,closed-won,2024-10-23,2024-11-27,54380.61
OPP_11394,Sarah Chen,Starter Pack,Company_770,closed-won,2024-08-11,2024-09-24,20147.2
OPP_11395,Mike Torres,Starter Pack,Company_684,closed-won,2024-08-28,2024-09-30,16013.39
OPP_11396,Carlos Webb,Enterprise Suite,Company_423,closed-won,2023-06-26,2023-09-26,125000.0
OPP_11397,James Wu,Enterprise Suite,Company_62,closed-won,2023-11-26,2024-03-16,254892.52
OPP_11398,Ryan Osei,Enterprise Suite,Company_428,closed-lost,2024-07-08,2024-10-10,
OPP_11399,Lisa Park,Enterprise Suite,Company_902,closed-lost,2024-03-09,2024-06-26,
OPP_11400,James Wu,Analytics Pro,Company_306,closed-lost,2023-02-20,2023-03-08,
OPP_11401,Mike Torres,Analytics Pro,Company_924,closed-won,2023-04-16,2023-05-28,48861.14
OPP_11402,Sarah Chen,Enterprise Suite,Company_584,closed-won,2023-10-19,2024-01-26,415458.08
OPP_11403,Priya Nair,Starter Pack,Company_972,closed-lost,2023-11-10,2023-12-02,
OPP_11404,Lisa Park,Starter Pack,Company_971,closed-lost,2023-09-10,2023-10-01,
OPP_11405,Priya Nair,Starter Pack,Company_827,closed-lost,2024-02-19,2024-03-22,
OPP_11406,James Wu,Starter Pack,Company_43,closed-won,2024-09-12,2024-10-16,12995.42
OPP_11407,Ryan Osei,Starter Pack,Company_699,closed-won,2024-08-22,2024-09-27,27788.65
OPP_11408,Ryan Osei,Starter Pack,Company_842,closed-lost,2024-08-28,2024-09-19,
OPP_11409,Priya Nair,Enterprise Suite,Company_264,closed-lost,2024-04-11,2024-06-16,
OPP_11410,Carlos Webb,Enterprise Suite,Company_936,closed-won,2023-03-29,2023-06-12,319979.53
OPP_11411,Mike Torres,Starter Pack,Company_397,closed-lost,2023-01-24,2023-03-14,
OPP_11412,Ryan Osei,Enterprise Suite,Company_333,closed-lost,2024-10-25,2025-02-02,
OPP_11413,Anita Rao,Enterprise Suite,Company_469,closed-lost,2023-06-12,2023-07-27,
OPP_11414,Sarah Chen,Enterprise Suite,Company_638,closed-won,2024-01-22,2024-04-01,302724.35
OPP_11415,Ryan Osei,Starter Pack,Company_424,closed-lost,2024-03-06,2024-03-26,
OPP_11416,Priya Nair,Starter Pack,Company_580,closed-lost,2023-01-26,2023-03-10,
OPP_11417,Mike Torres,Starter Pack,Company_576,closed-lost,2023-05-10,2023-06-06,
OPP_11418,Mike Torres,Analytics Pro,Company_888,closed-lost,2023-12-06,2024-01-28,
OPP_11419,Carlos Webb,Analytics Pro,Company_270,closed-lost,2024-03-27,2024-05-09,
OPP_11420,Ryan Osei,Enterprise Suite,Company_497,closed-lost,2023-10-26,2024-02-17,
OPP_11421,Lisa Park,Starter Pack,Company_176,closed-won,2024-01-06,2024-01-21,11716.55
OPP_11422,Anita Rao,Analytics Pro,Company_147,closed-lost,2024-11-03,2024-12-15,
OPP_11423,Ryan Osei,Starter Pack,Company_405,closed-lost,2023-12-29,2024-01-18,
OPP_11424,Carlos Webb,Enterprise Suite,Company_243,closed-lost,2024-10-05,2024-11-30,
OPP_11425,Sarah Chen,Enterprise Suite,Company_486,closed-won,2024-07-23,2024-11-22,266824.24
OPP_11426,Anita Rao,Analytics Pro,Company_20,closed-lost,2024-09-28,2024-11-17,
OPP_11427,Carlos Webb,Analytics Pro,Company_318,closed-won,2024-09-14,2024-10-02,73382.06
OPP_11428,Anita Rao,Analytics Pro,Company_878,closed-lost,2023-06-11,2023-07-10,
OPP_11429,Mike Torres,Starter Pack,Company_137,closed-won,2024-11-30,2025-01-08,
OPP_11430,Anita Rao,Enterprise Suite,Company_453,closed-lost,2023-12-15,2024-06-03,
OPP_11431,Carlos Webb,Analytics Pro,Company_746,closed-lost,2024-06-03,2024-07-13,
OPP_11432,Ryan Osei,Enterprise Suite,,closed-lost,2024-03-21,2024-06-02,
OPP_11433,Mike Torres,Starter Pack,,closed-won,2024-03-01,2024-04-02,25815.5
OPP_11434,James Wu,Analytics Pro,Company_758,closed-lost,2023-07-07,2023-08-27,
OPP_11435,Lisa Park,Enterprise Suite,Company_888,closed-lost,2023-12-20,2024-02-23,
OPP_11436,Carlos Webb,Starter Pack,Company_527,closed-won,2023-11-29,2023-12-10,13625.77
OPP_11437,Priya Nair,Starter Pack,Company_318,closed-lost,2024-06-18,2024-07-15,
OPP_11438,Ryan Osei,Starter Pack,Company_799,closed-lost,2024-10-12,2024-11-24,
OPP_11439,Sarah Chen,Starter Pack,Company_197,closed-won,2023-11-16,2023-12-24,8788.77
OPP_11440,James Wu,Starter Pack,,closed-won,2024-06-25,2024-08-04,17846.83
OPP_11441,Sarah Chen,Analytics Pro,Company_51,closed-lost,2023-05-10,2023-06-16,
OPP_11442,Carlos Webb,Enterprise Suite,Company_203,closed-lost,2024-01-22,2024-06-15,
OPP_11443,Anita Rao,Analytics Pro,Company_843,closed-won,2023-02-12,2023-04-10,55426.99
OPP_11444,Lisa Park,Enterprise Suite,Company_406,closed-lost,2023-01-01,2023-04-26,
OPP_11445,Mike Torres,Enterprise Suite,Company_31,closed-won,2024-07-11,2024-09-13,230747.0
OPP_11446,James Wu,Analytics Pro,Company_500,closed-lost,2023-05-19,2023-05-31,
OPP_11447,Lisa Park,Starter Pack,Company_983,closed-lost,2024-08-24,2024-09-11,
OPP_11448,Lisa Park,Enterprise Suite,Company_564,closed-lost,2023-06-28,2023-10-20,
OPP_11449,Carlos Webb,Analytics Pro,Company_167,closed-lost,2023-05-08,2023-06-12,
OPP_11450,Anita Rao,Enterprise Suite,Company_850,closed-lost,2023-06-08,2023-08-12,
OPP_11451,Mike Torres,Analytics Pro,,closed-won,2024-06-08,2024-07-06,47601.21
OPP_11452,Ryan Osei,Starter Pack,Company_166,closed-won,2023-03-26,2023-04-12,10181.79
OPP_11453,James Wu,Starter Pack,Company_662,closed-lost,2023-04-22,2023-05-16,
OPP_11454,James Wu,Enterprise Suite,Company_211,closed-lost,2023-06-05,2023-08-10,
OPP_11455,Anita Rao,Enterprise Suite,,closed-lost,2023-09-27,2023-11-20,
OPP_11456,Sarah Chen,Enterprise Suite,Company_9,closed-lost,2024-03-25,2024-08-25,
OPP_11457,Lisa Park,Starter Pack,Company_662,closed-lost,2023-01-20,2023-01-25,
OPP_11458,Priya Nair,Enterprise Suite,Company_820,closed-lost,2023-04-14,2023-06-30,
OPP_11459,Sarah Chen,Starter Pack,,closed-won,2023-05-16,2023-06-22,18439.66
OPP_11460,Anita Rao,Enterprise Suite,Company_990,closed-lost,2024-05-13,2024-07-04,
OPP_11461,Anita Rao,Analytics Pro,Company_916,closed-lost,2024-10-09,2024-11-09,
OPP_11462,Ryan Osei,Analytics Pro,Company_470,closed-lost,2023-04-04,2023-06-17,
OPP_11463,Anita Rao,Starter Pack,Company_477,closed-lost,2023-07-24,2023-08-08,
OPP_11464,Anita Rao,Enterprise Suite,Company_533,closed-lost,2024-02-14,2024-05-09,
OPP_11465,Ryan Osei,Enterprise Suite,Company_104,closed-won,2023-10-02,2023-12-12,
OPP_11466,Sarah Chen,Enterprise Suite,Company_678,closed-won,2024-06-23,2024-11-07,273483.0
OPP_11467,Carlos Webb,Enterprise Suite,Company_662,closed-won,2024-01-03,2024-05-17,280538.73
OPP_11468,Anita Rao,Analytics Pro,Company_700,closed-lost,2023-06-07,2023-07-10,
OPP_11469,Mike Torres,Analytics Pro,Company_65,closed-won,2024-10-17,2024-12-25,64295.33
OPP_11470,Carlos Webb,Analytics Pro,Company_655,closed-lost,2023-06-26,2023-08-10,
OPP_11471,Carlos Webb,Analytics Pro,Company_267,closed-lost,2023-10-16,2023-12-26,
OPP_11472,Anita Rao,Starter Pack,Company_153,closed-lost,2024-08-28,2024-09-23,
OPP_11473,James Wu,Starter Pack,Company_824,closed-won,2024-07-11,2024-08-19,16998.53
OPP_11474,Ryan Osei,Enterprise Suite,Company_327,closed-lost,2024-08-09,2024-10-04,
OPP_11475,Priya Nair,Enterprise Suite,Company_26,closed-lost,2023-03-29,2023-06-28,
OPP_11476,Lisa Park,Analytics Pro,Company_265,closed-lost,2023-12-09,2024-02-09,
OPP_11477,Ryan Osei,Analytics Pro,Company_397,closed-won,2023-11-13,2023-12-16,57033.45
OPP_11478,Sarah Chen,Enterprise Suite,Company_725,closed-won,2023-12-27,2024-04-21,294998.74
OPP_11479,James Wu,Analytics Pro,Company_743,closed-won,2023-11-17,2024-01-10,64211.69
OPP_11480,James Wu,Enterprise Suite,Company_547,closed-lost,2023-03-17,2023-06-25,
OPP_11481,Lisa Park,Enterprise Suite,Company_367,closed-lost,2023-01-23,2023-04-11,
OPP_11482,Anita Rao,Starter Pack,Company_860,closed-won,2023-02-21,2023-03-14,20486.04
OPP_11483,Priya Nair,Analytics Pro,Company_99,closed-lost,2023-02-20,2023-04-25,
OPP_11484,Lisa Park,Starter Pack,Company_758,closed-won,2023-10-27,2023-11-27,8837.84
OPP_11485,Anita Rao,Enterprise Suite,Company_827,closed-lost,2023-05-28,2023-09-28,
OPP_11486,Priya Nair,Enterprise Suite,Company_921,closed-lost,2024-02-06,2024-05-24,
OPP_11487,Carlos Webb,Enterprise Suite,Company_91,closed-lost,2023-01-11,2023-05-24,
OPP_11488,James Wu,Analytics Pro,Company_228,closed-lost,2024-11-19,2024-12-31,
OPP_11489,Anita Rao,Analytics Pro,Company_807,closed-lost,2024-01-24,2024-02-11,
OPP_11490,Carlos Webb,Analytics Pro,Company_266,closed-won,2024-08-28,2024-10-02,66204.71
OPP_11491,Anita Rao,Analytics Pro,Company_871,closed-won,2023-09-14,2023-09-24,47463.7
OPP_11492,Mike Torres,Analytics Pro,Company_54,closed-won,2023-08-09,2023-09-16,56393.95
OPP_11493,Mike Torres,Analytics Pro,Company_910,closed-won,2024-02-22,2024-04-05,52379.97
OPP_11494,James Wu,Enterprise Suite,Company_122,closed-lost,2023-07-11,2023-09-19,
OPP_11495,Ryan Osei,Enterprise Suite,Company_305,closed-won,2024-01-15,2024-05-04,450237.01
OPP_11496,Ryan Osei,Starter Pack,Company_891,closed-won,2023-01-15,2023-02-12,14611.22
OPP_11497,Priya Nair,Starter Pack,Company_205,closed-lost,2023-08-17,2023-09-01,
OPP_11498,Carlos Webb,Analytics Pro,Company_583,closed-lost,2023-01-31,2023-03-22,
OPP_11499,Lisa Park,Starter Pack,Company_323,closed-won,2023-09-10,2023-10-14,16102.92
OPP_11500,Priya Nair,Starter Pack,Company_499,closed-lost,2023-10-26,2023-11-11,
OPP_11501,Carlos Webb,Enterprise Suite,Company_181,closed-lost,2024-01-28,2024-04-15,
OPP_11502,Carlos Webb,Enterprise Suite,Company_59,closed-won,2024-03-10,2024-03-23,175084.32
OPP_11503,Sarah Chen,Analytics Pro,Company_280,closed-won,2024-04-10,2024-06-23,48168.09
OPP_11504,James Wu,Starter Pack,Company_590,closed-won,2023-12-25,2024-02-04,12118.79
OPP_11505,Priya Nair,Analytics Pro,Company_804,closed-lost,2023-06-12,2023-07-27,
OPP_11506,Mike Torres,Starter Pack,Company_629,closed-won,2023-12-19,2024-01-05,18619.41
OPP_11507,Ryan Osei,Enterprise Suite,,closed-lost,2023-04-28,2023-09-02,
OPP_11508,Ryan Osei,Analytics Pro,Company_988,closed-lost,2024-01-17,2024-02-25,
OPP_11509,Lisa Park,Analytics Pro,Company_4,closed-lost,2024-06-21,2024-08-21,
OPP_11510,Sarah Chen,Enterprise Suite,Company_204,closed-lost,2024-09-26,2025-01-03,
OPP_11511,Carlos Webb,Starter Pack,Company_913,closed-lost,2023-07-05,2023-07-18,
OPP_11512,Carlos Webb,Enterprise Suite,Company_195,closed-lost,2023-05-29,2023-09-03,
OPP_11513,Sarah Chen,Enterprise Suite,Company_4,closed-lost,2023-06-05,2023-11-03,
OPP_11514,James Wu,Starter Pack,Company_710,closed-won,2023-09-30,2023-10-10,8473.21
OPP_11515,Carlos Webb,Analytics Pro,Company_132,closed-lost,2023-03-30,2023-05-31,
OPP_11516,Mike Torres,Analytics Pro,Company_515,closed-lost,2024-08-23,2024-10-17,
OPP_11517,Anita Rao,Starter Pack,Company_66,closed-won,2024-05-17,2024-06-14,7500.0
OPP_11518,Sarah Chen,Analytics Pro,Company_971,closed-won,2024-07-03,2024-08-24,39896.09
OPP_11519,Anita Rao,Analytics Pro,Company_745,closed-lost,2023-06-18,2023-06-23,
OPP_11520,Carlos Webb,Analytics Pro,Company_909,closed-lost,2023-07-30,2023-09-09,
OPP_11521,Priya Nair,Analytics Pro,Company_923,closed-won,2023-01-23,2023-02-19,55458.05
OPP_11522,Lisa Park,Analytics Pro,,closed-lost,2023-07-22,2023-08-31,
OPP_11523,James Wu,Starter Pack,Company_970,closed-lost,2023-01-13,2023-02-04,
OPP_11524,Ryan Osei,Starter Pack,Company_233,closed-won,2023-08-09,2023-09-14,12045.86
OPP_11525,James Wu,Enterprise Suite,Company_134,closed-lost,2023-11-25,2024-01-24,
OPP_11526,James Wu,Enterprise Suite,Company_22,closed-lost,2024-03-17,2024-06-16,
OPP_11527,Priya Nair,Starter Pack,,closed-lost,2024-10-28,2024-11-26,
OPP_11528,Sarah Chen,Analytics Pro,Company_897,closed-won,2023-07-26,2023-09-14,59797.15
OPP_11529,Anita Rao,Enterprise Suite,Company_638,closed-lost,2023-11-02,2024-02-19,
OPP_11530,Sarah Chen,Enterprise Suite,Company_49,closed-won,2023-12-03,2024-04-22,295399.1
OPP_11531,Mike Torres,Enterprise Suite,Company_856,closed-lost,2023-07-24,2023-10-13,
OPP_11532,Sarah Chen,Starter Pack,Company_706,closed-won,2024-10-01,2024-11-01,14737.47
OPP_11533,Mike Torres,Analytics Pro,Company_454,closed-won,2023-08-14,2023-09-19,48841.57
OPP_11534,Ryan Osei,Starter Pack,Company_560,closed-won,2024-04-05,2024-04-22,17612.55
OPP_11535,Anita Rao,Analytics Pro,Company_718,closed-lost,2023-06-07,2023-07-31,
OPP_11536,Priya Nair,Starter Pack,Company_711,closed-lost,2024-08-23,2024-09-16,
OPP_11537,Sarah Chen,Analytics Pro,Company_430,closed-won,2024-10-04,2024-10-30,41459.67
OPP_11538,Mike Torres,Enterprise Suite,Company_532,closed-won,2024-01-01,2024-04-28,195893.35
OPP_11539,Anita Rao,Enterprise Suite,Company_620,closed-lost,2023-06-27,2023-08-21,
OPP_11540,Priya Nair,Analytics Pro,Company_850,closed-lost,2023-05-19,2023-06-30,
OPP_11541,Mike Torres,Enterprise Suite,Company_736,closed-lost,2024-01-09,2024-04-15,
OPP_11542,Mike Torres,Analytics Pro,Company_116,closed-lost,2023-07-23,2023-10-18,
OPP_11543,Mike Torres,Analytics Pro,Company_203,closed-lost,2024-08-28,2024-10-23,
OPP_11544,James Wu,Analytics Pro,Company_851,closed-won,2024-06-26,2024-07-21,27500.0
OPP_11545,James Wu,Analytics Pro,Company_720,closed-lost,2024-04-02,2024-06-05,
OPP_11546,Ryan Osei,Analytics Pro,Company_164,closed-lost,2024-09-22,2024-10-10,
OPP_11547,Sarah Chen,Enterprise Suite,Company_508,closed-lost,2024-04-30,2024-08-06,
OPP_11548,James Wu,Enterprise Suite,Company_955,closed-lost,2024-07-02,2024-09-01,
OPP_11549,Lisa Park,Analytics Pro,Company_240,closed-won,2024-10-27,2024-12-16,65430.66
OPP_11550,Sarah Chen,Starter Pack,Company_687,closed-won,2024-03-24,2024-05-09,11443.48
OPP_11551,Mike Torres,Starter Pack,Company_855,closed-won,2024-10-10,2024-11-20,22209.71
OPP_11552,Lisa Park,Starter Pack,Company_972,closed-won,2024-03-02,2024-03-25,12865.36
OPP_11553,Mike Torres,Enterprise Suite,Company_76,closed-lost,2024-10-14,2025-01-07,
OPP_11554,Mike Torres,Analytics Pro,,closed-lost,2024-09-07,2024-10-26,
OPP_11555,James Wu,Analytics Pro,Company_303,closed-won,2023-08-30,2023-10-05,29882.96
OPP_11556,Anita Rao,Analytics Pro,Company_51,closed-won,2024-11-18,2025-01-22,59704.61
OPP_11557,Mike Torres,Starter Pack,,closed-won,2024-07-15,2024-08-12,9070.72
OPP_11558,Sarah Chen,Analytics Pro,Company_368,closed-lost,2023-08-23,2023-09-20,
OPP_11559,Carlos Webb,Analytics Pro,Company_756,closed-lost,2023-07-02,2023-08-02,
OPP_11560,Mike Torres,Starter Pack,Company_871,closed-won,2024-06-16,2024-07-20,13977.69
OPP_11561,Sarah Chen,Starter Pack,Company_872,closed-won,2023-08-20,2023-09-24,9586.08
OPP_11562,Priya Nair,Enterprise Suite,Company_662,closed-lost,2024-09-19,2024-12-02,
OPP_11563,Priya Nair,Analytics Pro,Company_366,closed-won,2024-08-08,2024-10-10,34371.62
OPP_11564,Lisa Park,Enterprise Suite,Company_274,closed-lost,2024-04-23,2024-07-24,
OPP_11565,Mike Torres,Analytics Pro,Company_834,closed-won,2024-04-11,2024-05-16,49201.88
OPP_11566,Carlos Webb,Starter Pack,Company_116,closed-lost,2024-01-23,2024-02-18,
OPP_11567,Ryan Osei,Analytics Pro,Company_985,closed-won,2023-06-25,2023-09-04,42738.88
OPP_11568,Lisa Park,Analytics Pro,Company_855,closed-lost,2023-08-01,2023-10-14,
OPP_11569,Ryan Osei,Enterprise Suite,Company_871,closed-lost,2023-09-24,2023-11-11,
OPP_11570,Lisa Park,Analytics Pro,Company_664,closed-lost,2023-05-27,2023-07-16,
OPP_11571,Priya Nair,Starter Pack,Company_135,closed-lost,2023-05-22,2023-07-01,
OPP_11572,Sarah Chen,Starter Pack,Company_106,closed-won,2024-01-31,2024-02-14,20407.57
OPP_11573,Ryan Osei,Enterprise Suite,Company_494,closed-lost,2023-11-21,2024-02-28,
OPP_11574,Lisa Park,Starter Pack,Company_625,closed-won,2024-10-11,2024-10-29,13037.19
OPP_11575,Ryan Osei,Analytics Pro,Company_626,closed-won,2024-09-12,2024-10-15,81590.37
OPP_11576,Sarah Chen,Enterprise Suite,Company_901,closed-won,2024-08-03,2024-11-16,288109.29
OPP_11577,Priya Nair,Analytics Pro,Company_942,closed-lost,2023-04-07,2023-05-31,
OPP_11578,Lisa Park,Starter Pack,,closed-lost,2023-05-12,2023-06-17,
OPP_11579,Ryan Osei,Analytics Pro,Company_47,closed-won,2023-02-08,2023-04-04,57499.84
OPP_11580,Mike Torres,Analytics Pro,Company_670,closed-lost,2024-06-11,2024-07-12,
OPP_11581,Carlos Webb,Starter Pack,Company_721,closed-lost,2024-05-14,2024-06-16,
OPP_11582,James Wu,Enterprise Suite,Company_894,closed-lost,2023-04-25,2023-08-31,
OPP_11583,Carlos Webb,Enterprise Suite,Company_535,closed-lost,2024-01-22,2024-05-19,
OPP_11584,Mike Torres,Analytics Pro,Company_677,closed-lost,2024-09-15,2024-10-06,
OPP_11585,James Wu,Analytics Pro,Company_354,closed-won,2024-05-26,2024-07-15,59879.0
OPP_11586,Ryan Osei,Starter Pack,,closed-lost,2023-01-20,2023-02-11,
OPP_11587,Sarah Chen,Starter Pack,Company_658,closed-won,2023-12-16,2024-01-16,10390.04
OPP_11588,Priya Nair,Enterprise Suite,Company_869,closed-lost,2024-03-15,2024-08-13,
OPP_11589,Lisa Park,Analytics Pro,Company_890,closed-won,2024-05-07,2024-07-20,73860.02
OPP_11590,Priya Nair,Starter Pack,Company_769,closed-lost,2023-04-20,2023-05-23,
OPP_11591,Lisa Park,Analytics Pro,Company_246,closed-lost,2024-01-16,2024-03-11,
OPP_11592,Carlos Webb,Analytics Pro,Company_51,closed-lost,2024-06-28,2024-09-05,
OPP_11593,James Wu,Enterprise Suite,Company_658,closed-lost,2023-02-28,2023-04-29,
OPP_11594,Ryan Osei,Analytics Pro,Company_836,closed-lost,2023-09-22,2023-11-04,
OPP_11595,James Wu,Starter Pack,Company_470,closed-won,2023-01-08,2023-02-10,20840.56
OPP_11596,Lisa Park,Enterprise Suite,Company_458,closed-lost,2023-07-23,2023-10-09,
OPP_11597,Mike Torres,Analytics Pro,Company_457,closed-lost,2024-11-19,2025-01-10,
OPP_11598,Carlos Webb,Starter Pack,Company_509,closed-lost,2024-06-28,2024-08-02,
OPP_11599,Sarah Chen,Starter Pack,Company_413,closed-won,2024-02-29,2024-03-19,13929.25
OPP_11600,Ryan Osei,Starter Pack,Company_570,closed-won,2024-06-24,2024-08-03,14056.44
OPP_11601,Sarah Chen,Starter Pack,Company_810,closed-won,2023-09-25,2023-10-16,18953.61
OPP_11602,Anita Rao,Enterprise Suite,Company_575,closed-lost,2024-05-03,2024-08-06,
OPP_11603,James Wu,Enterprise Suite,Company_687,closed-lost,2023-06-22,2023-09-10,
OPP_11604,Lisa Park,Analytics Pro,Company_372,closed-won,2024-08-28,2024-10-14,39140.16
OPP_11605,Sarah Chen,Starter Pack,Company_864,closed-won,2023-05-18,2023-06-11,11380.98
OPP_11606,Lisa Park,Analytics Pro,Company_573,closed-lost,2024-09-03,2024-11-02,
OPP_11607,Lisa Park,Enterprise Suite,Company_672,closed-won,2023-06-27,2023-10-19,315384.5
OPP_11608,Carlos Webb,Enterprise Suite,Company_463,closed-won,2023-09-17,2023-11-28,287084.35
OPP_11609,Mike Torres,Starter Pack,Company_777,closed-lost,2024-05-25,2024-06-01,
OPP_11610,James Wu,Starter Pack,Company_349,closed-won,2023-03-30,2023-05-06,17566.52
OPP_11611,Carlos Webb,Enterprise Suite,,closed-lost,2023-10-20,2023-12-28,
OPP_11612,Anita Rao,Enterprise Suite,Company_534,closed-lost,2024-09-13,2024-12-12,
OPP_11613,Carlos Webb,Enterprise Suite,Company_108,closed-lost,2023-09-18,2024-01-07,
OPP_11614,Sarah Chen,Starter Pack,Company_504,closed-won,2023-08-20,2023-10-06,17033.6
OPP_11615,Priya Nair,Enterprise Suite,Company_760,closed-lost,2024-03-24,2024-06-02,
OPP_11616,Ryan Osei,Starter Pack,Company_260,closed-lost,2023-09-16,2023-10-17,
OPP_11617,James Wu,Starter Pack,Company_123,closed-lost,2024-09-18,2024-10-15,
OPP_11618,Ryan Osei,Starter Pack,Company_468,closed-lost,2023-03-18,2023-04-24,
OPP_11619,James Wu,Enterprise Suite,Company_346,closed-won,2023-04-14,2023-07-14,211888.18
OPP_11620,Mike Torres,Analytics Pro,Company_47,closed-won,2024-04-22,2024-06-08,
OPP_11621,Mike Torres,Analytics Pro,Company_468,closed-won,2024-09-15,2024-11-05,42967.23
OPP_11622,Priya Nair,Analytics Pro,Company_4,closed-lost,2023-12-31,2024-02-16,
OPP_11623,Sarah Chen,Enterprise Suite,Company_957,closed-lost,2023-09-14,2023-11-16,
OPP_11624,Ryan Osei,Enterprise Suite,Company_494,closed-lost,2023-04-17,2023-07-30,
OPP_11625,Priya Nair,Enterprise Suite,Company_592,closed-won,2023-05-17,2023-08-21,202971.5
OPP_11626,Priya Nair,Enterprise Suite,Company_834,closed-lost,2024-09-15,2024-12-22,
OPP_11627,Priya Nair,Starter Pack,Company_396,closed-lost,2023-06-28,2023-07-16,
OPP_11628,Carlos Webb,Enterprise Suite,Company_902,closed-won,2024-05-06,2024-09-12,231886.66
OPP_11629,Ryan Osei,Analytics Pro,,closed-lost,2023-09-12,2023-10-20,
OPP_11630,James Wu,Analytics Pro,Company_407,closed-lost,2024-04-14,2024-06-04,
OPP_11631,Carlos Webb,Analytics Pro,Company_463,closed-lost,2024-08-14,2024-10-01,
OPP_11632,Priya Nair,Starter Pack,Company_422,closed-lost,2023-07-07,2023-08-07,
OPP_11633,Anita Rao,Enterprise Suite,Company_560,closed-lost,2023-10-30,2023-11-26,
OPP_11634,Carlos Webb,Enterprise Suite,Company_754,closed-lost,2024-07-13,2024-11-20,
OPP_11635,James Wu,Starter Pack,Company_214,closed-won,2024-11-15,2024-12-26,
OPP_11636,Anita Rao,Enterprise Suite,Company_353,closed-lost,2023-07-30,2023-12-27,
OPP_11637,Priya Nair,Enterprise Suite,Company_665,closed-lost,2024-01-16,2024-06-10,
OPP_11638,Priya Nair,Enterprise Suite,Company_555,closed-lost,2023-11-04,2024-01-03,
OPP_11639,Carlos Webb,Enterprise Suite,Company_118,closed-won,2024-04-25,2024-07-02,222433.08
OPP_11640,Carlos Webb,Enterprise Suite,Company_491,closed-won,2024-11-01,2025-02-12,131406.87
OPP_11641,Ryan Osei,Enterprise Suite,Company_765,closed-won,2023-02-28,2023-03-31,321200.81
OPP_11642,Anita Rao,Analytics Pro,Company_827,closed-lost,2024-11-09,2025-01-19,
OPP_11643,Sarah Chen,Enterprise Suite,Company_109,closed-lost,2023-03-17,2023-06-28,
OPP_11644,Sarah Chen,Analytics Pro,Company_148,closed-lost,2023-01-25,2023-03-07,
OPP_11645,Sarah Chen,Enterprise Suite,Company_57,closed-lost,2024-05-16,2024-07-16,
OPP_11646,James Wu,Analytics Pro,Company_768,closed-lost,2024-02-05,2024-03-08,
OPP_11647,Priya Nair,Analytics Pro,Company_699,closed-lost,2024-06-08,2024-07-11,
OPP_11648,Anita Rao,Starter Pack,Company_859,closed-won,2023-09-13,2023-10-25,19906.92
OPP_11649,Sarah Chen,Enterprise Suite,Company_803,closed-lost,2023-10-23,2024-01-27,
OPP_11650,Anita Rao,Starter Pack,Company_771,closed-won,2024-11-25,2024-12-22,13208.78
OPP_11651,Sarah Chen,Analytics Pro,Company_833,closed-won,2024-08-14,2024-09-24,37736.74
OPP_11652,Lisa Park,Starter Pack,Company_630,closed-lost,2023-05-26,2023-07-02,
OPP_11653,James Wu,Enterprise Suite,Company_662,closed-won,2023-03-05,2023-08-10,399396.96
OPP_11654,Ryan Osei,Starter Pack,Company_523,closed-won,2024-01-05,2024-01-31,22641.64
OPP_11655,Anita Rao,Enterprise Suite,Company_680,closed-lost,2024-04-18,2024-07-01,
OPP_11656,Sarah Chen,Analytics Pro,Company_396,closed-lost,2024-09-10,2024-12-04,
OPP_11657,Ryan Osei,Enterprise Suite,Company_320,closed-lost,2023-08-29,2023-11-19,
OPP_11658,Sarah Chen,Starter Pack,Company_761,closed-won,2024-05-16,2024-05-31,7500.0
OPP_11659,Anita Rao,Starter Pack,Company_635,closed-lost,2023-06-12,2023-07-15,
OPP_11660,Lisa Park,Starter Pack,Company_933,closed-won,2023-11-29,2023-12-28,19480.39
OPP_11661,Carlos Webb,Enterprise Suite,Company_559,closed-lost,2024-08-26,2024-11-17,
OPP_11662,James Wu,Enterprise Suite,Company_987,closed-lost,2023-07-14,2023-11-09,
OPP_11663,James Wu,Analytics Pro,Company_459,closed-won,2024-02-17,2024-05-04,48812.24
OPP_11664,Priya Nair,Enterprise Suite,,closed-won,2024-04-25,2024-07-22,158462.79
OPP_11665,Priya Nair,Starter Pack,Company_752,closed-lost,2023-03-08,2023-04-10,
OPP_11666,Mike Torres,Analytics Pro,Company_41,closed-won,2024-04-25,2024-05-26,72643.46
OPP_11667,Ryan Osei,Analytics Pro,Company_569,closed-lost,2024-08-13,2024-09-21,
OPP_11668,Anita Rao,Starter Pack,Company_164,closed-lost,2023-01-29,2023-02-21,
OPP_11669,Anita Rao,Starter Pack,Company_338,closed-won,2024-03-08,2024-04-18,20056.76
OPP_11670,Lisa Park,Enterprise Suite,Company_959,closed-lost,2023-09-12,2024-01-03,
OPP_11671,Priya Nair,Starter Pack,Company_157,closed-won,2024-04-28,2024-05-27,9590.43
OPP_11672,Carlos Webb,Enterprise Suite,Company_52,closed-lost,2024-08-27,2025-01-12,
OPP_11673,Anita Rao,Analytics Pro,Company_808,closed-lost,2023-10-20,2023-12-04,
OPP_11674,Carlos Webb,Starter Pack,Company_802,closed-lost,2024-05-15,2024-06-26,
OPP_11675,Carlos Webb,Enterprise Suite,Company_225,closed-lost,2024-02-15,2024-04-01,
OPP_11676,Priya Nair,Enterprise Suite,Company_69,closed-lost,2023-07-10,2023-11-02,
OPP_11677,Priya Nair,Analytics Pro,Company_556,closed-lost,2023-04-05,2023-05-30,
OPP_11678,Ryan Osei,Starter Pack,Company_357,closed-lost,2024-05-28,2024-06-27,
OPP_11679,James Wu,Starter Pack,Company_679,closed-won,2024-03-10,2024-04-08,19794.08
OPP_11680,Carlos Webb,Analytics Pro,Company_369,closed-lost,2023-08-09,2023-09-19,
OPP_11681,Anita Rao,Starter Pack,Company_973,closed-won,2023-10-03,2023-11-01,15143.88
OPP_11682,Lisa Park,Enterprise Suite,Company_843,closed-lost,2024-05-19,2024-08-30,
OPP_11683,Sarah Chen,Starter Pack,Company_684,closed-won,2023-08-24,2023-09-30,10911.48
OPP_11684,Carlos Webb,Analytics Pro,Company_246,closed-won,2023-01-21,2023-02-23,36986.74
OPP_11685,James Wu,Starter Pack,Company_698,closed-won,2023-01-29,2023-02-24,7500.0
OPP_11686,Carlos Webb,Analytics Pro,Company_937,closed-lost,2023-08-09,2023-09-29,
OPP_11687,Mike Torres,Analytics Pro,Company_262,closed-won,2024-06-05,2024-07-19,45236.87
OPP_11688,Anita Rao,Starter Pack,Company_933,closed-won,2023-04-24,2023-05-30,24157.78
OPP_11689,Carlos Webb,Enterprise Suite,Company_822,closed-won,2024-05-16,2024-09-12,299911.68
OPP_11690,Lisa Park,Analytics Pro,Company_44,closed-lost,2023-01-01,2023-02-07,
OPP_11691,Anita Rao,Enterprise Suite,Company_197,closed-won,2023-03-27,2023-07-19,125000.0
OPP_11692,Carlos Webb,Enterprise Suite,Company_84,closed-lost,2023-05-25,2023-08-07,
OPP_11693,Mike Torres,Starter Pack,,closed-lost,2024-07-31,2024-08-24,
OPP_11694,Sarah Chen,Enterprise Suite,Company_67,closed-lost,2023-02-11,2023-04-17,
OPP_11695,James Wu,Enterprise Suite,Company_644,closed-lost,2023-09-22,2023-12-17,
OPP_11696,James Wu,Enterprise Suite,Company_434,closed-lost,2023-04-07,2023-06-23,
OPP_11697,Mike Torres,Starter Pack,Company_550,closed-won,2023-03-18,2023-04-20,15322.53
OPP_11698,Ryan Osei,Enterprise Suite,Company_836,closed-lost,2023-11-27,2024-02-17,
OPP_11699,Mike Torres,Enterprise Suite,Company_702,closed-lost,2024-11-30,2025-01-15,
OPP_11700,Priya Nair,Starter Pack,Company_470,closed-lost,2023-11-28,2023-12-26,
OPP_11701,Carlos Webb,Starter Pack,Company_89,closed-won,2024-03-30,2024-05-04,22390.7
OPP_11702,Mike Torres,Starter Pack,Company_182,closed-lost,2024-06-11,2024-07-10,
OPP_11703,Anita Rao,Enterprise Suite,Company_72,closed-lost,2023-01-19,2023-05-16,
OPP_11704,James Wu,Analytics Pro,Company_417,closed-lost,2024-02-13,2024-03-17,
OPP_11705,Ryan Osei,Analytics Pro,Company_645,closed-lost,2024-09-26,2024-11-04,
OPP_11706,Ryan Osei,Analytics Pro,Company_323,closed-lost,2024-01-28,2024-02-26,
OPP_11707,Sarah Chen,Analytics Pro,Company_689,closed-won,2023-06-29,2023-08-10,45389.75
OPP_11708,Mike Torres,Enterprise Suite,Company_6,closed-lost,2023-09-22,2024-02-08,
OPP_11709,Mike Torres,Enterprise Suite,Company_599,closed-won,2024-09-28,2025-02-05,289315.64
OPP_11710,Sarah Chen,Enterprise Suite,Company_868,closed-won,2024-01-02,2024-05-10,261012.96
OPP_11711,Mike Torres,Analytics Pro,Company_950,closed-won,2024-09-26,2024-10-28,75292.01
OPP_11712,Mike Torres,Analytics Pro,Company_805,closed-lost,2023-06-30,2023-09-10,
OPP_11713,Anita Rao,Enterprise Suite,Company_88,closed-lost,2024-08-15,2024-10-29,
OPP_11714,Anita Rao,Analytics Pro,,closed-won,2024-02-07,2024-03-06,63447.68
OPP_11715,Ryan Osei,Enterprise Suite,,closed-lost,2024-09-22,2025-01-17,
OPP_11716,Lisa Park,Starter Pack,Company_546,closed-won,2024-07-16,2024-08-22,11645.95
OPP_11717,James Wu,Starter Pack,Company_764,closed-won,2023-09-25,2023-10-02,16679.84
OPP_11718,Ryan Osei,Enterprise Suite,Company_302,closed-won,2023-11-12,2024-01-17,195981.04
OPP_11719,Priya Nair,Analytics Pro,Company_693,closed-lost,2024-02-20,2024-04-14,
OPP_11720,Carlos Webb,Starter Pack,,closed-won,2024-06-08,2024-07-04,22436.41
OPP_11721,Priya Nair,Starter Pack,Company_42,closed-won,2024-05-27,2024-06-22,
OPP_11722,Sarah Chen,Enterprise Suite,Company_610,closed-lost,2024-11-07,2025-01-12,
OPP_11723,Ryan Osei,Enterprise Suite,Company_560,closed-lost,2023-10-09,2023-12-03,
OPP_11724,Mike Torres,Analytics Pro,Company_215,closed-lost,2023-10-25,2023-12-02,
OPP_11725,Carlos Webb,Starter Pack,Company_422,closed-lost,2023-12-31,2024-02-05,
OPP_11726,Priya Nair,Starter Pack,Company_188,closed-lost,2023-08-22,2023-09-16,
OPP_11727,James Wu,Enterprise Suite,Company_854,closed-won,2023-06-29,2023-11-08,231752.54
OPP_11728,Anita Rao,Starter Pack,Company_117,closed-won,2024-08-27,2024-09-16,20925.1
OPP_11729,Priya Nair,Enterprise Suite,Company_818,closed-lost,2023-11-18,2024-03-23,
OPP_11730,Sarah Chen,Enterprise Suite,Company_472,closed-lost,2023-10-20,2024-01-14,
OPP_11731,Mike Torres,Analytics Pro,Company_687,closed-lost,2024-02-16,2024-04-16,
OPP_11732,Mike Torres,Analytics Pro,Company_100,closed-won,2024-02-28,2024-04-07,42748.04
OPP_11733,James Wu,Enterprise Suite,Company_594,closed-lost,2024-01-08,2024-05-19,
OPP_11734,Lisa Park,Analytics Pro,Company_365,closed-lost,2023-11-23,2024-01-06,
OPP_11735,Priya Nair,Enterprise Suite,Company_671,closed-won,2024-11-18,2025-01-16,317379.86
OPP_11736,James Wu,Starter Pack,Company_291,closed-lost,2024-05-13,2024-06-08,
OPP_11737,Mike Torres,Starter Pack,Company_325,closed-lost,2024-06-08,2024-06-17,
OPP_11738,Lisa Park,Analytics Pro,,closed-won,2024-11-06,2024-12-29,45086.58
OPP_11739,Anita Rao,Enterprise Suite,Company_598,closed-won,2023-05-20,2023-09-06,403746.11
OPP_11740,Priya Nair,Enterprise Suite,Company_580,closed-lost,2023-12-08,2024-02-20,
OPP_11741,Carlos Webb,Analytics Pro,Company_981,closed-lost,2024-02-19,2024-04-04,
OPP_11742,Ryan Osei,Starter Pack,Company_4,closed-won,2024-10-27,2024-11-10,22832.55
OPP_11743,Carlos Webb,Starter Pack,Company_804,closed-lost,2023-11-07,2023-11-26,
OPP_11744,James Wu,Enterprise Suite,Company_757,closed-lost,2023-04-04,2023-05-31,
OPP_11745,Ryan Osei,Analytics Pro,Company_860,closed-lost,2023-02-09,2023-03-22,
OPP_11746,Carlos Webb,Starter Pack,Company_695,closed-won,2024-02-02,2024-02-21,10914.44
OPP_11747,Carlos Webb,Analytics Pro,Company_473,closed-lost,2024-06-12,2024-08-04,
OPP_11748,Lisa Park,Analytics Pro,Company_793,closed-won,2024-11-15,2025-01-06,54480.02
OPP_11749,Anita Rao,Analytics Pro,Company_564,closed-lost,2023-01-31,2023-03-15,
OPP_11750,Mike Torres,Starter Pack,Company_661,closed-won,2024-08-08,2024-09-09,16268.69
OPP_11751,Mike Torres,Analytics Pro,Company_879,closed-lost,2024-03-29,2024-06-03,
OPP_11752,Priya Nair,Enterprise Suite,Company_201,closed-lost,2023-12-14,2024-03-28,
OPP_11753,Anita Rao,Enterprise Suite,Company_907,closed-won,2024-03-10,2024-04-07,150620.06
OPP_11754,Mike Torres,Enterprise Suite,Company_77,closed-won,2024-04-10,2024-08-17,282117.13
OPP_11755,Sarah Chen,Enterprise Suite,Company_646,closed-lost,2023-03-13,2023-07-06,
OPP_11756,Sarah Chen,Enterprise Suite,Company_592,closed-lost,2024-10-13,2025-03-08,
OPP_11757,Ryan Osei,Enterprise Suite,Company_217,closed-won,2024-08-26,2024-10-30,265024.03
OPP_11758,Sarah Chen,Enterprise Suite,Company_266,closed-won,2023-05-15,2023-08-29,125000.0
OPP_11759,Lisa Park,Enterprise Suite,Company_793,closed-lost,2023-08-09,2023-11-06,
OPP_11760,Priya Nair,Analytics Pro,Company_401,closed-lost,2023-06-19,2023-07-27,
OPP_11761,James Wu,Enterprise Suite,Company_750,closed-won,2024-10-30,2024-11-17,265412.12
OPP_11762,Anita Rao,Starter Pack,Company_475,closed-lost,2024-01-20,2024-02-26,
OPP_11763,Mike Torres,Analytics Pro,Company_372,closed-lost,2023-09-09,2023-10-16,
OPP_11764,Sarah Chen,Enterprise Suite,Company_244,closed-won,2024-10-15,2025-01-20,193423.11
OPP_11765,Priya Nair,Enterprise Suite,Company_143,closed-won,2023-01-05,2023-04-04,125000.0
OPP_11766,Lisa Park,Starter Pack,Company_183,closed-won,2024-06-23,2024-07-07,9504.8
OPP_11767,Priya Nair,Enterprise Suite,Company_749,closed-lost,2023-11-14,2024-02-13,
OPP_11768,Lisa Park,Analytics Pro,Company_41,closed-won,2023-08-22,2023-10-15,82154.91
OPP_11769,James Wu,Analytics Pro,Company_237,closed-won,2024-10-09,2024-11-11,59091.95
OPP_11770,Mike Torres,Analytics Pro,Company_378,closed-won,2023-08-31,2023-09-25,78042.35
OPP_11771,James Wu,Starter Pack,Company_684,closed-lost,2024-08-31,2024-09-22,
OPP_11772,James Wu,Enterprise Suite,Company_929,closed-lost,2024-07-05,2024-09-14,
OPP_11773,Carlos Webb,Analytics Pro,Company_480,closed-lost,2024-04-22,2024-05-27,
OPP_11774,Lisa Park,Starter Pack,Company_40,closed-won,2023-04-25,2023-05-07,16928.75
OPP_11775,Carlos Webb,Starter Pack,Company_720,closed-lost,2023-10-05,2023-11-07,
OPP_11776,Anita Rao,Enterprise Suite,Company_269,closed-lost,2024-04-14,2024-07-07,
OPP_11777,Priya Nair,Analytics Pro,Company_669,closed-lost,2024-11-06,2024-12-16,
OPP_11778,Ryan Osei,Analytics Pro,Company_601,closed-won,2024-04-29,2024-06-14,56008.05
OPP_11779,Mike Torres,Enterprise Suite,Company_257,closed-lost,2024-04-21,2024-08-10,
OPP_11780,Ryan Osei,Starter Pack,Company_528,closed-won,2023-12-10,2024-01-11,7500.0
OPP_11781,Ryan Osei,Analytics Pro,Company_836,closed-lost,2024-04-08,2024-05-30,
OPP_11782,Carlos Webb,Analytics Pro,Company_811,closed-lost,2024-01-08,2024-02-20,
OPP_11783,Lisa Park,Enterprise Suite,Company_6,closed-won,2023-06-19,2023-09-08,161625.95
OPP_11784,Priya Nair,Analytics Pro,Company_169,closed-lost,2023-10-04,2023-11-29,
OPP_11785,James Wu,Starter Pack,Company_526,closed-lost,2023-06-28,2023-07-27,
OPP_11786,Anita Rao,Starter Pack,Company_153,closed-lost,2024-03-30,2024-04-29,
OPP_11787,Priya Nair,Starter Pack,Company_370,closed-lost,2024-05-30,2024-06-14,
OPP_11788,Mike Torres,Enterprise Suite,Company_235,closed-lost,2024-10-16,2025-01-03,
OPP_11789,Ryan Osei,Analytics Pro,,closed-won,2023-07-04,2023-08-13,70586.65
OPP_11790,Mike Torres,Analytics Pro,,closed-lost,2024-04-30,2024-05-29,
OPP_11791,Lisa Park,Analytics Pro,Company_215,closed-lost,2024-07-03,2024-08-23,
OPP_11792,Priya Nair,Enterprise Suite,Company_853,closed-won,2023-08-09,2023-10-06,392713.81
OPP_11793,Ryan Osei,Starter Pack,Company_249,closed-won,2023-01-14,2023-02-14,10005.36
OPP_11794,Sarah Chen,Starter Pack,Company_587,closed-won,2024-09-08,2024-10-10,18697.73
OPP_11795,Priya Nair,Starter Pack,Company_644,closed-won,2023-04-30,2023-06-08,7500.0
OPP_11796,Sarah Chen,Enterprise Suite,Company_150,closed-won,2023-09-12,2023-10-24,130603.02
OPP_11797,Sarah Chen,Starter Pack,Company_264,closed-won,2023-09-12,2023-10-07,10226.91
OPP_11798,Priya Nair,Enterprise Suite,Company_981,closed-lost,2024-03-28,2024-06-10,
OPP_11799,Ryan Osei,Enterprise Suite,Company_992,closed-lost,2023-05-11,2023-08-03,
OPP_11800,Sarah Chen,Enterprise Suite,Company_745,closed-won,2023-03-04,2023-06-22,299704.64
OPP_11801,Anita Rao,Starter Pack,Company_221,closed-won,2023-01-15,2023-02-18,19098.7
OPP_11802,Lisa Park,Enterprise Suite,Company_482,closed-lost,2023-11-27,2024-03-04,
OPP_11803,Lisa Park,Starter Pack,Company_224,closed-won,2024-01-22,2024-03-08,14904.93
OPP_11804,Ryan Osei,Enterprise Suite,Company_146,closed-lost,2023-01-30,2023-03-25,
OPP_11805,Priya Nair,Enterprise Suite,Company_675,closed-lost,2024-02-03,2024-04-08,
OPP_11806,Anita Rao,Starter Pack,,closed-lost,2024-09-08,2024-10-06,
OPP_11807,Carlos Webb,Analytics Pro,Company_610,closed-lost,2023-11-10,2024-01-06,
OPP_11808,Mike Torres,Starter Pack,Company_387,closed-lost,2024-02-14,2024-03-01,
OPP_11809,Ryan Osei,Starter Pack,Company_111,closed-won,2024-07-17,2024-08-20,12689.05
OPP_11810,Sarah Chen,Starter Pack,Company_535,closed-lost,2023-09-03,2023-09-16,
OPP_11811,Ryan Osei,Starter Pack,Company_620,closed-lost,2024-09-10,2024-10-10,
OPP_11812,Mike Torres,Starter Pack,Company_487,closed-won,2024-01-30,2024-02-26,21153.51
OPP_11813,Sarah Chen,Enterprise Suite,Company_515,closed-won,2023-04-11,2023-09-03,286738.68
OPP_11814,Mike Torres,Starter Pack,Company_493,closed-lost,2023-01-01,2023-01-24,
OPP_11815,Priya Nair,Enterprise Suite,,closed-lost,2024-11-28,2025-01-02,
OPP_11816,Sarah Chen,Enterprise Suite,Company_664,closed-won,2023-09-10,2023-12-02,
OPP_11817,Ryan Osei,Enterprise Suite,Company_430,closed-won,2023-04-19,2023-07-17,288480.5
OPP_11818,Carlos Webb,Starter Pack,Company_714,closed-lost,2023-07-29,2023-08-13,
OPP_11819,Ryan Osei,Starter Pack,Company_960,closed-won,2023-05-15,2023-07-09,14959.49
OPP_11820,Lisa Park,Analytics Pro,Company_358,closed-lost,2024-10-29,2024-12-09,
OPP_11821,Mike Torres,Analytics Pro,Company_137,closed-won,2024-07-08,2024-08-04,29174.76
OPP_11822,Anita Rao,Analytics Pro,Company_784,closed-lost,2023-04-11,2023-05-19,
OPP_11823,James Wu,Starter Pack,Company_290,closed-won,2023-12-19,2024-01-18,13462.22
OPP_11824,Ryan Osei,Analytics Pro,Company_193,closed-lost,2024-04-09,2024-05-21,
OPP_11825,Sarah Chen,Enterprise Suite,Company_761,closed-lost,2023-11-28,2024-02-29,
OPP_11826,Sarah Chen,Enterprise Suite,Company_535,closed-lost,2023-04-12,2023-06-14,
OPP_11827,Mike Torres,Enterprise Suite,Company_7,closed-won,2024-08-25,2024-12-18,258015.42
OPP_11828,Ryan Osei,Enterprise Suite,Company_210,closed-lost,2024-04-26,2024-08-22,
OPP_11829,Carlos Webb,Analytics Pro,Company_370,closed-won,2024-06-28,2024-08-18,51005.6
OPP_11830,Mike Torres,Starter Pack,Company_436,closed-won,2023-10-19,2023-11-09,19954.79
OPP_11831,Anita Rao,Analytics Pro,Company_875,closed-lost,2024-06-07,2024-07-05,
OPP_11832,Ryan Osei,Enterprise Suite,Company_374,closed-lost,2023-07-07,2023-10-16,
OPP_11833,Anita Rao,Enterprise Suite,,closed-lost,2024-03-31,2024-07-04,
OPP_11834,James Wu,Analytics Pro,Company_565,closed-won,2023-05-10,2023-06-26,42776.98
OPP_11835,Lisa Park,Starter Pack,Company_379,closed-lost,2024-06-18,2024-07-10,
OPP_11836,Lisa Park,Analytics Pro,Company_314,closed-won,2024-04-04,2024-05-19,36332.7
OPP_11837,Carlos Webb,Enterprise Suite,Company_407,closed-lost,2024-05-16,2024-07-31,
OPP_11838,Priya Nair,Enterprise Suite,Company_121,closed-won,2024-08-01,2024-09-27,198745.2
OPP_11839,James Wu,Analytics Pro,Company_801,closed-lost,2023-10-31,2023-12-19,
OPP_11840,Priya Nair,Starter Pack,Company_219,closed-won,2023-06-08,2023-07-13,
OPP_11841,Ryan Osei,Analytics Pro,Company_820,closed-lost,2023-08-01,2023-09-06,
OPP_11842,Sarah Chen,Starter Pack,Company_398,closed-lost,2024-05-17,2024-06-08,
OPP_11843,Sarah Chen,Starter Pack,Company_843,closed-lost,2024-11-16,2024-12-06,
OPP_11844,Priya Nair,Analytics Pro,Company_948,closed-lost,2023-02-21,2023-04-03,
OPP_11845,Ryan Osei,Starter Pack,Company_65,closed-won,2024-01-27,2024-02-24,14300.08
OPP_11846,Anita Rao,Starter Pack,Company_379,closed-lost,2023-07-05,2023-07-27,
OPP_11847,Mike Torres,Enterprise Suite,Company_38,closed-lost,2024-09-15,2024-11-30,
OPP_11848,Ryan Osei,Analytics Pro,Company_628,closed-won,2023-02-27,2023-04-10,58712.21
OPP_11849,Anita Rao,Enterprise Suite,Company_986,closed-lost,2024-09-13,2024-11-14,
OPP_11850,Sarah Chen,Starter Pack,Company_655,closed-won,2023-02-03,2023-02-28,8494.45
OPP_11851,Lisa Park,Analytics Pro,Company_10,closed-won,2023-06-04,2023-07-12,57464.69
OPP_11852,James Wu,Enterprise Suite,Company_953,closed-lost,2023-01-07,2023-03-18,
OPP_11853,Anita Rao,Starter Pack,Company_34,closed-won,2023-03-11,2023-04-20,8341.91
OPP_11854,James Wu,Enterprise Suite,Company_173,closed-lost,2023-02-14,2023-05-18,
OPP_11855,Sarah Chen,Analytics Pro,Company_244,closed-won,2024-03-10,2024-04-14,
OPP_11856,Sarah Chen,Starter Pack,Company_88,closed-won,2023-09-02,2023-10-13,16160.47
OPP_11857,Anita Rao,Analytics Pro,Company_361,closed-lost,2024-04-22,2024-06-02,
OPP_11858,Ryan Osei,Analytics Pro,Company_600,closed-lost,2023-09-11,2023-10-24,
OPP_11859,James Wu,Enterprise Suite,Company_15,closed-lost,2023-12-08,2024-03-06,
OPP_11860,Mike Torres,Starter Pack,Company_562,closed-won,2024-04-06,2024-05-02,24560.03
OPP_11861,Anita Rao,Enterprise Suite,Company_849,closed-lost,2023-02-15,2023-07-01,
OPP_11862,Carlos Webb,Analytics Pro,Company_986,closed-lost,2024-01-16,2024-03-21,
OPP_11863,Anita Rao,Starter Pack,Company_620,closed-won,2024-11-17,2024-12-18,19100.82
OPP_11864,James Wu,Analytics Pro,Company_952,closed-lost,2023-11-11,2023-12-19,
OPP_11865,Ryan Osei,Enterprise Suite,Company_4,closed-lost,2023-04-07,2023-06-18,
OPP_11866,Anita Rao,Starter Pack,Company_416,closed-won,2024-01-25,2024-03-06,18845.16
OPP_11867,Mike Torres,Enterprise Suite,Company_74,closed-lost,2024-08-29,2024-12-20,
OPP_11868,Anita Rao,Analytics Pro,Company_969,closed-lost,2023-07-19,2023-09-12,
OPP_11869,Mike Torres,Enterprise Suite,Company_979,closed-lost,2024-08-18,2024-12-18,
OPP_11870,Anita Rao,Enterprise Suite,Company_832,closed-lost,2023-10-12,2024-01-18,
OPP_11871,Anita Rao,Enterprise Suite,Company_453,closed-lost,2023-09-15,2024-01-27,
OPP_11872,Ryan Osei,Enterprise Suite,Company_495,closed-won,2024-08-23,2024-12-25,281957.55
OPP_11873,James Wu,Analytics Pro,Company_984,closed-won,2023-06-15,2023-08-03,52188.2
OPP_11874,Lisa Park,Enterprise Suite,Company_471,closed-lost,2023-04-13,2023-08-12,
OPP_11875,Sarah Chen,Analytics Pro,Company_119,closed-lost,2023-09-11,2023-10-28,
OPP_11876,Anita Rao,Starter Pack,,closed-lost,2024-06-29,2024-08-07,
OPP_11877,James Wu,Enterprise Suite,Company_718,closed-lost,2023-06-22,2023-10-03,
OPP_11878,James Wu,Analytics Pro,Company_422,closed-lost,2024-04-08,2024-05-30,
OPP_11879,Carlos Webb,Enterprise Suite,Company_548,closed-lost,2023-06-15,2023-10-16,
OPP_11880,Sarah Chen,Enterprise Suite,Company_852,closed-won,2024-10-06,2025-02-07,
OPP_11881,Anita Rao,Starter Pack,Company_294,closed-won,2024-06-10,2024-07-20,24765.54
OPP_11882,Mike Torres,Analytics Pro,Company_689,closed-lost,2023-05-17,2023-06-20,
OPP_11883,Carlos Webb,Starter Pack,Company_567,closed-lost,2024-08-02,2024-08-28,
OPP_11884,Priya Nair,Analytics Pro,Company_321,closed-won,2024-06-15,2024-08-14,75425.61
OPP_11885,Carlos Webb,Starter Pack,Company_915,closed-lost,2023-03-18,2023-04-28,
OPP_11886,Anita Rao,Starter Pack,Company_969,closed-lost,2023-08-05,2023-09-19,
OPP_11887,James Wu,Analytics Pro,Company_754,closed-lost,2023-01-12,2023-03-20,
OPP_11888,James Wu,Starter Pack,Company_753,closed-won,2024-01-08,2024-02-12,13455.2
OPP_11889,James Wu,Analytics Pro,Company_211,closed-lost,2023-11-15,2023-12-30,
OPP_11890,James Wu,Starter Pack,Company_854,closed-lost,2023-03-02,2023-04-02,
OPP_11891,James Wu,Enterprise Suite,Company_364,closed-won,2024-05-10,2024-08-06,467835.9
OPP_11892,Priya Nair,Starter Pack,,closed-won,2023-06-10,2023-06-25,8709.9
OPP_11893,Mike Torres,Enterprise Suite,Company_978,closed-won,2024-07-16,2024-09-15,256326.7
OPP_11894,Lisa Park,Enterprise Suite,Company_6,closed-won,2023-02-26,2023-05-28,173410.56
OPP_11895,Sarah Chen,Analytics Pro,,closed-lost,2024-06-14,2024-08-24,
OPP_11896,Carlos Webb,Analytics Pro,Company_919,closed-lost,2024-04-08,2024-06-06,
OPP_11897,Anita Rao,Analytics Pro,Company_187,closed-lost,2023-09-21,2023-10-08,
OPP_11898,Anita Rao,Analytics Pro,Company_227,closed-won,2023-09-22,2023-11-26,27500.0
OPP_11899,Priya Nair,Starter Pack,Company_538,closed-lost,2023-12-22,2024-01-17,
OPP_11900,Ryan Osei,Analytics Pro,Company_962,closed-lost,2023-06-17,2023-08-02,
OPP_11901,Sarah Chen,Enterprise Suite,Company_355,closed-lost,2024-02-11,2024-04-22,
OPP_11902,Ryan Osei,Enterprise Suite,Company_794,closed-lost,2023-02-22,2023-06-15,
OPP_11903,Priya Nair,Analytics Pro,Company_999,closed-lost,2023-12-26,2024-02-05,
OPP_11904,Mike Torres,Enterprise Suite,Company_530,closed-lost,2024-03-22,2024-07-04,
OPP_11905,Lisa Park,Analytics Pro,Company_705,closed-lost,2024-01-06,2024-02-08,
OPP_11906,Sarah Chen,Starter Pack,Company_690,closed-lost,2023-05-31,2023-07-08,
OPP_11907,James Wu,Analytics Pro,Company_594,closed-won,2023-08-15,2023-10-16,59083.55
OPP_11908,Mike Torres,Analytics Pro,Company_370,closed-won,2023-12-18,2024-01-26,53504.12
OPP_11909,Anita Rao,Starter Pack,Company_561,closed-won,2023-10-04,2023-11-01,13051.6
OPP_11910,Anita Rao,Starter Pack,Company_275,closed-lost,2023-09-08,2023-10-23,
OPP_11911,Lisa Park,Enterprise Suite,Company_351,closed-lost,2024-08-04,2024-12-07,
OPP_11912,Carlos Webb,Starter Pack,Company_510,closed-lost,2024-05-28,2024-06-23,
OPP_11913,Ryan Osei,Starter Pack,,closed-lost,2024-09-24,2024-10-24,
OPP_11914,Carlos Webb,Analytics Pro,Company_874,closed-won,2024-09-06,2024-10-22,48391.82
OPP_11915,Ryan Osei,Analytics Pro,,closed-won,2023-03-03,2023-03-30,46054.3
OPP_11916,Priya Nair,Enterprise Suite,Company_134,closed-lost,2024-04-22,2024-07-13,
OPP_11917,James Wu,Starter Pack,Company_738,closed-lost,2023-07-24,2023-09-09,
OPP_11918,Anita Rao,Starter Pack,Company_568,closed-lost,2024-07-20,2024-08-27,
OPP_11919,Ryan Osei,Analytics Pro,Company_200,closed-won,2024-03-05,2024-04-23,77343.99
OPP_11920,Priya Nair,Enterprise Suite,Company_153,closed-lost,2023-06-03,2023-08-28,
OPP_11921,Lisa Park,Starter Pack,Company_180,closed-lost,2023-12-26,2024-01-20,
OPP_11922,Ryan Osei,Analytics Pro,Company_137,closed-won,2024-01-05,2024-02-02,44002.3
OPP_11923,Carlos Webb,Analytics Pro,,closed-lost,2023-08-24,2023-10-15,
OPP_11924,Anita Rao,Enterprise Suite,Company_879,closed-lost,2024-09-28,2025-02-14,
OPP_11925,Sarah Chen,Analytics Pro,Company_101,closed-lost,2023-06-11,2023-08-13,
OPP_11926,Priya Nair,Starter Pack,Company_220,closed-won,2023-02-09,2023-02-21,
OPP_11927,Anita Rao,Analytics Pro,Company_859,closed-lost,2024-01-14,2024-02-16,
OPP_11928,Mike Torres,Analytics Pro,Company_762,closed-lost,2024-10-08,2024-11-21,
OPP_11929,Carlos Webb,Analytics Pro,Company_369,closed-won,2023-09-30,2023-11-04,59378.2
OPP_11930,Carlos Webb,Enterprise Suite,Company_570,closed-lost,2024-05-29,2024-07-29,
OPP_11931,Anita Rao,Analytics Pro,Company_20,closed-lost,2023-07-28,2023-09-14,
OPP_11932,Ryan Osei,Starter Pack,Company_359,closed-won,2024-06-08,2024-07-15,24098.86
OPP_11933,James Wu,Enterprise Suite,Company_589,closed-lost,2023-12-17,2024-04-17,
OPP_11934,Priya Nair,Analytics Pro,Company_363,closed-lost,2024-09-13,2024-10-28,
OPP_11935,Carlos Webb,Enterprise Suite,Company_522,closed-lost,2024-04-04,2024-05-17,
OPP_11936,Lisa Park,Enterprise Suite,Company_457,closed-won,2023-12-21,2024-05-10,125000.0
OPP_11937,Mike Torres,Analytics Pro,Company_628,closed-lost,2024-09-12,2024-09-21,
OPP_11938,Anita Rao,Analytics Pro,Company_646,closed-lost,2024-11-24,2025-03-02,
OPP_11939,Priya Nair,Starter Pack,Company_655,closed-won,2023-09-13,2023-10-11,23570.92
OPP_11940,Carlos Webb,Analytics Pro,Company_646,closed-won,2023-01-03,2023-02-27,48119.62
OPP_11941,Ryan Osei,Starter Pack,Company_81,closed-won,2024-01-15,2024-02-11,14789.06
OPP_11942,Priya Nair,Analytics Pro,Company_233,closed-lost,2023-12-08,2024-02-06,
OPP_11943,Carlos Webb,Analytics Pro,Company_668,closed-lost,2024-10-19,2024-11-29,
OPP_11944,Anita Rao,Enterprise Suite,Company_273,closed-lost,2024-06-09,2024-09-05,
OPP_11945,Ryan Osei,Analytics Pro,Company_908,closed-lost,2024-04-23,2024-06-12,
OPP_11946,Lisa Park,Analytics Pro,Company_765,closed-lost,2023-03-31,2023-05-07,
OPP_11947,Lisa Park,Analytics Pro,Company_171,closed-won,2024-04-30,2024-06-02,39989.75
OPP_11948,Priya Nair,Starter Pack,Company_128,closed-lost,2023-05-08,2023-06-12,
OPP_11949,James Wu,Enterprise Suite,Company_257,closed-lost,2024-05-20,2024-08-24,
OPP_11950,Mike Torres,Starter Pack,Company_170,closed-won,2024-01-18,2024-02-17,15608.79
OPP_11951,Ryan Osei,Starter Pack,Company_97,closed-lost,2023-09-30,2023-10-28,
OPP_11952,Mike Torres,Analytics Pro,Company_561,closed-won,2024-09-24,2024-12-02,73346.17
OPP_11953,Sarah Chen,Starter Pack,Company_789,closed-won,2024-02-01,2024-03-25,21977.17
OPP_11954,Ryan Osei,Enterprise Suite,Company_783,closed-lost,2024-05-16,2024-07-31,
OPP_11955,Mike Torres,Starter Pack,Company_268,closed-won,2023-01-27,2023-02-24,14806.38
OPP_11956,Priya Nair,Starter Pack,Company_670,closed-won,2023-10-05,2023-10-22,10908.31
OPP_11957,Ryan Osei,Analytics Pro,Company_234,closed-lost,2023-10-21,2023-12-31,
OPP_11958,James Wu,Enterprise Suite,Company_290,closed-lost,2024-11-23,2025-02-19,
OPP_11959,Lisa Park,Enterprise Suite,Company_129,closed-lost,2024-06-22,2024-08-09,
OPP_11960,Priya Nair,Enterprise Suite,Company_858,closed-lost,2023-01-05,2023-03-27,
OPP_11961,Priya Nair,Starter Pack,Company_35,closed-lost,2024-08-04,2024-09-06,
OPP_11962,Carlos Webb,Analytics Pro,Company_884,closed-won,2023-07-26,2023-09-20,43214.5
OPP_11963,Lisa Park,Analytics Pro,Company_998,closed-lost,2023-08-09,2023-10-22,
OPP_11964,Anita Rao,Enterprise Suite,Company_455,closed-lost,2024-03-18,2024-06-27,
OPP_11965,Priya Nair,Enterprise Suite,Company_552,closed-lost,2023-05-24,2023-07-08,
OPP_11966,Priya Nair,Enterprise Suite,Company_611,closed-lost,2024-07-20,2024-10-08,
OPP_11967,Lisa Park,Enterprise Suite,Company_766,closed-lost,2023-01-25,2023-04-06,
OPP_11968,Ryan Osei,Enterprise Suite,Company_655,closed-lost,2024-04-11,2024-06-22,
OPP_11969,Anita Rao,Analytics Pro,Company_493,closed-lost,2023-04-16,2023-05-21,
OPP_11970,James Wu,Starter Pack,Company_452,closed-lost,2023-04-14,2023-05-12,
OPP_11971,Anita Rao,Analytics Pro,Company_422,closed-lost,2023-02-12,2023-03-21,
OPP_11972,Anita Rao,Starter Pack,Company_310,closed-lost,2024-06-02,2024-06-29,
OPP_11973,Sarah Chen,Starter Pack,Company_535,closed-lost,2023-08-01,2023-08-23,
OPP_11974,Priya Nair,Analytics Pro,Company_293,closed-lost,2023-09-06,2023-10-04,
OPP_11975,Lisa Park,Enterprise Suite,Company_8,closed-won,2024-10-24,2024-12-18,332334.43
OPP_11976,Lisa Park,Analytics Pro,Company_306,closed-won,2023-03-22,2023-04-27,43163.09
OPP_11977,Sarah Chen,Analytics Pro,Company_817,closed-lost,2023-11-06,2023-12-14,
OPP_11978,Anita Rao,Enterprise Suite,,closed-lost,2024-06-24,2024-10-29,
OPP_11979,Sarah Chen,Enterprise Suite,Company_382,closed-lost,2024-08-28,2024-12-20,
OPP_11980,James Wu,Analytics Pro,Company_903,closed-lost,2024-04-26,2024-06-18,
OPP_11981,Ryan Osei,Analytics Pro,Company_255,closed-won,2023-11-12,2023-12-23,
OPP_11982,Priya Nair,Enterprise Suite,Company_754,closed-lost,2024-01-24,2024-05-07,
OPP_11983,Ryan Osei,Analytics Pro,Company_225,closed-lost,2024-07-19,2024-08-17,
OPP_11984,Anita Rao,Starter Pack,Company_432,closed-lost,2023-10-31,2023-11-27,
OPP_11985,James Wu,Enterprise Suite,Company_782,closed-lost,2023-01-06,2023-03-25,
OPP_11986,Anita Rao,Analytics Pro,Company_664,closed-lost,2023-01-13,2023-03-16,
OPP_11987,Anita Rao,Analytics Pro,Company_192,closed-lost,2023-06-17,2023-07-06,
OPP_11988,Mike Torres,Starter Pack,,closed-lost,2023-09-10,2023-09-25,
OPP_11989,Anita Rao,Starter Pack,Company_652,closed-lost,2024-08-15,2024-10-03,
OPP_11990,Lisa Park,Enterprise Suite,Company_463,closed-lost,2023-05-12,2023-07-11,
OPP_11991,Anita Rao,Enterprise Suite,Company_637,closed-lost,2023-11-21,2024-02-24,
OPP_11992,Lisa Park,Starter Pack,Company_328,closed-lost,2024-08-06,2024-08-19,
OPP_11993,Sarah Chen,Starter Pack,Company_50,closed-won,2023-09-20,2023-10-26,13310.92
OPP_11994,Sarah Chen,Starter Pack,Company_995,closed-won,2023-09-23,2023-10-18,16392.32
OPP_11995,Mike Torres,Analytics Pro,Company_275,closed-lost,2024-01-02,2024-02-04,
OPP_11996,Priya Nair,Enterprise Suite,Company_448,closed-lost,2023-08-27,2023-11-09,
OPP_11997,Sarah Chen,Starter Pack,Company_92,closed-won,2024-03-28,2024-04-30,26397.08
OPP_11998,Priya Nair,Starter Pack,Company_505,closed-lost,2024-08-16,2024-09-15,
OPP_11999,James Wu,Analytics Pro,Company_430,closed-won,2023-10-21,2023-11-25,56965.83
OPP_12000,Anita Rao,Analytics Pro,Company_380,closed-lost,2024-11-13,2024-12-28,
OPP_12001,Lisa Park,Enterprise Suite,Company_810,closed-lost,2023-07-28,2023-10-02,
OPP_12002,Sarah Chen,Analytics Pro,Company_82,closed-lost,2024-04-09,2024-05-11,
OPP_12003,Priya Nair,Starter Pack,Company_272,closed-won,2024-07-12,2024-08-15,19887.73
OPP_12004,Ryan Osei,Starter Pack,Company_556,closed-won,2023-06-05,2023-07-18,10859.02
OPP_12005,Lisa Park,Starter Pack,Company_196,closed-lost,2023-02-27,2023-04-03,
OPP_12006,Anita Rao,Analytics Pro,Company_848,closed-lost,2023-10-16,2023-11-16,
OPP_12007,Sarah Chen,Starter Pack,Company_997,closed-won,2023-10-31,2023-12-03,12842.72
OPP_12008,James Wu,Analytics Pro,Company_789,closed-won,2023-07-07,2023-08-30,54401.1
OPP_12009,Lisa Park,Starter Pack,Company_755,closed-won,2023-02-16,2023-03-30,8294.83
OPP_12010,Sarah Chen,Starter Pack,Company_471,closed-won,2024-09-09,2024-10-20,16544.26
OPP_12011,Mike Torres,Enterprise Suite,Company_681,closed-lost,2024-06-03,2024-09-15,
OPP_12012,James Wu,Analytics Pro,Company_398,closed-lost,2024-08-25,2024-09-16,
OPP_12013,Anita Rao,Analytics Pro,Company_162,closed-lost,2024-11-10,2024-12-23,
OPP_12014,Sarah Chen,Enterprise Suite,Company_959,closed-lost,2023-02-24,2023-04-21,
OPP_12015,Mike Torres,Analytics Pro,Company_492,closed-lost,2023-07-28,2023-09-03,
OPP_12016,Anita Rao,Starter Pack,Company_369,closed-won,2024-04-08,2024-05-09,13207.98
OPP_12017,Sarah Chen,Enterprise Suite,Company_223,closed-lost,2024-02-12,2024-04-09,
OPP_12018,Mike Torres,Starter Pack,Company_648,closed-lost,2024-01-03,2024-01-25,
OPP_12019,Ryan Osei,Analytics Pro,Company_15,closed-lost,2023-10-13,2023-11-08,
OPP_12020,Priya Nair,Analytics Pro,Company_598,closed-lost,2024-10-14,2024-12-20,
OPP_12021,Mike Torres,Analytics Pro,Company_808,closed-won,2024-09-21,2024-11-22,65008.68
OPP_12022,James Wu,Starter Pack,Company_992,closed-lost,2024-07-16,2024-08-10,
OPP_12023,Sarah Chen,Enterprise Suite,Company_802,closed-won,2023-02-14,2023-05-08,281709.36
OPP_12024,Lisa Park,Enterprise Suite,Company_610,closed-lost,2024-09-24,2024-11-03,
OPP_12025,Priya Nair,Analytics Pro,Company_789,closed-lost,2023-04-25,2023-05-29,
OPP_12026,Mike Torres,Starter Pack,Company_161,closed-lost,2023-06-12,2023-06-27,
OPP_12027,Lisa Park,Starter Pack,Company_702,closed-won,2023-11-20,2023-12-24,10754.48
OPP_12028,Carlos Webb,Enterprise Suite,Company_61,closed-lost,2023-03-07,2023-07-03,
OPP_12029,Sarah Chen,Analytics Pro,Company_660,closed-lost,2023-09-16,2023-11-11,
OPP_12030,Priya Nair,Enterprise Suite,Company_549,closed-won,2023-10-07,2023-12-04,149852.56
OPP_12031,Mike Torres,Starter Pack,Company_499,closed-lost,2024-01-10,2024-03-04,
OPP_12032,James Wu,Analytics Pro,Company_571,closed-lost,2023-02-22,2023-04-17,
OPP_12033,Carlos Webb,Analytics Pro,Company_750,closed-won,2024-11-18,2025-02-11,67666.84
OPP_12034,James Wu,Starter Pack,Company_705,closed-won,2023-10-22,2023-11-25,10697.46
OPP_12035,Ryan Osei,Analytics Pro,Company_741,closed-lost,2023-08-21,2023-10-29,
OPP_12036,Priya Nair,Analytics Pro,Company_920,closed-lost,2024-04-14,2024-06-25,
OPP_12037,Sarah Chen,Analytics Pro,,closed-lost,2023-11-29,2023-12-17,
OPP_12038,Lisa Park,Enterprise Suite,Company_301,closed-lost,2023-05-10,2023-08-08,
OPP_12039,Lisa Park,Starter Pack,Company_580,closed-won,2024-07-15,2024-08-10,15942.58
OPP_12040,Priya Nair,Enterprise Suite,Company_356,closed-lost,2023-10-03,2023-12-01,
OPP_12041,Carlos Webb,Enterprise Suite,Company_479,closed-lost,2024-01-20,2024-03-14,
OPP_12042,Anita Rao,Enterprise Suite,Company_936,closed-lost,2024-02-14,2024-05-22,
OPP_12043,Priya Nair,Starter Pack,Company_543,closed-lost,2024-05-09,2024-06-14,
OPP_12044,Priya Nair,Analytics Pro,Company_302,closed-lost,2024-01-30,2024-03-28,
OPP_12045,Anita Rao,Enterprise Suite,Company_375,closed-won,2023-08-26,2023-09-24,216271.31
OPP_12046,Lisa Park,Starter Pack,Company_794,closed-won,2024-09-07,2024-10-03,14919.18
OPP_12047,Ryan Osei,Enterprise Suite,Company_189,closed-lost,2023-11-03,2024-01-16,
OPP_12048,Sarah Chen,Enterprise Suite,Company_877,closed-lost,2024-06-09,2024-08-04,
OPP_12049,Carlos Webb,Enterprise Suite,Company_244,closed-lost,2024-09-13,2024-11-12,
OPP_12050,Carlos Webb,Enterprise Suite,Company_64,closed-won,2024-06-21,2024-09-13,233831.87
OPP_12051,Ryan Osei,Starter Pack,Company_536,closed-won,2023-10-02,2023-11-11,7955.4
OPP_12052,Lisa Park,Enterprise Suite,Company_157,closed-lost,2024-08-06,2024-08-26,
OPP_12053,Anita Rao,Analytics Pro,Company_419,closed-lost,2023-09-02,2023-09-30,
OPP_12054,Carlos Webb,Starter Pack,Company_98,closed-lost,2024-05-25,2024-06-25,
OPP_12055,Mike Torres,Starter Pack,Company_855,closed-lost,2023-08-30,2023-09-19,
OPP_12056,Priya Nair,Starter Pack,Company_894,closed-won,2023-07-15,2023-08-15,19415.18
OPP_12057,Sarah Chen,Starter Pack,Company_109,closed-lost,2024-02-03,2024-03-09,
OPP_12058,Lisa Park,Starter Pack,,closed-lost,2023-05-14,2023-06-11,
OPP_12059,Sarah Chen,Enterprise Suite,Company_657,closed-lost,2024-09-16,2024-12-06,
OPP_12060,Ryan Osei,Enterprise Suite,Company_501,closed-lost,2023-05-27,2023-07-05,
OPP_12061,Anita Rao,Starter Pack,Company_375,closed-lost,2024-09-27,2024-10-11,
OPP_12062,James Wu,Enterprise Suite,Company_735,closed-won,2024-03-03,2024-05-13,242409.14
OPP_12063,Mike Torres,Starter Pack,Company_952,closed-won,2023-02-19,2023-03-22,12979.21
OPP_12064,James Wu,Enterprise Suite,Company_503,closed-lost,2024-10-10,2024-12-24,
OPP_12065,Mike Torres,Analytics Pro,Company_820,closed-won,2023-09-22,2023-11-17,56942.4
OPP_12066,Sarah Chen,Analytics Pro,Company_571,closed-lost,2023-09-18,2023-10-30,
OPP_12067,Ryan Osei,Analytics Pro,Company_813,closed-won,2023-08-10,2023-10-01,28562.16
OPP_12068,Sarah Chen,Enterprise Suite,Company_272,closed-lost,2024-10-08,2025-01-06,
OPP_12069,Sarah Chen,Enterprise Suite,,closed-lost,2024-05-18,2024-09-09,
OPP_12070,Anita Rao,Starter Pack,Company_967,closed-lost,2023-04-16,2023-04-28,
OPP_12071,James Wu,Enterprise Suite,Company_99,closed-lost,2023-03-20,2023-07-12,
OPP_12072,Mike Torres,Enterprise Suite,Company_236,closed-lost,2023-09-29,2023-11-01,
OPP_12073,Ryan Osei,Starter Pack,,closed-won,2023-02-25,2023-04-03,22696.41
OPP_12074,James Wu,Enterprise Suite,Company_640,closed-lost,2023-10-05,2024-01-16,
OPP_12075,Priya Nair,Enterprise Suite,Company_767,closed-lost,2023-02-01,2023-04-21,
OPP_12076,Ryan Osei,Enterprise Suite,Company_108,closed-won,2023-11-12,2024-02-01,258638.71
OPP_12077,Carlos Webb,Enterprise Suite,Company_469,closed-lost,2023-03-12,2023-07-31,
OPP_12078,Ryan Osei,Starter Pack,Company_170,closed-lost,2023-02-15,2023-03-08,
OPP_12079,Priya Nair,Enterprise Suite,Company_411,closed-lost,2024-03-31,2024-06-19,
OPP_12080,Carlos Webb,Enterprise Suite,Company_161,closed-lost,2024-05-19,2024-07-07,
OPP_12081,Lisa Park,Analytics Pro,Company_924,closed-won,2023-11-29,2024-01-02,64614.26
OPP_12082,Carlos Webb,Enterprise Suite,Company_332,closed-lost,2023-03-24,2023-06-30,
OPP_12083,Carlos Webb,Analytics Pro,Company_782,closed-lost,2023-08-03,2023-09-08,
OPP_12084,Ryan Osei,Enterprise Suite,Company_331,closed-lost,2023-07-13,2023-10-19,
OPP_12085,James Wu,Enterprise Suite,Company_558,closed-lost,2023-11-21,2024-01-21,
OPP_12086,James Wu,Analytics Pro,Company_784,closed-won,2023-01-31,2023-03-24,48269.56
OPP_12087,Anita Rao,Analytics Pro,Company_984,closed-lost,2024-02-15,2024-03-23,
OPP_12088,Lisa Park,Analytics Pro,Company_982,closed-lost,2024-06-23,2024-07-29,
OPP_12089,Ryan Osei,Starter Pack,,closed-won,2024-04-06,2024-05-14,15572.9
OPP_12090,Sarah Chen,Analytics Pro,Company_610,closed-lost,2024-07-22,2024-10-07,
OPP_12091,Sarah Chen,Enterprise Suite,Company_138,closed-lost,2024-06-17,2024-09-29,
OPP_12092,Anita Rao,Starter Pack,Company_307,closed-lost,2023-10-31,2023-11-26,
OPP_12093,James Wu,Starter Pack,Company_876,closed-lost,2023-09-10,2023-10-16,
OPP_12094,Carlos Webb,Starter Pack,Company_790,closed-won,2023-12-20,2024-01-15,11746.72
OPP_12095,Anita Rao,Enterprise Suite,Company_523,closed-lost,2023-01-30,2023-03-30,
OPP_12096,Priya Nair,Starter Pack,Company_38,closed-lost,2023-10-07,2023-10-26,
OPP_12097,Lisa Park,Analytics Pro,Company_159,closed-won,2023-02-22,2023-04-07,67938.56
OPP_12098,Priya Nair,Analytics Pro,Company_375,closed-won,2023-09-06,2023-10-23,44700.11
OPP_12099,James Wu,Starter Pack,Company_262,closed-lost,2024-08-09,2024-09-15,
OPP_12100,Anita Rao,Starter Pack,Company_584,closed-lost,2023-11-04,2023-12-10,
OPP_12101,Ryan Osei,Enterprise Suite,,closed-won,2023-03-07,2023-07-15,187928.92
OPP_12102,James Wu,Enterprise Suite,Company_79,closed-lost,2023-11-13,2024-01-04,
OPP_12103,Carlos Webb,Analytics Pro,Company_177,closed-lost,2023-02-28,2023-04-10,
OPP_12104,Lisa Park,Enterprise Suite,Company_719,closed-lost,2024-04-15,2024-06-13,
OPP_12105,Mike Torres,Enterprise Suite,Company_657,closed-lost,2024-11-24,2025-03-12,
OPP_12106,Anita Rao,Starter Pack,Company_748,closed-lost,2023-09-13,2023-10-10,
OPP_12107,Ryan Osei,Starter Pack,Company_798,closed-won,2024-10-18,2024-11-15,14340.11
OPP_12108,Sarah Chen,Analytics Pro,Company_356,closed-won,2023-10-22,2023-11-21,47263.49
OPP_12109,Ryan Osei,Analytics Pro,Company_952,closed-won,2023-01-14,2023-02-25,66595.42
OPP_12110,Mike Torres,Starter Pack,Company_765,closed-won,2023-10-29,2023-11-24,15011.16
OPP_12111,Sarah Chen,Enterprise Suite,Company_796,closed-lost,2023-09-03,2024-01-21,
OPP_12112,Ryan Osei,Starter Pack,Company_312,closed-lost,2024-01-29,2024-03-03,
OPP_12113,Sarah Chen,Analytics Pro,Company_552,closed-won,2024-08-21,2024-10-10,61711.07
OPP_12114,Priya Nair,Analytics Pro,Company_514,closed-lost,2024-09-12,2024-11-11,
OPP_12115,James Wu,Starter Pack,Company_51,closed-lost,2023-01-08,2023-02-16,
OPP_12116,Ryan Osei,Analytics Pro,Company_770,closed-lost,2024-07-08,2024-08-19,
OPP_12117,Mike Torres,Starter Pack,Company_442,closed-won,2024-10-06,2024-10-24,15187.19
OPP_12118,Anita Rao,Analytics Pro,Company_151,closed-lost,2024-01-13,2024-02-22,
OPP_12119,Priya Nair,Analytics Pro,Company_84,closed-won,2024-01-24,2024-03-15,
OPP_12120,Lisa Park,Enterprise Suite,Company_763,closed-lost,2023-09-26,2023-12-17,
OPP_12121,Sarah Chen,Enterprise Suite,Company_408,closed-lost,2024-03-14,2024-07-14,
OPP_12122,Anita Rao,Starter Pack,Company_408,closed-lost,2023-08-13,2023-09-21,
OPP_12123,Ryan Osei,Enterprise Suite,Company_133,closed-lost,2024-11-24,2025-02-03,
OPP_12124,Priya Nair,Analytics Pro,Company_572,closed-lost,2024-04-09,2024-05-07,
OPP_12125,James Wu,Analytics Pro,Company_404,closed-lost,2023-10-10,2023-12-14,
OPP_12126,James Wu,Enterprise Suite,Company_630,closed-lost,2024-05-11,2024-08-14,
OPP_12127,James Wu,Starter Pack,Company_73,closed-won,2023-11-09,2023-11-17,
OPP_12128,Anita Rao,Analytics Pro,Company_331,closed-lost,2023-01-23,2023-03-10,
OPP_12129,Mike Torres,Starter Pack,Company_687,closed-won,2024-08-15,2024-09-18,8145.51
OPP_12130,Ryan Osei,Analytics Pro,Company_374,closed-won,2023-08-29,2023-10-01,58323.51
OPP_12131,Carlos Webb,Starter Pack,Company_328,closed-won,2024-02-28,2024-04-11,10644.94
OPP_12132,Carlos Webb,Enterprise Suite,Company_671,closed-lost,2023-07-03,2023-09-14,
OPP_12133,Sarah Chen,Analytics Pro,Company_173,closed-lost,2023-09-17,2023-11-08,
OPP_12134,Carlos Webb,Enterprise Suite,Company_841,closed-lost,2024-11-01,2025-01-29,
OPP_12135,Lisa Park,Enterprise Suite,Company_149,closed-lost,2023-07-02,2023-09-10,
OPP_12136,Lisa Park,Starter Pack,Company_946,closed-lost,2024-11-20,2024-12-16,
OPP_12137,James Wu,Starter Pack,Company_701,closed-won,2024-06-13,2024-07-04,7500.0
OPP_12138,Carlos Webb,Starter Pack,Company_775,closed-lost,2023-03-13,2023-04-14,
OPP_12139,Mike Torres,Starter Pack,Company_757,closed-won,2024-06-30,2024-08-08,18776.21
OPP_12140,Sarah Chen,Starter Pack,Company_971,closed-won,2023-06-26,2023-07-25,7500.0
OPP_12141,Priya Nair,Analytics Pro,Company_14,closed-won,2023-08-02,2023-09-15,27500.0
OPP_12142,Carlos Webb,Enterprise Suite,Company_823,closed-lost,2024-03-12,2024-05-31,
OPP_12143,Mike Torres,Analytics Pro,Company_460,closed-won,2024-11-10,2025-01-09,27500.0
OPP_12144,Lisa Park,Starter Pack,Company_339,closed-won,2023-05-15,2023-06-21,8554.64
OPP_12145,James Wu,Enterprise Suite,Company_550,closed-lost,2024-01-03,2024-03-15,
OPP_12146,James Wu,Starter Pack,Company_559,closed-lost,2024-07-08,2024-08-15,
OPP_12147,Anita Rao,Enterprise Suite,Company_494,closed-lost,2023-04-09,2023-06-30,
OPP_12148,Priya Nair,Enterprise Suite,Company_715,closed-lost,2023-06-18,2023-10-25,
OPP_12149,Sarah Chen,Analytics Pro,Company_596,closed-won,2023-09-10,2023-10-27,40127.09
OPP_12150,Sarah Chen,Analytics Pro,Company_174,closed-lost,2023-03-18,2023-05-02,
OPP_12151,Sarah Chen,Analytics Pro,Company_205,closed-lost,2024-08-13,2024-10-10,
OPP_12152,Anita Rao,Starter Pack,Company_476,closed-lost,2024-11-15,2024-12-24,
OPP_12153,Sarah Chen,Starter Pack,Company_397,closed-won,2024-01-04,2024-02-08,7500.0
OPP_12154,Anita Rao,Enterprise Suite,Company_872,closed-lost,2023-06-24,2023-10-02,
OPP_12155,Carlos Webb,Starter Pack,Company_19,closed-won,2023-03-24,2023-04-20,14762.92
OPP_12156,Anita Rao,Enterprise Suite,Company_395,closed-lost,2024-01-26,2024-05-02,
OPP_12157,James Wu,Analytics Pro,Company_520,closed-won,2024-07-01,2024-09-10,48933.43
OPP_12158,Mike Torres,Analytics Pro,Company_496,closed-won,2023-10-24,2023-11-22,67691.78
OPP_12159,Mike Torres,Starter Pack,Company_203,closed-lost,2023-09-02,2023-10-09,
OPP_12160,Lisa Park,Enterprise Suite,Company_948,closed-lost,2024-08-15,2024-12-17,
OPP_12161,Sarah Chen,Starter Pack,Company_253,closed-lost,2023-11-17,2023-12-12,
OPP_12162,Anita Rao,Analytics Pro,,closed-lost,2024-03-17,2024-04-25,
OPP_12163,Ryan Osei,Enterprise Suite,,closed-lost,2024-05-27,2024-10-03,
OPP_12164,Sarah Chen,Analytics Pro,Company_700,closed-lost,2024-11-25,2025-01-06,
OPP_12165,Carlos Webb,Analytics Pro,Company_640,closed-lost,2023-11-06,2023-12-13,
OPP_12166,Anita Rao,Starter Pack,Company_513,closed-lost,2024-03-25,2024-04-29,
OPP_12167,Anita Rao,Starter Pack,Company_640,closed-lost,2023-08-08,2023-08-28,
OPP_12168,Anita Rao,Analytics Pro,Company_911,closed-lost,2024-03-03,2024-04-06,
OPP_12169,Sarah Chen,Enterprise Suite,Company_971,closed-lost,2024-07-13,2024-10-04,
OPP_12170,Anita Rao,Starter Pack,Company_155,closed-won,2023-04-18,2023-05-14,21970.11
OPP_12171,Carlos Webb,Analytics Pro,Company_672,closed-won,2024-03-19,2024-04-11,48023.86
OPP_12172,Priya Nair,Starter Pack,Company_747,closed-lost,2024-04-07,2024-05-11,
OPP_12173,Ryan Osei,Enterprise Suite,Company_983,closed-won,2024-10-14,2024-12-26,194910.56
OPP_12174,James Wu,Analytics Pro,Company_246,closed-lost,2023-05-14,2023-06-17,
OPP_12175,Priya Nair,Analytics Pro,Company_993,closed-lost,2023-11-10,2023-12-31,
OPP_12176,Anita Rao,Enterprise Suite,Company_337,closed-lost,2024-05-11,2024-09-01,
OPP_12177,Lisa Park,Enterprise Suite,Company_134,closed-lost,2023-09-27,2023-11-13,
OPP_12178,James Wu,Enterprise Suite,,closed-lost,2024-01-14,2024-02-13,
OPP_12179,James Wu,Starter Pack,Company_316,closed-lost,2023-04-12,2023-05-06,
OPP_12180,Priya Nair,Analytics Pro,Company_930,closed-lost,2024-04-22,2024-05-13,
OPP_12181,Priya Nair,Enterprise Suite,Company_955,closed-lost,2024-01-29,2024-06-04,
OPP_12182,Priya Nair,Analytics Pro,Company_69,closed-won,2024-09-27,2024-11-11,61913.63
OPP_12183,Mike Torres,Starter Pack,Company_325,closed-won,2023-09-28,2023-10-17,17041.5
OPP_12184,Priya Nair,Enterprise Suite,Company_30,closed-lost,2023-08-02,2023-10-28,
OPP_12185,Carlos Webb,Analytics Pro,Company_984,closed-won,2024-09-29,2024-11-22,28196.71
OPP_12186,Ryan Osei,Analytics Pro,Company_453,closed-won,2023-01-05,2023-02-18,40022.98
OPP_12187,Anita Rao,Starter Pack,Company_797,closed-lost,2023-06-01,2023-06-16,
OPP_12188,James Wu,Starter Pack,Company_134,closed-lost,2023-08-29,2023-09-23,
OPP_12189,Priya Nair,Starter Pack,Company_780,closed-won,2024-08-20,2024-09-21,13947.29
OPP_12190,Anita Rao,Enterprise Suite,Company_580,closed-lost,2024-06-15,2024-08-25,
OPP_12191,James Wu,Enterprise Suite,Company_237,closed-lost,2024-06-23,2024-08-28,
OPP_12192,James Wu,Enterprise Suite,Company_26,closed-won,2023-12-25,2024-02-19,
OPP_12193,Carlos Webb,Starter Pack,Company_704,closed-lost,2024-05-14,2024-06-09,
OPP_12194,Lisa Park,Starter Pack,Company_514,closed-won,2023-03-09,2023-04-10,11630.26
OPP_12195,Lisa Park,Enterprise Suite,Company_665,closed-lost,2024-10-30,2025-02-19,
OPP_12196,Carlos Webb,Starter Pack,Company_872,closed-lost,2024-02-27,2024-03-25,
OPP_12197,Ryan Osei,Analytics Pro,Company_485,closed-lost,2024-09-25,2024-11-15,
OPP_12198,Priya Nair,Starter Pack,Company_197,closed-lost,2023-05-16,2023-06-06,
OPP_12199,James Wu,Starter Pack,Company_418,closed-lost,2024-03-05,2024-04-03,
OPP_12200,Sarah Chen,Analytics Pro,Company_973,closed-won,2023-03-28,2023-05-06,39778.93
OPP_12201,Ryan Osei,Starter Pack,Company_760,closed-lost,2024-02-17,2024-03-15,
OPP_12202,James Wu,Starter Pack,Company_67,closed-won,2023-05-22,2023-06-21,13176.26
OPP_12203,Priya Nair,Analytics Pro,Company_887,closed-lost,2023-09-16,2023-10-02,
OPP_12204,Lisa Park,Enterprise Suite,Company_332,closed-lost,2024-06-14,2024-10-08,
OPP_12205,Lisa Park,Starter Pack,,closed-lost,2024-11-26,2025-01-01,
OPP_12206,Ryan Osei,Starter Pack,Company_622,closed-won,2023-12-12,2024-01-10,8569.58
OPP_12207,Ryan Osei,Enterprise Suite,Company_320,closed-lost,2024-03-10,2024-05-15,
OPP_12208,Ryan Osei,Enterprise Suite,Company_961,closed-lost,2023-07-05,2023-10-07,
OPP_12209,Sarah Chen,Enterprise Suite,Company_111,closed-won,2023-10-01,2024-01-08,169639.29
OPP_12210,Lisa Park,Analytics Pro,Company_846,closed-won,2024-05-20,2024-07-15,70405.69
OPP_12211,Sarah Chen,Starter Pack,Company_531,closed-won,2024-04-13,2024-05-31,15556.95
OPP_12212,Ryan Osei,Enterprise Suite,Company_40,closed-won,2023-07-03,2023-09-12,330027.22
OPP_12213,Ryan Osei,Enterprise Suite,Company_783,closed-lost,2023-08-13,2023-12-05,
OPP_12214,Sarah Chen,Starter Pack,Company_298,closed-won,2024-11-15,2025-01-03,16886.32
OPP_12215,Lisa Park,Analytics Pro,Company_905,closed-lost,2024-07-03,2024-08-19,
OPP_12216,Anita Rao,Analytics Pro,,closed-lost,2024-08-25,2024-10-20,
OPP_12217,Priya Nair,Analytics Pro,Company_301,closed-won,2023-06-29,2023-08-03,
OPP_12218,Sarah Chen,Enterprise Suite,Company_529,closed-lost,2024-10-13,2025-02-05,
OPP_12219,Priya Nair,Analytics Pro,Company_849,closed-won,2024-01-20,2024-03-22,77635.38
OPP_12220,Lisa Park,Starter Pack,Company_739,closed-won,2023-12-05,2023-12-23,24038.15
OPP_12221,Mike Torres,Starter Pack,Company_797,closed-won,2024-02-27,2024-04-11,10736.01
OPP_12222,Priya Nair,Analytics Pro,Company_423,closed-lost,2023-08-11,2023-10-01,
OPP_12223,Carlos Webb,Analytics Pro,Company_25,closed-won,2024-06-27,2024-08-16,65853.73
OPP_12224,Priya Nair,Analytics Pro,Company_604,closed-lost,2024-07-08,2024-08-16,
OPP_12225,James Wu,Analytics Pro,Company_92,closed-lost,2023-03-12,2023-04-07,
OPP_12226,Anita Rao,Analytics Pro,Company_708,closed-won,2024-07-03,2024-08-16,70828.17
OPP_12227,Priya Nair,Enterprise Suite,Company_750,closed-lost,2024-08-02,2024-12-22,
OPP_12228,Mike Torres,Starter Pack,Company_116,closed-won,2023-01-13,2023-03-02,14716.06
OPP_12229,Lisa Park,Enterprise Suite,Company_371,closed-lost,2024-05-04,2024-08-21,
OPP_12230,Mike Torres,Enterprise Suite,Company_724,closed-won,2023-02-01,2023-05-28,278132.99
OPP_12231,Ryan Osei,Enterprise Suite,Company_810,closed-lost,2024-07-12,2024-09-02,
OPP_12232,Priya Nair,Analytics Pro,Company_563,closed-lost,2023-01-19,2023-02-19,
OPP_12233,Ryan Osei,Starter Pack,Company_786,closed-won,2023-07-04,2023-07-31,19135.51
OPP_12234,Priya Nair,Analytics Pro,Company_579,closed-won,2023-07-27,2023-08-17,42448.67
OPP_12235,Priya Nair,Starter Pack,Company_889,closed-won,2024-07-29,2024-08-24,7500.0
OPP_12236,Priya Nair,Starter Pack,Company_787,closed-lost,2023-09-15,2023-10-14,
OPP_12237,Sarah Chen,Analytics Pro,Company_315,closed-lost,2024-10-28,2024-12-02,
OPP_12238,Anita Rao,Enterprise Suite,Company_787,closed-lost,2023-08-09,2023-11-12,
OPP_12239,Lisa Park,Analytics Pro,Company_641,closed-lost,2024-07-06,2024-08-25,
OPP_12240,Priya Nair,Starter Pack,Company_920,closed-lost,2023-06-16,2023-07-18,
OPP_12241,Priya Nair,Starter Pack,Company_3,closed-lost,2023-12-23,2024-01-23,
OPP_12242,Anita Rao,Starter Pack,Company_469,closed-lost,2023-01-24,2023-02-11,
OPP_12243,Lisa Park,Analytics Pro,Company_556,closed-lost,2024-06-05,2024-08-16,
OPP_12244,Sarah Chen,Enterprise Suite,Company_903,closed-won,2024-06-22,2024-09-02,273611.28
OPP_12245,Lisa Park,Starter Pack,Company_222,closed-won,2023-08-28,2023-09-17,18624.07
OPP_12246,Lisa Park,Analytics Pro,Company_419,closed-lost,2023-04-02,2023-04-28,
OPP_12247,Lisa Park,Starter Pack,Company_615,closed-lost,2024-10-08,2024-11-04,
OPP_12248,Sarah Chen,Starter Pack,Company_903,closed-lost,2024-09-16,2024-10-22,
OPP_12249,Anita Rao,Enterprise Suite,Company_643,closed-lost,2023-09-02,2023-11-30,
OPP_12250,James Wu,Starter Pack,,closed-won,2024-02-16,2024-03-15,12036.68
OPP_12251,Priya Nair,Starter Pack,Company_668,closed-lost,2024-10-20,2024-12-11,
OPP_12252,Carlos Webb,Starter Pack,Company_148,closed-lost,2024-05-02,2024-06-12,
OPP_12253,Sarah Chen,Enterprise Suite,Company_591,closed-won,2024-01-05,2024-03-01,330584.35
OPP_12254,Anita Rao,Analytics Pro,Company_942,closed-lost,2024-09-26,2024-11-17,
OPP_12255,Mike Torres,Starter Pack,Company_111,closed-won,2023-07-12,2023-07-28,21892.45
OPP_12256,Ryan Osei,Starter Pack,Company_165,closed-lost,2024-01-24,2024-02-26,
OPP_12257,Anita Rao,Enterprise Suite,Company_676,closed-lost,2024-03-16,2024-05-24,
OPP_12258,Priya Nair,Analytics Pro,Company_767,closed-lost,2024-06-12,2024-07-20,
OPP_12259,Carlos Webb,Starter Pack,Company_95,closed-lost,2023-11-08,2023-11-24,
OPP_12260,Anita Rao,Analytics Pro,Company_377,closed-won,2023-12-25,2024-01-19,40943.81
OPP_12261,Ryan Osei,Starter Pack,Company_776,closed-won,2023-09-01,2023-10-05,10076.83
OPP_12262,Ryan Osei,Enterprise Suite,Company_66,closed-won,2024-03-12,2024-04-16,182165.86
OPP_12263,Anita Rao,Analytics Pro,Company_137,closed-lost,2023-03-22,2023-05-02,
OPP_12264,Mike Torres,Enterprise Suite,Company_880,closed-lost,2024-07-24,2024-12-07,
OPP_12265,Anita Rao,Analytics Pro,Company_539,closed-lost,2023-07-23,2023-09-19,
OPP_12266,Ryan Osei,Enterprise Suite,Company_214,closed-lost,2023-07-08,2023-09-17,
OPP_12267,James Wu,Enterprise Suite,Company_59,closed-lost,2023-04-05,2023-05-05,
OPP_12268,Mike Torres,Enterprise Suite,Company_747,closed-lost,2024-02-13,2024-04-04,
OPP_12269,Mike Torres,Analytics Pro,Company_741,closed-lost,2023-02-28,2023-05-01,
OPP_12270,Anita Rao,Analytics Pro,Company_623,closed-lost,2024-07-26,2024-09-24,
OPP_12271,Carlos Webb,Analytics Pro,Company_538,closed-won,2023-04-16,2023-05-04,39170.14
OPP_12272,Carlos Webb,Starter Pack,Company_629,closed-lost,2024-09-16,2024-11-02,
OPP_12273,Lisa Park,Enterprise Suite,Company_746,closed-lost,2024-06-06,2024-08-19,
OPP_12274,Lisa Park,Analytics Pro,Company_827,closed-won,2024-02-26,2024-04-14,35498.11
OPP_12275,Priya Nair,Enterprise Suite,Company_238,closed-lost,2024-03-14,2024-06-21,
OPP_12276,Anita Rao,Starter Pack,Company_1,closed-won,2023-07-11,2023-08-03,14954.2
OPP_12277,Mike Torres,Starter Pack,Company_476,closed-won,2024-06-15,2024-07-07,15406.39
OPP_12278,Mike Torres,Enterprise Suite,Company_868,closed-won,2023-05-07,2023-06-26,190613.76
OPP_12279,James Wu,Enterprise Suite,Company_424,closed-lost,2024-06-11,2024-09-23,
OPP_12280,Ryan Osei,Starter Pack,Company_341,closed-won,2024-06-10,2024-07-09,12993.95
OPP_12281,Carlos Webb,Enterprise Suite,Company_825,closed-won,2023-08-10,2023-11-19,185013.43
OPP_12282,James Wu,Starter Pack,Company_655,closed-won,2024-01-21,2024-02-19,7500.0
OPP_12283,James Wu,Enterprise Suite,,closed-lost,2023-04-23,2023-10-16,
OPP_12284,Anita Rao,Starter Pack,Company_315,closed-lost,2023-10-05,2023-10-27,
OPP_12285,Anita Rao,Enterprise Suite,Company_563,closed-lost,2023-01-17,2023-04-02,
OPP_12286,Carlos Webb,Starter Pack,Company_116,closed-lost,2024-02-06,2024-02-13,
OPP_12287,Carlos Webb,Analytics Pro,Company_405,closed-lost,2023-02-27,2023-04-25,
OPP_12288,Sarah Chen,Starter Pack,Company_198,closed-lost,2023-03-24,2023-04-27,
OPP_12289,Carlos Webb,Analytics Pro,Company_944,closed-lost,2024-05-07,2024-06-18,
OPP_12290,Lisa Park,Analytics Pro,Company_816,closed-lost,2023-05-28,2023-07-07,
OPP_12291,Sarah Chen,Enterprise Suite,Company_139,closed-lost,2023-03-07,2023-05-14,
OPP_12292,Lisa Park,Starter Pack,Company_642,closed-lost,2024-09-01,2024-10-13,
OPP_12293,Lisa Park,Enterprise Suite,Company_917,closed-lost,2023-02-02,2023-03-30,
OPP_12294,Carlos Webb,Analytics Pro,Company_802,closed-won,2023-03-12,2023-06-03,61285.76
OPP_12295,Ryan Osei,Enterprise Suite,Company_57,closed-won,2023-06-29,2023-11-14,125000.0
OPP_12296,Anita Rao,Enterprise Suite,Company_742,closed-lost,2023-12-23,2024-03-14,
OPP_12297,Carlos Webb,Enterprise Suite,Company_548,closed-lost,2023-07-07,2023-12-17,
OPP_12298,Sarah Chen,Starter Pack,Company_591,closed-won,2023-05-22,2023-06-20,13600.94
OPP_12299,Carlos Webb,Analytics Pro,Company_67,closed-lost,2024-10-21,2024-11-28,
OPP_12300,Priya Nair,Analytics Pro,Company_860,closed-won,2023-08-18,2023-09-19,65440.89
OPP_12301,Sarah Chen,Analytics Pro,Company_384,closed-lost,2023-05-08,2023-06-22,
OPP_12302,Priya Nair,Enterprise Suite,Company_620,closed-lost,2024-01-01,2024-04-21,
OPP_12303,Ryan Osei,Starter Pack,Company_609,closed-lost,2023-08-23,2023-09-27,
OPP_12304,Mike Torres,Analytics Pro,Company_722,closed-won,2023-06-02,2023-08-03,50068.07
OPP_12305,Carlos Webb,Enterprise Suite,Company_32,closed-lost,2023-07-13,2023-08-12,
OPP_12306,Anita Rao,Analytics Pro,Company_88,closed-won,2024-09-30,2024-11-24,44510.31
OPP_12307,Lisa Park,Starter Pack,Company_380,closed-won,2024-06-17,2024-07-13,18632.53
OPP_12308,Lisa Park,Analytics Pro,Company_221,closed-lost,2023-11-30,2024-01-23,
OPP_12309,Anita Rao,Starter Pack,Company_114,closed-lost,2024-07-26,2024-08-16,
OPP_12310,Carlos Webb,Starter Pack,Company_796,closed-lost,2024-10-28,2024-12-01,
OPP_12311,James Wu,Starter Pack,Company_454,closed-won,2024-09-18,2024-10-21,13288.48
OPP_12312,Sarah Chen,Analytics Pro,Company_926,closed-lost,2024-01-06,2024-02-26,
OPP_12313,Priya Nair,Starter Pack,Company_348,closed-lost,2023-07-30,2023-09-01,
OPP_12314,Lisa Park,Enterprise Suite,Company_894,closed-won,2023-07-10,2023-10-12,287670.1
OPP_12315,Anita Rao,Analytics Pro,Company_146,closed-lost,2024-08-01,2024-09-10,
OPP_12316,Mike Torres,Enterprise Suite,Company_692,closed-won,2024-05-01,2024-08-05,255609.99
OPP_12317,Priya Nair,Starter Pack,Company_741,closed-lost,2024-10-05,2024-10-10,
OPP_12318,Sarah Chen,Analytics Pro,Company_396,closed-lost,2023-05-10,2023-06-10,
OPP_12319,Mike Torres,Starter Pack,Company_318,closed-won,2024-10-08,2024-11-22,12061.31
OPP_12320,Sarah Chen,Enterprise Suite,Company_868,closed-won,2023-11-29,2024-03-15,389544.89
OPP_12321,Mike Torres,Analytics Pro,Company_478,closed-lost,2023-07-08,2023-09-12,
OPP_12322,Sarah Chen,Starter Pack,Company_533,closed-won,2024-11-07,2024-11-25,13358.12
OPP_12323,Anita Rao,Starter Pack,Company_591,closed-lost,2024-06-13,2024-07-29,
OPP_12324,Anita Rao,Enterprise Suite,Company_913,closed-won,2024-05-10,2024-08-12,
OPP_12325,James Wu,Analytics Pro,Company_205,closed-won,2024-04-09,2024-05-06,64660.8
OPP_12326,James Wu,Analytics Pro,Company_283,closed-lost,2023-02-22,2023-03-07,
OPP_12327,Carlos Webb,Analytics Pro,Company_687,closed-won,2023-10-04,2023-11-28,59392.43
OPP_12328,Mike Torres,Analytics Pro,Company_152,closed-lost,2024-02-24,2024-03-27,
OPP_12329,Priya Nair,Analytics Pro,Company_117,closed-won,2024-02-23,2024-04-30,32764.05
OPP_12330,Sarah Chen,Enterprise Suite,Company_573,closed-won,2023-02-05,2023-04-30,309544.31
OPP_12331,Mike Torres,Starter Pack,Company_555,closed-won,2023-09-10,2023-10-11,7699.37
OPP_12332,Carlos Webb,Enterprise Suite,Company_326,closed-won,2024-05-14,2024-08-12,239342.02
OPP_12333,Anita Rao,Starter Pack,Company_965,closed-lost,2023-01-31,2023-03-03,
OPP_12334,Anita Rao,Enterprise Suite,Company_250,closed-won,2024-01-22,2024-04-22,326233.69
OPP_12335,Priya Nair,Starter Pack,Company_318,closed-lost,2023-10-16,2023-11-10,
OPP_12336,Carlos Webb,Enterprise Suite,,closed-lost,2023-01-13,2023-05-19,
OPP_12337,Sarah Chen,Starter Pack,Company_29,closed-won,2023-04-19,2023-05-15,22169.16
OPP_12338,Lisa Park,Enterprise Suite,Company_51,closed-lost,2023-01-21,2023-05-31,
OPP_12339,Mike Torres,Analytics Pro,Company_55,closed-won,2023-03-17,2023-05-07,62937.56
OPP_12340,Mike Torres,Analytics Pro,Company_401,closed-won,2024-07-21,2024-09-12,67092.55
OPP_12341,Priya Nair,Enterprise Suite,Company_610,closed-lost,2023-01-10,2023-03-10,
OPP_12342,Lisa Park,Enterprise Suite,Company_364,closed-lost,2023-04-15,2023-07-15,
OPP_12343,Anita Rao,Analytics Pro,Company_837,closed-lost,2023-06-21,2023-08-14,
OPP_12344,James Wu,Enterprise Suite,Company_776,closed-lost,2024-03-28,2024-07-11,
OPP_12345,Mike Torres,Analytics Pro,Company_581,closed-won,2024-11-06,2025-01-04,
OPP_12346,Priya Nair,Starter Pack,Company_832,closed-won,2023-07-21,2023-07-30,14642.93
OPP_12347,Lisa Park,Starter Pack,Company_466,closed-lost,2024-03-17,2024-04-17,
OPP_12348,Anita Rao,Enterprise Suite,Company_659,closed-lost,2023-01-10,2023-02-16,
OPP_12349,Lisa Park,Analytics Pro,Company_237,closed-lost,2023-09-24,2023-11-03,
OPP_12350,James Wu,Starter Pack,Company_881,closed-lost,2024-02-19,2024-03-23,
OPP_12351,Anita Rao,Analytics Pro,Company_401,closed-won,2023-01-08,2023-02-25,31295.42
OPP_12352,Priya Nair,Enterprise Suite,Company_939,closed-lost,2024-07-23,2024-09-10,
OPP_12353,Carlos Webb,Analytics Pro,Company_464,closed-lost,2024-09-11,2024-10-23,
OPP_12354,Lisa Park,Starter Pack,,closed-lost,2023-07-17,2023-08-20,
OPP_12355,Lisa Park,Starter Pack,Company_359,closed-lost,2023-01-24,2023-02-07,
OPP_12356,Lisa Park,Analytics Pro,Company_866,closed-won,2024-03-05,2024-04-16,47292.0
OPP_12357,Priya Nair,Analytics Pro,Company_786,closed-lost,2023-04-23,2023-05-26,
OPP_12358,Carlos Webb,Enterprise Suite,Company_588,closed-won,2023-08-11,2023-10-12,236754.35
OPP_12359,Priya Nair,Enterprise Suite,Company_105,closed-lost,2023-12-09,2024-03-31,
OPP_12360,Ryan Osei,Enterprise Suite,Company_815,closed-lost,2024-11-15,2025-04-02,
OPP_12361,Mike Torres,Analytics Pro,Company_569,closed-won,2024-03-24,2024-04-25,102244.72
OPP_12362,Mike Torres,Analytics Pro,Company_545,closed-won,2023-09-24,2023-12-17,55899.99
OPP_12363,Lisa Park,Analytics Pro,Company_604,closed-lost,2024-05-26,2024-07-05,
OPP_12364,Ryan Osei,Starter Pack,Company_635,closed-won,2023-02-12,2023-03-17,16949.67
OPP_12365,James Wu,Enterprise Suite,Company_162,closed-lost,2023-08-21,2023-11-10,
OPP_12366,Lisa Park,Analytics Pro,Company_67,closed-lost,2023-06-07,2023-08-07,
OPP_12367,Carlos Webb,Starter Pack,Company_833,closed-won,2024-08-03,2024-09-03,21512.99
OPP_12368,Ryan Osei,Analytics Pro,Company_580,closed-won,2023-02-05,2023-04-01,53251.43
OPP_12369,Carlos Webb,Enterprise Suite,Company_710,closed-lost,2023-08-27,2023-12-16,
OPP_12370,James Wu,Starter Pack,Company_678,closed-lost,2023-09-04,2023-09-28,
OPP_12371,Mike Torres,Enterprise Suite,Company_953,closed-lost,2024-06-02,2024-08-04,
OPP_12372,Lisa Park,Starter Pack,Company_606,closed-lost,2023-10-03,2023-10-20,
OPP_12373,Lisa Park,Analytics Pro,,closed-lost,2024-07-23,2024-08-25,
OPP_12374,Mike Torres,Analytics Pro,Company_180,closed-lost,2024-10-23,2024-11-14,
OPP_12375,Anita Rao,Analytics Pro,Company_71,closed-won,2024-10-24,2024-12-21,47364.97
OPP_12376,Mike Torres,Enterprise Suite,Company_833,closed-lost,2024-10-08,2025-01-25,
OPP_12377,Ryan Osei,Analytics Pro,Company_506,closed-won,2023-02-01,2023-03-31,76107.4
OPP_12378,Sarah Chen,Starter Pack,Company_222,closed-won,2024-06-03,2024-07-09,14756.17
OPP_12379,Priya Nair,Enterprise Suite,Company_924,closed-lost,2023-04-14,2023-08-04,
OPP_12380,Sarah Chen,Starter Pack,Company_676,closed-lost,2023-02-22,2023-03-30,
OPP_12381,Priya Nair,Analytics Pro,Company_544,closed-lost,2023-01-31,2023-03-22,
OPP_12382,Anita Rao,Analytics Pro,Company_630,closed-lost,2024-06-12,2024-07-29,
OPP_12383,Lisa Park,Starter Pack,Company_210,closed-won,2023-11-13,2023-11-21,16498.13
OPP_12384,Carlos Webb,Analytics Pro,Company_583,closed-lost,2023-06-04,2023-07-19,
OPP_12385,Anita Rao,Analytics Pro,Company_735,closed-lost,2024-06-11,2024-08-01,
OPP_12386,Carlos Webb,Starter Pack,Company_596,closed-lost,2023-07-14,2023-08-16,
OPP_12387,Sarah Chen,Enterprise Suite,Company_522,closed-won,2024-11-07,2025-03-15,283754.7
OPP_12388,Ryan Osei,Starter Pack,Company_872,closed-lost,2024-03-19,2024-04-13,
OPP_12389,Anita Rao,Starter Pack,Company_378,closed-won,2024-03-31,2024-05-04,11704.88
OPP_12390,Sarah Chen,Starter Pack,Company_720,closed-won,2024-09-02,2024-10-05,14743.82
OPP_12391,Carlos Webb,Starter Pack,Company_881,closed-lost,2023-04-27,2023-05-22,
OPP_12392,Anita Rao,Starter Pack,Company_240,closed-lost,2023-10-25,2023-11-22,
OPP_12393,Ryan Osei,Enterprise Suite,Company_604,closed-won,2024-10-15,2025-03-03,223347.65
OPP_12394,Ryan Osei,Enterprise Suite,Company_325,closed-lost,2023-09-30,2023-11-18,
OPP_12395,Ryan Osei,Analytics Pro,Company_390,closed-lost,2024-04-17,2024-05-31,
OPP_12396,Ryan Osei,Enterprise Suite,Company_216,closed-lost,2024-04-02,2024-08-08,
OPP_12397,Priya Nair,Analytics Pro,Company_142,closed-lost,2023-08-03,2023-08-31,
OPP_12398,James Wu,Enterprise Suite,Company_393,closed-lost,2023-04-19,2023-07-15,
OPP_12399,Carlos Webb,Analytics Pro,Company_157,closed-lost,2023-06-18,2023-08-06,
OPP_12400,Anita Rao,Enterprise Suite,Company_128,closed-lost,2023-09-18,2024-01-14,
OPP_12401,Priya Nair,Starter Pack,Company_73,closed-won,2023-08-18,2023-09-15,10638.5
OPP_12402,Sarah Chen,Starter Pack,Company_738,closed-won,2023-09-20,2023-11-04,19438.35
OPP_12403,Lisa Park,Enterprise Suite,Company_447,closed-lost,2024-07-24,2024-10-08,
OPP_12404,Priya Nair,Starter Pack,Company_140,closed-lost,2024-03-27,2024-04-17,
OPP_12405,Ryan Osei,Analytics Pro,Company_915,closed-lost,2024-09-27,2024-11-10,
OPP_12406,Ryan Osei,Enterprise Suite,Company_184,closed-lost,2023-08-05,2023-10-28,
OPP_12407,Lisa Park,Enterprise Suite,Company_434,closed-lost,2024-03-07,2024-05-15,
OPP_12408,Lisa Park,Analytics Pro,Company_363,closed-won,2024-01-24,2024-02-26,27500.0
OPP_12409,James Wu,Starter Pack,Company_434,closed-lost,2023-06-01,2023-07-17,
OPP_12410,Sarah Chen,Enterprise Suite,Company_510,closed-lost,2023-03-20,2023-06-25,
OPP_12411,James Wu,Enterprise Suite,Company_513,closed-lost,2024-07-04,2024-10-27,
OPP_12412,Anita Rao,Analytics Pro,Company_948,closed-lost,2023-07-11,2023-08-14,
OPP_12413,Carlos Webb,Starter Pack,Company_38,closed-won,2023-06-16,2023-07-09,14489.48
OPP_12414,Lisa Park,Enterprise Suite,Company_377,closed-lost,2023-11-29,2024-03-11,
OPP_12415,Mike Torres,Enterprise Suite,Company_493,closed-won,2023-04-26,2023-06-28,
OPP_12416,Mike Torres,Starter Pack,Company_747,closed-won,2024-08-05,2024-09-18,7500.0
OPP_12417,Anita Rao,Analytics Pro,Company_529,closed-lost,2023-04-27,2023-06-05,
OPP_12418,Mike Torres,Enterprise Suite,Company_911,closed-won,2023-11-04,2024-02-21,258568.2
OPP_12419,Mike Torres,Starter Pack,Company_483,closed-won,2024-05-20,2024-06-22,16166.51
OPP_12420,Mike Torres,Enterprise Suite,Company_648,closed-lost,2023-11-28,2024-01-26,
OPP_12421,Anita Rao,Enterprise Suite,Company_54,closed-lost,2023-10-05,2024-01-23,
OPP_12422,Carlos Webb,Enterprise Suite,Company_797,closed-lost,2024-10-16,2025-02-19,
OPP_12423,Sarah Chen,Analytics Pro,Company_464,closed-lost,2023-06-23,2023-08-20,
OPP_12424,Lisa Park,Enterprise Suite,Company_751,closed-won,2023-10-06,2024-02-04,273618.96
OPP_12425,Carlos Webb,Analytics Pro,Company_361,closed-won,2023-04-20,2023-06-25,66384.73
OPP_12426,Anita Rao,Analytics Pro,Company_171,closed-lost,2023-08-16,2023-10-21,
OPP_12427,Sarah Chen,Enterprise Suite,Company_945,closed-won,2024-01-13,2024-04-26,126062.12
OPP_12428,Anita Rao,Enterprise Suite,Company_803,closed-lost,2024-11-14,2025-03-19,
OPP_12429,Anita Rao,Starter Pack,Company_644,closed-lost,2024-05-04,2024-06-12,
OPP_12430,Lisa Park,Enterprise Suite,Company_173,closed-won,2023-08-04,2023-09-02,244469.36
OPP_12431,Sarah Chen,Enterprise Suite,Company_298,closed-lost,2024-03-09,2024-06-12,
OPP_12432,Sarah Chen,Analytics Pro,Company_496,closed-lost,2023-07-02,2023-08-24,
OPP_12433,Mike Torres,Starter Pack,Company_517,closed-won,2024-07-20,2024-08-12,9261.05
OPP_12434,Mike Torres,Analytics Pro,Company_258,closed-won,2023-03-13,2023-04-08,70514.79
OPP_12435,Priya Nair,Enterprise Suite,Company_287,closed-lost,2024-03-14,2024-05-18,
OPP_12436,Anita Rao,Analytics Pro,Company_14,closed-won,2023-07-28,2023-09-25,44316.97
OPP_12437,Mike Torres,Enterprise Suite,Company_178,closed-lost,2024-02-17,2024-06-03,
OPP_12438,Priya Nair,Enterprise Suite,Company_457,closed-lost,2023-06-05,2023-09-03,
OPP_12439,Carlos Webb,Starter Pack,Company_267,closed-won,2023-03-10,2023-04-20,13482.56
OPP_12440,James Wu,Analytics Pro,Company_185,closed-won,2023-12-31,2024-03-05,53652.48
OPP_12441,Sarah Chen,Analytics Pro,Company_86,closed-lost,2024-05-30,2024-07-07,
OPP_12442,Priya Nair,Enterprise Suite,Company_956,closed-lost,2023-11-22,2024-04-07,
OPP_12443,Priya Nair,Analytics Pro,Company_770,closed-lost,2023-04-17,2023-05-28,
OPP_12444,Ryan Osei,Analytics Pro,Company_243,closed-won,2023-03-14,2023-04-21,67099.65
OPP_12445,Lisa Park,Enterprise Suite,Company_652,closed-lost,2024-02-20,2024-05-03,
OPP_12446,Priya Nair,Starter Pack,Company_591,closed-lost,2023-03-27,2023-04-24,
OPP_12447,Carlos Webb,Starter Pack,Company_657,closed-won,2024-02-19,2024-03-24,21559.71
OPP_12448,Anita Rao,Starter Pack,Company_53,closed-lost,2024-07-11,2024-08-08,
OPP_12449,Priya Nair,Analytics Pro,Company_408,closed-won,2023-01-18,2023-02-28,61554.75
OPP_12450,Lisa Park,Analytics Pro,Company_487,closed-lost,2024-04-20,2024-06-06,
OPP_12451,James Wu,Analytics Pro,Company_699,closed-lost,2023-04-28,2023-06-10,
OPP_12452,Ryan Osei,Analytics Pro,Company_268,closed-won,2024-08-08,2024-10-07,
OPP_12453,Priya Nair,Enterprise Suite,Company_891,closed-lost,2023-03-20,2023-06-14,
OPP_12454,Ryan Osei,Starter Pack,Company_295,closed-lost,2024-10-28,2024-11-17,
OPP_12455,Lisa Park,Analytics Pro,Company_694,closed-won,2023-11-10,2024-01-03,73098.04
OPP_12456,Carlos Webb,Enterprise Suite,Company_699,closed-won,2024-10-04,2024-12-05,216924.1
OPP_12457,Sarah Chen,Starter Pack,Company_939,closed-won,2023-09-14,2023-10-10,7500.0
OPP_12458,Carlos Webb,Analytics Pro,Company_625,closed-won,2024-09-28,2024-11-12,30970.37
OPP_12459,Anita Rao,Analytics Pro,Company_276,closed-won,2023-03-25,2023-04-30,49452.51
OPP_12460,Anita Rao,Starter Pack,Company_261,closed-lost,2023-08-24,2023-09-17,
OPP_12461,Ryan Osei,Analytics Pro,Company_791,closed-lost,2024-10-25,2024-11-26,
OPP_12462,James Wu,Enterprise Suite,Company_688,closed-won,2024-06-26,2024-08-09,447699.76
OPP_12463,James Wu,Enterprise Suite,Company_345,closed-won,2024-03-30,2024-06-05,
OPP_12464,Priya Nair,Analytics Pro,Company_560,closed-won,2024-04-10,2024-05-13,45585.59
OPP_12465,Sarah Chen,Enterprise Suite,Company_8,closed-won,2024-10-18,2025-02-28,317596.55
OPP_12466,Mike Torres,Starter Pack,Company_421,closed-lost,2024-03-25,2024-04-15,
OPP_12467,Mike Torres,Enterprise Suite,Company_106,closed-lost,2024-05-20,2024-11-09,
OPP_12468,Lisa Park,Analytics Pro,Company_224,closed-lost,2023-06-30,2023-08-23,
OPP_12469,Anita Rao,Analytics Pro,Company_197,closed-lost,2024-09-09,2024-10-23,
OPP_12470,Sarah Chen,Starter Pack,Company_634,closed-lost,2023-06-30,2023-08-05,
OPP_12471,Mike Torres,Starter Pack,Company_961,closed-lost,2024-06-20,2024-07-09,
OPP_12472,James Wu,Enterprise Suite,Company_653,closed-won,2023-09-14,2024-01-28,215791.09
OPP_12473,Mike Torres,Enterprise Suite,Company_980,closed-lost,2024-03-30,2024-06-20,
OPP_12474,Mike Torres,Starter Pack,Company_876,closed-won,2023-12-31,2024-02-08,21311.23
OPP_12475,Priya Nair,Analytics Pro,Company_672,closed-won,2023-06-04,2023-07-14,48660.13
OPP_12476,Priya Nair,Starter Pack,Company_712,closed-won,2023-10-31,2023-11-19,20237.6
OPP_12477,Priya Nair,Analytics Pro,Company_301,closed-lost,2023-08-17,2023-10-04,
OPP_12478,Lisa Park,Enterprise Suite,Company_958,closed-won,2023-11-16,2024-03-19,229661.19
OPP_12479,Mike Torres,Enterprise Suite,Company_464,closed-won,2023-12-22,2024-03-18,161651.33
OPP_12480,Anita Rao,Analytics Pro,Company_708,closed-lost,2023-07-15,2023-08-13,
OPP_12481,Carlos Webb,Analytics Pro,Company_165,closed-lost,2024-11-16,2024-12-24,
OPP_12482,Mike Torres,Analytics Pro,Company_795,closed-lost,2023-09-21,2023-10-26,
OPP_12483,Sarah Chen,Analytics Pro,Company_397,closed-lost,2024-11-01,2024-12-23,
OPP_12484,Carlos Webb,Starter Pack,,closed-lost,2024-11-08,2024-12-04,
OPP_12485,Anita Rao,Starter Pack,Company_451,closed-won,2024-03-30,2024-04-26,16463.55
OPP_12486,Mike Torres,Analytics Pro,Company_950,closed-lost,2024-06-25,2024-08-19,
OPP_12487,James Wu,Enterprise Suite,Company_402,closed-lost,2024-11-09,2025-02-18,
OPP_12488,Priya Nair,Enterprise Suite,Company_503,closed-lost,2023-02-15,2023-05-11,
OPP_12489,Mike Torres,Starter Pack,Company_553,closed-lost,2024-09-24,2024-10-20,
OPP_12490,Ryan Osei,Starter Pack,Company_628,closed-won,2024-01-13,2024-02-13,21983.17
OPP_12491,Mike Torres,Analytics Pro,Company_732,closed-lost,2023-11-14,2023-12-23,
OPP_12492,Anita Rao,Starter Pack,Company_35,closed-lost,2023-09-17,2023-10-26,
OPP_12493,Mike Torres,Starter Pack,Company_585,closed-lost,2024-08-24,2024-09-06,
OPP_12494,Anita Rao,Analytics Pro,Company_19,closed-lost,2023-10-06,2023-11-15,
OPP_12495,Lisa Park,Starter Pack,Company_668,closed-won,2023-12-03,2024-01-05,11552.78
OPP_12496,Sarah Chen,Starter Pack,Company_680,closed-won,2023-09-17,2023-10-20,17658.99
OPP_12497,Ryan Osei,Analytics Pro,Company_155,closed-lost,2024-04-19,2024-05-02,
OPP_12498,Carlos Webb,Analytics Pro,Company_588,closed-lost,2023-07-07,2023-10-01,
OPP_12499,Sarah Chen,Enterprise Suite,Company_724,closed-won,2023-09-20,2023-11-25,389719.25
OPP_12500,Lisa Park,Analytics Pro,Company_446,closed-won,2023-10-22,2023-12-17,71253.14
OPP_12501,Ryan Osei,Enterprise Suite,Company_799,closed-won,2023-03-16,2023-06-24,278634.22
OPP_12502,Mike Torres,Enterprise Suite,Company_231,closed-won,2023-03-28,2023-06-09,222172.16
OPP_12503,Sarah Chen,Analytics Pro,,closed-lost,2024-03-15,2024-05-06,
OPP_12504,Lisa Park,Starter Pack,,closed-won,2023-08-05,2023-08-23,12867.14
OPP_12505,Carlos Webb,Analytics Pro,Company_698,closed-lost,2023-12-22,2024-02-07,
OPP_12506,Anita Rao,Analytics Pro,Company_56,closed-lost,2023-10-15,2023-11-17,
OPP_12507,Mike Torres,Analytics Pro,Company_547,closed-won,2023-04-13,2023-05-22,48190.83
OPP_12508,Carlos Webb,Starter Pack,Company_861,closed-lost,2024-10-11,2024-11-18,
OPP_12509,Lisa Park,Analytics Pro,Company_663,closed-won,2023-12-13,2024-01-30,39270.35
OPP_12510,James Wu,Starter Pack,Company_567,closed-lost,2023-07-06,2023-08-25,
OPP_12511,Sarah Chen,Analytics Pro,Company_676,closed-won,2023-08-28,2023-11-12,66746.93
OPP_12512,James Wu,Analytics Pro,Company_712,closed-lost,2024-06-20,2024-08-05,
OPP_12513,Ryan Osei,Starter Pack,Company_645,closed-won,2023-07-17,2023-08-25,18016.95
OPP_12514,Carlos Webb,Analytics Pro,Company_86,closed-lost,2024-04-20,2024-06-05,
OPP_12515,Lisa Park,Enterprise Suite,Company_194,closed-lost,2024-04-15,2024-06-27,
OPP_12516,Priya Nair,Starter Pack,Company_197,closed-won,2023-01-04,2023-02-11,15151.76
OPP_12517,Sarah Chen,Enterprise Suite,Company_607,closed-won,2024-06-17,2024-08-27,268393.95
OPP_12518,James Wu,Analytics Pro,Company_398,closed-won,2024-02-03,2024-03-20,61557.54
OPP_12519,Mike Torres,Enterprise Suite,Company_658,closed-lost,2023-01-01,2023-05-14,
OPP_12520,Anita Rao,Analytics Pro,Company_546,closed-lost,2024-09-30,2024-11-15,
OPP_12521,Lisa Park,Starter Pack,Company_37,closed-lost,2024-06-09,2024-06-22,
OPP_12522,Carlos Webb,Starter Pack,,closed-won,2024-09-17,2024-10-28,11243.06
OPP_12523,Sarah Chen,Analytics Pro,Company_121,closed-lost,2024-06-10,2024-07-14,
OPP_12524,James Wu,Enterprise Suite,Company_683,closed-lost,2023-08-03,2023-09-24,
OPP_12525,Lisa Park,Enterprise Suite,Company_891,closed-lost,2023-07-25,2023-10-31,
OPP_12526,Priya Nair,Enterprise Suite,Company_593,closed-lost,2024-05-10,2024-08-30,
OPP_12527,James Wu,Starter Pack,Company_37,closed-won,2023-05-18,2023-07-04,8030.69
OPP_12528,Priya Nair,Analytics Pro,Company_669,closed-lost,2024-02-15,2024-04-27,
OPP_12529,Sarah Chen,Analytics Pro,Company_928,closed-won,2023-02-20,2023-03-22,79978.77
OPP_12530,Sarah Chen,Starter Pack,Company_718,closed-lost,2024-09-18,2024-10-01,
OPP_12531,Priya Nair,Starter Pack,Company_176,closed-won,2023-04-26,2023-05-12,17254.86
OPP_12532,Sarah Chen,Analytics Pro,Company_840,closed-won,2023-09-30,2023-11-27,33406.1
OPP_12533,Mike Torres,Analytics Pro,Company_625,closed-lost,2023-05-29,2023-07-07,
OPP_12534,Priya Nair,Enterprise Suite,Company_65,closed-lost,2023-08-22,2023-12-21,
OPP_12535,Mike Torres,Starter Pack,Company_509,closed-won,2023-01-25,2023-02-21,10846.07
OPP_12536,James Wu,Starter Pack,Company_823,closed-lost,2024-02-06,2024-02-29,
OPP_12537,James Wu,Analytics Pro,Company_345,closed-won,2024-03-19,2024-04-29,72269.92
OPP_12538,Ryan Osei,Analytics Pro,Company_123,closed-lost,2023-09-14,2023-11-03,
OPP_12539,Priya Nair,Analytics Pro,Company_856,closed-lost,2024-11-20,2024-12-22,
OPP_12540,James Wu,Starter Pack,Company_607,closed-lost,2023-05-03,2023-06-08,
OPP_12541,Priya Nair,Analytics Pro,Company_64,closed-lost,2023-08-13,2023-10-02,
OPP_12542,Mike Torres,Analytics Pro,Company_144,closed-lost,2024-11-23,2024-12-28,
OPP_12543,Ryan Osei,Starter Pack,Company_713,closed-won,2023-07-04,2023-07-30,21107.12
OPP_12544,Carlos Webb,Enterprise Suite,Company_168,closed-won,2023-10-28,2024-02-04,335681.64
OPP_12545,Lisa Park,Starter Pack,,closed-won,2024-01-29,2024-02-25,9009.89
OPP_12546,Sarah Chen,Starter Pack,Company_102,closed-won,2023-11-16,2023-12-12,12194.55
OPP_12547,Ryan Osei,Starter Pack,Company_16,closed-won,2024-09-16,2024-10-14,12064.36
OPP_12548,Lisa Park,Starter Pack,Company_6,closed-won,2023-07-13,2023-08-01,13306.65
OPP_12549,Sarah Chen,Starter Pack,Company_948,closed-won,2024-01-05,2024-02-25,20747.44
OPP_12550,Mike Torres,Enterprise Suite,Company_667,closed-lost,2023-05-13,2023-07-25,
OPP_12551,Anita Rao,Analytics Pro,Company_710,closed-lost,2024-07-21,2024-09-20,
OPP_12552,Lisa Park,Enterprise Suite,Company_129,closed-lost,2023-02-28,2023-06-01,
OPP_12553,James Wu,Starter Pack,Company_655,closed-lost,2024-07-20,2024-08-30,
OPP_12554,Anita Rao,Enterprise Suite,Company_461,closed-lost,2024-09-18,2025-01-24,
OPP_12555,Ryan Osei,Starter Pack,Company_960,closed-lost,2023-05-09,2023-06-10,
OPP_12556,Priya Nair,Enterprise Suite,Company_708,closed-lost,2024-10-24,2025-01-04,
OPP_12557,Sarah Chen,Enterprise Suite,Company_184,closed-lost,2024-06-17,2024-08-31,
OPP_12558,Lisa Park,Enterprise Suite,Company_973,closed-lost,2023-06-14,2023-10-12,
OPP_12559,Mike Torres,Enterprise Suite,Company_846,closed-lost,2024-10-09,2025-01-22,
OPP_12560,Anita Rao,Analytics Pro,Company_428,closed-won,2023-03-22,2023-05-08,68378.16
OPP_12561,Sarah Chen,Enterprise Suite,,closed-lost,2023-11-03,2023-12-22,
OPP_12562,James Wu,Starter Pack,Company_542,closed-won,2024-05-29,2024-06-28,17695.63
OPP_12563,Mike Torres,Enterprise Suite,Company_370,closed-won,2023-02-07,2023-06-21,243799.36
OPP_12564,James Wu,Analytics Pro,Company_788,closed-lost,2024-01-18,2024-01-30,
OPP_12565,James Wu,Analytics Pro,Company_54,closed-lost,2023-12-11,2024-01-03,
OPP_12566,James Wu,Starter Pack,Company_815,closed-won,2023-04-10,2023-05-08,23027.75
OPP_12567,Priya Nair,Enterprise Suite,Company_864,closed-lost,2024-06-12,2024-09-18,
OPP_12568,Lisa Park,Analytics Pro,Company_180,closed-lost,2024-05-30,2024-07-01,
OPP_12569,Priya Nair,Enterprise Suite,Company_944,closed-lost,2024-02-27,2024-05-27,
OPP_12570,Sarah Chen,Starter Pack,Company_660,closed-won,2023-03-06,2023-03-25,20918.7
OPP_12571,Carlos Webb,Analytics Pro,Company_214,closed-lost,2024-11-24,2025-02-13,
OPP_12572,Ryan Osei,Analytics Pro,Company_342,closed-lost,2024-01-31,2024-03-26,
OPP_12573,Lisa Park,Starter Pack,Company_106,closed-won,2024-05-14,2024-06-25,21428.72
OPP_12574,Sarah Chen,Enterprise Suite,Company_180,closed-lost,2024-03-31,2024-07-08,
OPP_12575,Priya Nair,Starter Pack,Company_496,closed-lost,2023-04-05,2023-04-24,
OPP_12576,Mike Torres,Starter Pack,Company_916,closed-lost,2024-11-03,2024-12-08,
OPP_12577,James Wu,Enterprise Suite,Company_455,closed-lost,2024-01-03,2024-02-11,
OPP_12578,Carlos Webb,Analytics Pro,Company_203,closed-lost,2023-09-17,2023-10-22,
OPP_12579,Carlos Webb,Starter Pack,Company_797,closed-won,2024-09-13,2024-09-24,7500.0
OPP_12580,Mike Torres,Analytics Pro,Company_233,closed-lost,2024-09-20,2024-11-08,
OPP_12581,Mike Torres,Starter Pack,Company_755,closed-won,2024-06-10,2024-07-07,17814.2
OPP_12582,Ryan Osei,Starter Pack,Company_384,closed-won,2024-02-18,2024-03-26,16143.87
OPP_12583,James Wu,Starter Pack,Company_482,closed-lost,2023-03-25,2023-04-05,
OPP_12584,Lisa Park,Starter Pack,Company_911,closed-won,2024-01-13,2024-02-21,20657.29
OPP_12585,Ryan Osei,Starter Pack,Company_221,closed-won,2023-03-20,2023-04-09,7500.0
OPP_12586,Lisa Park,Starter Pack,Company_396,closed-won,2024-04-07,2024-05-08,23549.54
OPP_12587,Carlos Webb,Starter Pack,Company_468,closed-won,2023-12-09,2024-01-13,10327.22
OPP_12588,James Wu,Enterprise Suite,Company_367,closed-lost,2023-01-01,2023-02-18,
OPP_12589,Anita Rao,Starter Pack,Company_343,closed-lost,2023-01-31,2023-03-03,
OPP_12590,Priya Nair,Starter Pack,Company_708,closed-won,2023-06-10,2023-07-13,14289.96
OPP_12591,Sarah Chen,Analytics Pro,Company_139,closed-won,2023-02-26,2023-03-21,57819.13
OPP_12592,Mike Torres,Analytics Pro,Company_469,closed-lost,2023-10-15,2023-12-20,
OPP_12593,Ryan Osei,Starter Pack,Company_778,closed-won,2023-11-27,2023-12-12,9621.75
OPP_12594,Carlos Webb,Starter Pack,,closed-won,2023-04-15,2023-05-02,16228.34
OPP_12595,Anita Rao,Enterprise Suite,Company_160,closed-lost,2024-04-18,2024-07-07,
OPP_12596,Priya Nair,Enterprise Suite,Company_993,closed-lost,2024-05-09,2024-06-14,
OPP_12597,James Wu,Starter Pack,,closed-won,2023-09-19,2023-11-08,15422.89
OPP_12598,Lisa Park,Starter Pack,Company_605,closed-won,2024-03-07,2024-04-09,15829.3
OPP_12599,Lisa Park,Analytics Pro,Company_285,closed-won,2023-03-15,2023-05-01,38353.75
OPP_12600,Sarah Chen,Enterprise Suite,Company_438,closed-won,2024-01-18,2024-06-15,433710.66
OPP_12601,James Wu,Starter Pack,Company_335,closed-lost,2023-04-29,2023-05-22,
OPP_12602,Ryan Osei,Enterprise Suite,Company_227,closed-lost,2024-07-07,2024-10-15,
OPP_12603,Priya Nair,Enterprise Suite,Company_919,closed-lost,2023-03-23,2023-07-13,
OPP_12604,Sarah Chen,Analytics Pro,Company_45,closed-lost,2023-02-26,2023-04-14,
OPP_12605,Sarah Chen,Analytics Pro,Company_751,closed-lost,2023-11-11,2024-01-25,
OPP_12606,Sarah Chen,Analytics Pro,Company_543,closed-lost,2024-09-29,2024-11-18,
OPP_12607,Ryan Osei,Analytics Pro,Company_829,closed-won,2023-08-30,2023-09-30,36841.86
OPP_12608,Mike Torres,Analytics Pro,Company_507,closed-won,2024-02-19,2024-04-04,51697.27
OPP_12609,James Wu,Starter Pack,Company_571,closed-lost,2023-08-17,2023-09-27,
OPP_12610,Sarah Chen,Enterprise Suite,Company_749,closed-won,2024-02-26,2024-05-12,125000.0
OPP_12611,Ryan Osei,Starter Pack,Company_135,closed-lost,2023-05-11,2023-06-22,
OPP_12612,Carlos Webb,Analytics Pro,Company_244,closed-won,2024-03-30,2024-05-07,49692.12
OPP_12613,Mike Torres,Starter Pack,Company_491,closed-won,2023-11-28,2024-01-05,10005.9
OPP_12614,Anita Rao,Starter Pack,Company_720,closed-lost,2023-05-27,2023-06-12,
OPP_12615,Lisa Park,Enterprise Suite,,closed-lost,2024-11-24,2025-02-09,
OPP_12616,Sarah Chen,Analytics Pro,Company_474,closed-won,2023-10-19,2023-12-03,48980.83
OPP_12617,Priya Nair,Enterprise Suite,Company_415,closed-won,2024-07-31,2024-11-15,181381.35
OPP_12618,Priya Nair,Analytics Pro,Company_641,closed-lost,2024-07-20,2024-09-16,
OPP_12619,Lisa Park,Enterprise Suite,Company_648,closed-lost,2024-02-02,2024-05-13,
OPP_12620,Sarah Chen,Enterprise Suite,Company_72,closed-won,2024-05-01,2024-09-05,330568.16
OPP_12621,Ryan Osei,Enterprise Suite,Company_340,closed-lost,2024-06-11,2024-10-03,
OPP_12622,Sarah Chen,Analytics Pro,Company_436,closed-lost,2023-09-06,2023-09-30,
OPP_12623,Anita Rao,Enterprise Suite,Company_968,closed-lost,2023-12-02,2024-03-08,
OPP_12624,James Wu,Enterprise Suite,Company_82,closed-lost,2023-11-13,2024-03-11,
OPP_12625,Carlos Webb,Enterprise Suite,,closed-lost,2024-11-14,2025-02-25,
OPP_12626,Sarah Chen,Enterprise Suite,Company_968,closed-won,2024-07-06,2024-08-08,150069.84
OPP_12627,Carlos Webb,Starter Pack,Company_113,closed-won,2024-11-15,2024-12-21,14480.4
OPP_12628,Ryan Osei,Analytics Pro,Company_476,closed-won,2023-12-16,2024-01-24,49154.65
OPP_12629,Sarah Chen,Analytics Pro,Company_375,closed-won,2024-02-09,2024-04-10,78698.0
OPP_12630,Priya Nair,Enterprise Suite,Company_572,closed-lost,2024-07-19,2024-12-11,
OPP_12631,Mike Torres,Enterprise Suite,Company_726,closed-won,2024-06-22,2024-10-02,302351.05
OPP_12632,James Wu,Starter Pack,Company_342,closed-lost,2024-10-29,2024-11-25,
OPP_12633,James Wu,Enterprise Suite,Company_116,closed-lost,2024-01-04,2024-04-01,
OPP_12634,Lisa Park,Enterprise Suite,Company_961,closed-lost,2023-10-15,2024-01-05,
OPP_12635,James Wu,Enterprise Suite,Company_779,closed-lost,2023-06-04,2023-08-26,
OPP_12636,James Wu,Analytics Pro,Company_361,closed-lost,2023-06-29,2023-08-15,
OPP_12637,Anita Rao,Enterprise Suite,Company_696,closed-lost,2024-06-09,2024-09-08,
OPP_12638,Ryan Osei,Analytics Pro,Company_55,closed-lost,2024-08-06,2024-09-08,
OPP_12639,Mike Torres,Analytics Pro,Company_353,closed-won,2023-03-23,2023-04-28,82022.93
OPP_12640,Lisa Park,Analytics Pro,Company_513,closed-lost,2024-01-11,2024-03-02,
OPP_12641,Mike Torres,Analytics Pro,Company_726,closed-won,2024-04-30,2024-06-09,91005.97
OPP_12642,Anita Rao,Analytics Pro,Company_635,closed-lost,2023-05-22,2023-07-01,
OPP_12643,Carlos Webb,Enterprise Suite,Company_968,closed-lost,2024-08-28,2024-12-10,
OPP_12644,Mike Torres,Starter Pack,Company_913,closed-won,2024-02-17,2024-03-20,21155.99
OPP_12645,Lisa Park,Starter Pack,,closed-lost,2024-02-12,2024-03-20,
OPP_12646,Ryan Osei,Starter Pack,Company_295,closed-won,2024-10-21,2024-12-06,14869.31
OPP_12647,Mike Torres,Starter Pack,Company_168,closed-lost,2023-03-10,2023-04-08,
OPP_12648,Anita Rao,Starter Pack,Company_713,closed-won,2024-08-30,2024-10-16,
OPP_12649,Priya Nair,Analytics Pro,Company_154,closed-lost,2023-08-11,2023-10-06,
OPP_12650,James Wu,Enterprise Suite,Company_974,closed-lost,2023-11-25,2024-01-26,
OPP_12651,Sarah Chen,Analytics Pro,Company_426,closed-won,2024-06-09,2024-06-27,64663.13
OPP_12652,Priya Nair,Analytics Pro,Company_355,closed-won,2023-06-09,2023-06-29,55515.36
OPP_12653,Ryan Osei,Analytics Pro,Company_755,closed-lost,2024-06-29,2024-07-21,
OPP_12654,Sarah Chen,Analytics Pro,Company_193,closed-lost,2024-05-05,2024-06-08,
OPP_12655,Mike Torres,Starter Pack,Company_892,closed-won,2023-01-29,2023-02-24,15868.85
OPP_12656,James Wu,Enterprise Suite,Company_660,closed-lost,2024-01-23,2024-03-28,
OPP_12657,Carlos Webb,Analytics Pro,Company_592,closed-lost,2023-04-20,2023-05-27,
OPP_12658,Carlos Webb,Enterprise Suite,Company_661,closed-lost,2023-06-12,2023-08-01,
OPP_12659,Carlos Webb,Analytics Pro,Company_607,closed-lost,2023-08-27,2023-10-16,
OPP_12660,Lisa Park,Analytics Pro,Company_311,closed-lost,2024-10-28,2025-01-09,
OPP_12661,Priya Nair,Analytics Pro,Company_175,closed-lost,2023-09-06,2023-10-16,
OPP_12662,Anita Rao,Starter Pack,Company_495,closed-lost,2024-08-06,2024-09-04,
OPP_12663,Carlos Webb,Analytics Pro,Company_788,closed-lost,2023-03-16,2023-05-10,
OPP_12664,Sarah Chen,Starter Pack,Company_361,closed-lost,2024-05-29,2024-06-08,
OPP_12665,Anita Rao,Analytics Pro,Company_979,closed-lost,2024-08-04,2024-09-04,
OPP_12666,Priya Nair,Enterprise Suite,,closed-won,2023-08-09,2023-12-03,329830.23
OPP_12667,Priya Nair,Enterprise Suite,Company_548,closed-won,2023-12-12,2024-04-13,389158.76
OPP_12668,Anita Rao,Starter Pack,,closed-lost,2024-08-24,2024-09-05,
OPP_12669,Priya Nair,Enterprise Suite,Company_709,closed-lost,2024-06-19,2024-08-14,
OPP_12670,Priya Nair,Starter Pack,,closed-lost,2023-11-18,2023-12-22,
OPP_12671,Mike Torres,Starter Pack,Company_324,closed-won,2023-08-23,2023-09-22,12730.2
OPP_12672,Priya Nair,Analytics Pro,Company_266,closed-lost,2023-10-16,2023-11-26,
OPP_12673,Carlos Webb,Starter Pack,Company_210,closed-won,2023-12-01,2024-01-04,13532.39
OPP_12674,Sarah Chen,Enterprise Suite,Company_324,closed-won,2023-12-26,2024-02-26,334435.82
OPP_12675,Carlos Webb,Starter Pack,Company_381,closed-won,2024-08-03,2024-09-07,17995.45
OPP_12676,Lisa Park,Enterprise Suite,,closed-won,2024-10-18,2025-01-25,348023.22
OPP_12677,Priya Nair,Enterprise Suite,Company_308,closed-lost,2023-01-03,2023-02-27,
OPP_12678,Mike Torres,Starter Pack,Company_414,closed-won,2024-05-12,2024-06-02,12794.64
OPP_12679,Lisa Park,Starter Pack,Company_970,closed-lost,2023-09-03,2023-09-28,
OPP_12680,Lisa Park,Analytics Pro,Company_159,closed-lost,2023-01-21,2023-03-23,
OPP_12681,Sarah Chen,Enterprise Suite,Company_559,closed-lost,2024-08-17,2024-11-27,
OPP_12682,Carlos Webb,Enterprise Suite,Company_722,closed-lost,2024-06-01,2024-08-26,
OPP_12683,Anita Rao,Analytics Pro,Company_917,closed-won,2024-10-02,2024-10-24,33726.99
OPP_12684,Anita Rao,Enterprise Suite,,closed-won,2023-04-07,2023-06-25,285567.36
OPP_12685,Priya Nair,Enterprise Suite,Company_746,closed-lost,2023-08-04,2023-10-30,
OPP_12686,Lisa Park,Analytics Pro,Company_705,closed-won,2023-04-27,2023-05-17,66232.32
OPP_12687,Mike Torres,Enterprise Suite,Company_490,closed-won,2023-10-20,2024-01-21,
OPP_12688,Sarah Chen,Starter Pack,Company_694,closed-won,2024-10-18,2024-11-08,12772.62
OPP_12689,Mike Torres,Analytics Pro,Company_25,closed-won,2024-07-17,2024-08-26,48522.66
OPP_12690,Ryan Osei,Enterprise Suite,Company_861,closed-lost,2024-08-29,2024-10-14,
OPP_12691,James Wu,Analytics Pro,Company_365,closed-won,2023-07-25,2023-08-29,42622.51
OPP_12692,Mike Torres,Analytics Pro,Company_56,closed-lost,2023-03-15,2023-04-24,
OPP_12693,James Wu,Enterprise Suite,Company_539,closed-lost,2023-06-28,2023-09-14,
OPP_12694,James Wu,Analytics Pro,Company_200,closed-won,2023-06-08,2023-07-10,69756.03
OPP_12695,Sarah Chen,Starter Pack,Company_551,closed-won,2023-09-16,2023-10-23,7500.0
OPP_12696,Lisa Park,Enterprise Suite,Company_687,closed-lost,2023-07-18,2023-12-22,
OPP_12697,Mike Torres,Enterprise Suite,Company_403,closed-lost,2024-07-26,2024-11-10,
OPP_12698,James Wu,Analytics Pro,Company_325,closed-lost,2024-07-05,2024-09-04,
OPP_12699,Sarah Chen,Enterprise Suite,Company_369,closed-lost,2024-06-16,2024-10-11,
OPP_12700,Ryan Osei,Starter Pack,,closed-lost,2023-03-14,2023-04-15,
OPP_12701,Ryan Osei,Analytics Pro,Company_395,closed-lost,2023-10-26,2023-11-24,
OPP_12702,Carlos Webb,Starter Pack,Company_291,closed-lost,2024-10-16,2024-11-04,
OPP_12703,Carlos Webb,Analytics Pro,Company_315,closed-won,2024-01-01,2024-03-29,51347.76
OPP_12704,Lisa Park,Enterprise Suite,Company_89,closed-lost,2023-10-14,2023-11-12,
OPP_12705,James Wu,Enterprise Suite,Company_909,closed-lost,2024-02-16,2024-04-20,
OPP_12706,Lisa Park,Enterprise Suite,Company_425,closed-lost,2024-11-20,2024-12-30,
OPP_12707,Lisa Park,Analytics Pro,Company_167,closed-lost,2023-01-21,2023-03-28,
OPP_12708,Ryan Osei,Enterprise Suite,Company_917,closed-lost,2024-09-24,2024-11-16,
OPP_12709,Ryan Osei,Starter Pack,Company_855,closed-lost,2024-01-03,2024-02-01,
OPP_12710,Mike Torres,Starter Pack,Company_212,closed-won,2023-03-01,2023-04-06,15252.26
OPP_12711,Anita Rao,Analytics Pro,Company_888,closed-lost,2023-08-09,2023-09-29,
OPP_12712,Carlos Webb,Starter Pack,Company_955,closed-won,2024-03-25,2024-04-09,18455.8
OPP_12713,Ryan Osei,Starter Pack,Company_6,closed-lost,2023-06-23,2023-07-02,
OPP_12714,Ryan Osei,Enterprise Suite,Company_936,closed-lost,2023-12-08,2024-02-17,
OPP_12715,Anita Rao,Analytics Pro,Company_179,closed-lost,2024-01-16,2024-03-15,
OPP_12716,Lisa Park,Enterprise Suite,Company_581,closed-won,2023-04-12,2023-07-31,389344.08
OPP_12717,Priya Nair,Starter Pack,Company_190,closed-won,2024-09-26,2024-10-26,12229.6
OPP_12718,Ryan Osei,Analytics Pro,Company_567,closed-lost,2023-05-15,2023-06-21,
OPP_12719,Lisa Park,Starter Pack,Company_842,closed-won,2023-01-02,2023-02-17,12400.83
OPP_12720,Anita Rao,Enterprise Suite,Company_311,closed-lost,2024-05-01,2024-06-11,
OPP_12721,Lisa Park,Enterprise Suite,Company_757,closed-lost,2024-02-02,2024-04-04,
OPP_12722,Lisa Park,Starter Pack,Company_27,closed-won,2024-05-16,2024-06-07,10462.69
OPP_12723,Sarah Chen,Starter Pack,Company_268,closed-lost,2024-05-02,2024-05-29,
OPP_12724,Anita Rao,Enterprise Suite,Company_854,closed-won,2023-07-13,2023-09-27,247370.04
OPP_12725,Lisa Park,Starter Pack,Company_669,closed-won,2023-01-14,2023-02-13,17955.45
OPP_12726,Anita Rao,Analytics Pro,Company_183,closed-won,2024-10-25,2024-12-08,
OPP_12727,Lisa Park,Enterprise Suite,Company_660,closed-won,2023-05-17,2023-08-30,271117.94
OPP_12728,James Wu,Starter Pack,Company_122,closed-lost,2023-06-30,2023-07-25,
OPP_12729,Anita Rao,Analytics Pro,Company_993,closed-lost,2024-07-06,2024-08-22,
OPP_12730,Mike Torres,Enterprise Suite,Company_763,closed-won,2023-03-04,2023-07-11,271517.1
OPP_12731,Carlos Webb,Enterprise Suite,Company_492,closed-lost,2024-10-19,2025-01-26,
OPP_12732,Ryan Osei,Analytics Pro,Company_643,closed-lost,2024-08-20,2024-09-27,
OPP_12733,Lisa Park,Enterprise Suite,Company_837,closed-lost,2024-07-20,2024-09-06,
OPP_12734,Mike Torres,Analytics Pro,Company_524,closed-lost,2024-05-11,2024-06-12,
OPP_12735,Sarah Chen,Analytics Pro,Company_166,closed-lost,2024-04-29,2024-05-31,
OPP_12736,Sarah Chen,Starter Pack,Company_327,closed-won,2023-03-28,2023-04-27,16889.78
OPP_12737,Lisa Park,Enterprise Suite,Company_138,closed-lost,2023-06-19,2023-07-22,
OPP_12738,Carlos Webb,Starter Pack,Company_54,closed-won,2024-02-10,2024-02-24,18063.57
OPP_12739,Anita Rao,Analytics Pro,Company_429,closed-lost,2024-07-04,2024-07-26,
OPP_12740,Carlos Webb,Starter Pack,Company_296,closed-lost,2023-07-10,2023-08-01,
OPP_12741,Anita Rao,Enterprise Suite,Company_654,closed-lost,2024-02-09,2024-06-22,
OPP_12742,Mike Torres,Enterprise Suite,Company_198,closed-lost,2023-01-28,2023-04-29,
OPP_12743,Priya Nair,Starter Pack,Company_613,closed-lost,2023-08-29,2023-09-14,
OPP_12744,Priya Nair,Enterprise Suite,Company_330,closed-lost,2023-10-30,2024-02-28,
OPP_12745,Carlos Webb,Enterprise Suite,Company_819,closed-lost,2023-11-04,2024-01-17,
OPP_12746,Anita Rao,Analytics Pro,Company_701,closed-won,2023-09-11,2023-11-06,58000.51
OPP_12747,Carlos Webb,Starter Pack,Company_547,closed-won,2024-02-11,2024-03-01,12711.41
OPP_12748,Carlos Webb,Starter Pack,,closed-won,2023-12-21,2023-12-30,10205.52
OPP_12749,Priya Nair,Enterprise Suite,Company_288,closed-lost,2023-07-26,2023-11-29,
OPP_12750,Carlos Webb,Analytics Pro,Company_421,closed-lost,2024-09-05,2024-10-22,
OPP_12751,Carlos Webb,Starter Pack,Company_104,closed-won,2024-10-04,2024-11-20,
OPP_12752,James Wu,Starter Pack,Company_515,closed-lost,2023-07-20,2023-08-07,
OPP_12753,James Wu,Starter Pack,Company_814,closed-won,2023-12-21,2024-01-12,23790.35
OPP_12754,Mike Torres,Analytics Pro,Company_471,closed-lost,2024-10-24,2024-12-25,
OPP_12755,Mike Torres,Starter Pack,Company_838,closed-won,2023-06-11,2023-07-03,13881.67
OPP_12756,Priya Nair,Starter Pack,Company_491,closed-won,2023-03-20,2023-05-19,22387.33
OPP_12757,Carlos Webb,Analytics Pro,Company_707,closed-lost,2024-08-22,2024-09-17,
OPP_12758,Carlos Webb,Starter Pack,Company_836,closed-lost,2024-05-12,2024-05-24,
OPP_12759,Lisa Park,Enterprise Suite,Company_535,closed-won,2023-01-15,2023-06-24,325991.13
OPP_12760,Carlos Webb,Starter Pack,Company_726,closed-lost,2023-01-07,2023-01-22,
OPP_12761,Anita Rao,Starter Pack,,closed-lost,2024-01-02,2024-01-27,
OPP_12762,Mike Torres,Starter Pack,Company_131,closed-lost,2023-01-13,2023-02-19,
OPP_12763,Priya Nair,Enterprise Suite,Company_232,closed-lost,2024-05-23,2024-09-06,
OPP_12764,Anita Rao,Starter Pack,Company_214,closed-lost,2023-05-13,2023-07-02,
OPP_12765,Priya Nair,Starter Pack,Company_435,closed-lost,2024-07-03,2024-07-14,
OPP_12766,Mike Torres,Starter Pack,Company_19,closed-won,2023-08-25,2023-09-24,11858.35
OPP_12767,Lisa Park,Analytics Pro,Company_43,closed-lost,2024-11-14,2024-12-25,
OPP_12768,James Wu,Starter Pack,Company_33,closed-lost,2024-06-10,2024-06-29,
OPP_12769,Sarah Chen,Analytics Pro,Company_121,closed-lost,2024-01-16,2024-03-20,
OPP_12770,Anita Rao,Starter Pack,Company_67,closed-won,2023-08-06,2023-08-21,16113.58
OPP_12771,Anita Rao,Enterprise Suite,Company_10,closed-lost,2023-12-29,2024-03-27,
OPP_12772,Mike Torres,Starter Pack,Company_942,closed-won,2023-03-30,2023-05-09,
OPP_12773,James Wu,Enterprise Suite,Company_922,closed-lost,2024-06-01,2024-07-31,
OPP_12774,James Wu,Starter Pack,Company_686,closed-lost,2023-01-10,2023-02-07,
OPP_12775,Carlos Webb,Starter Pack,,closed-won,2023-08-13,2023-09-06,16630.79
OPP_12776,Priya Nair,Enterprise Suite,Company_964,closed-won,2024-10-24,2025-02-23,180562.74
OPP_12777,Anita Rao,Enterprise Suite,Company_356,closed-lost,2023-10-17,2024-02-07,
OPP_12778,Carlos Webb,Starter Pack,Company_875,closed-lost,2024-08-10,2024-09-05,
OPP_12779,James Wu,Enterprise Suite,Company_583,closed-lost,2023-02-15,2023-03-27,
OPP_12780,Mike Torres,Starter Pack,Company_839,closed-won,2023-08-19,2023-09-20,8966.58
OPP_12781,Sarah Chen,Enterprise Suite,Company_222,closed-won,2024-01-26,2024-06-14,173803.66
OPP_12782,James Wu,Analytics Pro,Company_175,closed-lost,2023-03-17,2023-04-11,
OPP_12783,Sarah Chen,Enterprise Suite,Company_101,closed-lost,2023-08-14,2023-11-27,
OPP_12784,James Wu,Enterprise Suite,Company_871,closed-won,2023-12-05,2024-03-13,252170.71
OPP_12785,Lisa Park,Analytics Pro,Company_714,closed-won,2023-12-16,2024-01-15,78515.18
OPP_12786,Priya Nair,Analytics Pro,Company_689,closed-lost,2024-04-03,2024-05-07,
OPP_12787,Mike Torres,Starter Pack,Company_854,closed-won,2024-09-24,2024-10-27,7500.0
OPP_12788,Carlos Webb,Analytics Pro,Company_434,closed-won,2023-01-14,2023-03-06,46617.88
OPP_12789,James Wu,Enterprise Suite,Company_233,closed-won,2024-05-03,2024-07-10,229151.33
OPP_12790,Ryan Osei,Starter Pack,Company_779,closed-lost,2023-06-02,2023-06-17,
OPP_12791,Carlos Webb,Starter Pack,Company_477,closed-won,2023-06-24,2023-07-13,13052.69
OPP_12792,Mike Torres,Enterprise Suite,Company_139,closed-won,2023-08-01,2023-09-19,236142.29
OPP_12793,Lisa Park,Analytics Pro,Company_721,closed-lost,2024-05-30,2024-07-11,
OPP_12794,Anita Rao,Enterprise Suite,Company_739,closed-lost,2023-05-17,2023-08-13,
OPP_12795,Sarah Chen,Starter Pack,Company_335,closed-won,2024-07-07,2024-07-18,12943.7
OPP_12796,Lisa Park,Starter Pack,Company_394,closed-won,2023-03-08,2023-04-17,17326.34
OPP_12797,Anita Rao,Analytics Pro,Company_614,closed-lost,2024-03-31,2024-04-30,
OPP_12798,Anita Rao,Enterprise Suite,Company_999,closed-lost,2024-02-05,2024-05-19,
OPP_12799,Lisa Park,Starter Pack,Company_567,closed-won,2023-08-18,2023-09-21,22118.21
OPP_12800,Ryan Osei,Analytics Pro,Company_875,closed-won,2023-03-07,2023-04-26,68552.81
OPP_12801,Ryan Osei,Starter Pack,Company_877,closed-won,2024-11-01,2024-11-22,17105.47
OPP_12802,Mike Torres,Analytics Pro,Company_961,closed-won,2023-04-24,2023-05-16,36045.49
OPP_12803,Carlos Webb,Starter Pack,Company_13,closed-won,2023-01-02,2023-02-09,21132.6
OPP_12804,Lisa Park,Enterprise Suite,Company_107,closed-won,2024-03-17,2024-06-16,
OPP_12805,Ryan Osei,Analytics Pro,Company_535,closed-won,2023-09-21,2023-10-27,60622.08
OPP_12806,Mike Torres,Starter Pack,Company_146,closed-lost,2023-03-05,2023-03-18,
OPP_12807,Ryan Osei,Analytics Pro,Company_711,closed-lost,2024-03-18,2024-05-07,
OPP_12808,Mike Torres,Enterprise Suite,Company_947,closed-lost,2023-09-02,2023-10-25,
OPP_12809,Priya Nair,Starter Pack,,closed-lost,2023-06-10,2023-07-13,
OPP_12810,James Wu,Analytics Pro,Company_205,closed-won,2024-02-05,2024-03-13,27500.0
OPP_12811,Ryan Osei,Starter Pack,Company_238,closed-lost,2023-09-07,2023-10-13,
OPP_12812,Ryan Osei,Enterprise Suite,Company_511,closed-won,2023-02-07,2023-04-26,185458.36
OPP_12813,Anita Rao,Enterprise Suite,Company_784,closed-lost,2023-05-03,2023-06-03,
OPP_12814,Anita Rao,Enterprise Suite,Company_965,closed-lost,2023-03-07,2023-05-11,
OPP_12815,Ryan Osei,Analytics Pro,Company_487,closed-won,2023-09-23,2023-10-26,67838.4
OPP_12816,Ryan Osei,Analytics Pro,Company_523,closed-lost,2024-03-16,2024-05-04,
OPP_12817,Anita Rao,Starter Pack,Company_786,closed-lost,2024-10-09,2024-11-12,
OPP_12818,Lisa Park,Starter Pack,,closed-lost,2023-04-01,2023-04-30,
OPP_12819,Anita Rao,Analytics Pro,Company_509,closed-lost,2024-11-15,2024-12-19,
OPP_12820,James Wu,Enterprise Suite,Company_965,closed-lost,2023-07-17,2023-10-28,
OPP_12821,Priya Nair,Starter Pack,Company_101,closed-lost,2024-02-14,2024-03-08,
OPP_12822,Sarah Chen,Starter Pack,Company_510,closed-won,2024-02-27,2024-03-26,16936.0
OPP_12823,Sarah Chen,Starter Pack,Company_391,closed-lost,2023-08-20,2023-09-14,
OPP_12824,Carlos Webb,Starter Pack,Company_310,closed-won,2023-11-30,2023-12-18,11997.34
OPP_12825,Mike Torres,Starter Pack,Company_676,closed-won,2024-10-13,2024-11-17,16552.7
OPP_12826,Lisa Park,Analytics Pro,Company_206,closed-lost,2024-05-22,2024-07-07,
OPP_12827,Anita Rao,Enterprise Suite,Company_509,closed-lost,2023-04-27,2023-07-05,
OPP_12828,Lisa Park,Enterprise Suite,Company_267,closed-lost,2023-03-08,2023-06-12,
OPP_12829,Carlos Webb,Enterprise Suite,Company_559,closed-won,2024-11-14,2025-01-14,185613.93
OPP_12830,Sarah Chen,Starter Pack,Company_440,closed-won,2023-07-11,2023-08-08,13062.1
OPP_12831,Mike Torres,Analytics Pro,Company_460,closed-won,2024-01-28,2024-04-02,48179.29
OPP_12832,Carlos Webb,Analytics Pro,Company_453,closed-won,2024-06-16,2024-08-06,47246.6
OPP_12833,Lisa Park,Starter Pack,Company_33,closed-won,2023-06-09,2023-07-09,18763.19
OPP_12834,Priya Nair,Enterprise Suite,Company_675,closed-lost,2023-10-10,2024-02-12,
OPP_12835,Anita Rao,Enterprise Suite,Company_168,closed-lost,2023-02-05,2023-07-17,
OPP_12836,Lisa Park,Analytics Pro,Company_137,closed-lost,2024-06-21,2024-08-11,
OPP_12837,Anita Rao,Enterprise Suite,Company_398,closed-lost,2024-02-07,2024-04-24,
OPP_12838,Lisa Park,Starter Pack,Company_582,closed-won,2024-06-20,2024-07-05,
OPP_12839,Lisa Park,Enterprise Suite,Company_567,closed-lost,2024-02-06,2024-03-24,
OPP_12840,Lisa Park,Analytics Pro,Company_575,closed-lost,2024-05-20,2024-06-30,
OPP_12841,Priya Nair,Enterprise Suite,Company_57,closed-lost,2023-06-29,2023-10-30,
OPP_12842,Ryan Osei,Analytics Pro,Company_506,closed-won,2024-03-26,2024-05-15,45408.15
OPP_12843,Ryan Osei,Enterprise Suite,Company_692,closed-lost,2023-03-20,2023-05-17,
OPP_12844,Carlos Webb,Analytics Pro,Company_328,closed-lost,2023-06-05,2023-07-20,
OPP_12845,Sarah Chen,Starter Pack,Company_604,closed-won,2023-04-27,2023-06-08,13774.14
OPP_12846,Sarah Chen,Starter Pack,Company_857,closed-lost,2024-10-21,2024-12-05,
OPP_12847,Carlos Webb,Analytics Pro,,closed-lost,2024-05-17,2024-08-07,
OPP_12848,Sarah Chen,Enterprise Suite,Company_349,closed-lost,2024-09-26,2025-02-13,
OPP_12849,Ryan Osei,Starter Pack,Company_438,closed-won,2024-05-09,2024-05-27,7500.0
OPP_12850,Carlos Webb,Analytics Pro,Company_421,closed-lost,2023-10-24,2023-11-26,
OPP_12851,Carlos Webb,Starter Pack,Company_677,closed-lost,2023-07-12,2023-07-30,
OPP_12852,James Wu,Starter Pack,Company_240,closed-lost,2023-05-12,2023-06-09,
OPP_12853,Anita Rao,Enterprise Suite,Company_86,closed-lost,2024-10-02,2024-11-18,
OPP_12854,Mike Torres,Analytics Pro,,closed-lost,2024-02-21,2024-03-21,
OPP_12855,Carlos Webb,Starter Pack,Company_20,closed-won,2024-03-25,2024-04-20,8153.93
OPP_12856,Carlos Webb,Starter Pack,Company_471,closed-lost,2024-02-27,2024-04-05,
OPP_12857,Ryan Osei,Enterprise Suite,Company_527,closed-lost,2023-08-02,2023-11-19,
OPP_12858,Ryan Osei,Analytics Pro,Company_20,closed-won,2024-08-22,2024-10-03,53174.67
OPP_12859,Lisa Park,Enterprise Suite,Company_22,closed-lost,2024-06-16,2024-10-22,
OPP_12860,Carlos Webb,Analytics Pro,Company_584,closed-lost,2024-08-27,2024-11-09,
OPP_12861,Ryan Osei,Analytics Pro,Company_586,closed-won,2023-01-15,2023-03-13,68179.82
OPP_12862,Mike Torres,Analytics Pro,Company_102,closed-lost,2024-07-14,2024-08-04,
OPP_12863,James Wu,Analytics Pro,Company_508,closed-won,2024-04-02,2024-06-03,88609.23
OPP_12864,Carlos Webb,Starter Pack,Company_629,closed-won,2023-01-29,2023-03-14,12990.71
OPP_12865,Anita Rao,Analytics Pro,Company_992,closed-lost,2024-11-24,2025-01-03,
OPP_12866,Ryan Osei,Starter Pack,Company_508,closed-won,2023-07-06,2023-08-02,14417.89
OPP_12867,Mike Torres,Enterprise Suite,Company_219,closed-won,2024-06-03,2024-10-08,205796.52
OPP_12868,Anita Rao,Analytics Pro,Company_48,closed-lost,2024-09-18,2024-11-02,
OPP_12869,Anita Rao,Enterprise Suite,Company_411,closed-lost,2024-10-06,2024-11-28,
OPP_12870,James Wu,Enterprise Suite,Company_760,closed-lost,2024-04-07,2024-07-18,
OPP_12871,Mike Torres,Enterprise Suite,Company_864,closed-lost,2024-11-29,2025-02-10,
OPP_12872,Mike Torres,Enterprise Suite,Company_344,closed-won,2023-10-20,2024-01-20,266165.96
OPP_12873,Anita Rao,Starter Pack,Company_580,closed-lost,2023-08-13,2023-08-26,
OPP_12874,Lisa Park,Analytics Pro,Company_214,closed-lost,2024-10-03,2024-11-22,
OPP_12875,Carlos Webb,Starter Pack,Company_667,closed-won,2024-09-07,2024-10-13,
OPP_12876,Anita Rao,Enterprise Suite,Company_823,closed-lost,2023-09-08,2023-11-20,
OPP_12877,Anita Rao,Analytics Pro,Company_679,closed-won,2024-07-23,2024-09-01,70436.37
OPP_12878,Carlos Webb,Starter Pack,Company_424,closed-lost,2023-04-10,2023-05-13,
OPP_12879,Ryan Osei,Analytics Pro,Company_639,closed-lost,2024-09-29,2024-11-16,
OPP_12880,Lisa Park,Enterprise Suite,Company_781,closed-won,2023-06-28,2023-09-06,164860.65
OPP_12881,Priya Nair,Starter Pack,Company_642,closed-won,2024-04-07,2024-05-03,18168.23
OPP_12882,Priya Nair,Enterprise Suite,Company_511,closed-lost,2023-11-13,2024-02-26,
OPP_12883,James Wu,Enterprise Suite,Company_985,closed-won,2023-09-20,2024-01-15,233623.42
OPP_12884,Lisa Park,Analytics Pro,Company_959,closed-lost,2024-05-13,2024-06-14,
OPP_12885,Ryan Osei,Enterprise Suite,Company_744,closed-lost,2023-07-07,2023-09-30,
OPP_12886,Sarah Chen,Enterprise Suite,Company_205,closed-lost,2023-05-05,2023-06-20,
OPP_12887,Carlos Webb,Analytics Pro,Company_151,closed-won,2023-01-31,2023-04-07,62809.07
OPP_12888,James Wu,Starter Pack,Company_764,closed-lost,2023-05-15,2023-05-21,
OPP_12889,Anita Rao,Analytics Pro,,closed-lost,2023-09-16,2023-11-03,
OPP_12890,Carlos Webb,Starter Pack,,closed-won,2023-01-17,2023-02-09,10696.49
OPP_12891,James Wu,Analytics Pro,Company_273,closed-won,2024-03-05,2024-04-29,40546.13
OPP_12892,Anita Rao,Enterprise Suite,Company_164,closed-lost,2024-02-15,2024-06-16,
OPP_12893,Anita Rao,Enterprise Suite,Company_615,closed-lost,2024-10-26,2025-02-12,
OPP_12894,James Wu,Analytics Pro,Company_244,closed-lost,2024-02-16,2024-03-19,
OPP_12895,Mike Torres,Starter Pack,Company_196,closed-won,2024-09-17,2024-10-15,7500.0
OPP_12896,Sarah Chen,Starter Pack,Company_816,closed-won,2024-07-08,2024-08-11,13737.12
OPP_12897,Anita Rao,Analytics Pro,Company_497,closed-lost,2023-03-07,2023-04-12,
OPP_12898,Ryan Osei,Analytics Pro,,closed-lost,2023-07-05,2023-07-24,
OPP_12899,Sarah Chen,Starter Pack,Company_163,closed-lost,2024-02-18,2024-03-06,
OPP_12900,Anita Rao,Starter Pack,Company_29,closed-lost,2024-10-22,2024-11-26,
OPP_12901,Anita Rao,Analytics Pro,Company_674,closed-lost,2024-01-01,2024-02-26,
OPP_12902,Priya Nair,Enterprise Suite,Company_872,closed-lost,2024-03-24,2024-06-25,
OPP_12903,Sarah Chen,Enterprise Suite,Company_497,closed-lost,2024-08-22,2024-12-01,
OPP_12904,Sarah Chen,Starter Pack,Company_880,closed-lost,2024-10-18,2024-11-16,
OPP_12905,Mike Torres,Analytics Pro,Company_616,closed-lost,2023-07-16,2023-09-26,
OPP_12906,Anita Rao,Starter Pack,Company_922,closed-lost,2023-07-04,2023-07-20,
OPP_12907,Ryan Osei,Analytics Pro,,closed-won,2024-07-06,2024-09-04,38245.89
OPP_12908,Mike Torres,Analytics Pro,Company_965,closed-lost,2023-01-10,2023-03-09,
OPP_12909,Priya Nair,Starter Pack,Company_114,closed-won,2024-05-20,2024-06-11,26165.58
OPP_12910,Mike Torres,Enterprise Suite,Company_680,closed-lost,2023-03-27,2023-09-14,
OPP_12911,Anita Rao,Analytics Pro,Company_905,closed-lost,2023-12-29,2024-02-02,
OPP_12912,Mike Torres,Starter Pack,Company_614,closed-won,2024-10-01,2024-10-14,25513.58
OPP_12913,Mike Torres,Analytics Pro,Company_337,closed-won,2023-01-08,2023-02-25,63818.92
OPP_12914,Ryan Osei,Enterprise Suite,Company_761,closed-lost,2024-02-26,2024-05-14,
OPP_12915,James Wu,Analytics Pro,Company_223,closed-lost,2023-01-25,2023-03-22,
OPP_12916,Priya Nair,Starter Pack,Company_179,closed-lost,2023-08-03,2023-08-25,
OPP_12917,James Wu,Analytics Pro,Company_450,closed-lost,2024-03-03,2024-04-03,
OPP_12918,Ryan Osei,Analytics Pro,Company_883,closed-won,2024-01-15,2024-01-20,51275.09
OPP_12919,Sarah Chen,Analytics Pro,Company_546,closed-lost,2023-03-06,2023-04-23,
OPP_12920,Carlos Webb,Enterprise Suite,Company_971,closed-lost,2024-09-19,2025-02-04,
OPP_12921,Mike Torres,Analytics Pro,Company_558,closed-lost,2024-02-05,2024-03-19,
OPP_12922,Ryan Osei,Analytics Pro,Company_699,closed-won,2024-10-23,2024-11-28,48661.47
OPP_12923,James Wu,Analytics Pro,Company_900,closed-lost,2024-10-11,2024-11-23,
OPP_12924,Priya Nair,Analytics Pro,Company_486,closed-lost,2024-09-11,2024-11-12,
OPP_12925,Carlos Webb,Analytics Pro,Company_21,closed-won,2023-09-29,2023-10-29,49551.29
OPP_12926,Sarah Chen,Enterprise Suite,Company_678,closed-won,2023-03-30,2023-08-07,147473.8
OPP_12927,Sarah Chen,Enterprise Suite,Company_939,closed-lost,2023-10-01,2023-10-16,
OPP_12928,James Wu,Analytics Pro,Company_565,closed-won,2023-08-23,2023-10-10,49135.66
OPP_12929,Ryan Osei,Analytics Pro,Company_654,closed-won,2024-09-29,2024-12-08,37971.62
OPP_12930,Carlos Webb,Enterprise Suite,Company_124,closed-lost,2023-02-11,2023-05-15,
OPP_12931,James Wu,Analytics Pro,Company_397,closed-lost,2023-03-31,2023-05-16,
OPP_12932,Sarah Chen,Analytics Pro,Company_949,closed-won,2024-03-22,2024-05-09,29985.02
OPP_12933,Anita Rao,Analytics Pro,,closed-lost,2023-12-29,2024-02-08,
OPP_12934,James Wu,Analytics Pro,Company_215,closed-lost,2024-06-26,2024-07-31,
OPP_12935,Priya Nair,Analytics Pro,,closed-lost,2024-01-16,2024-02-25,
OPP_12936,Carlos Webb,Enterprise Suite,Company_416,closed-won,2023-07-11,2023-08-26,271180.86
OPP_12937,Sarah Chen,Analytics Pro,Company_887,closed-won,2023-09-21,2023-11-06,52201.4
OPP_12938,Mike Torres,Analytics Pro,Company_482,closed-lost,2023-04-07,2023-06-12,
OPP_12939,Ryan Osei,Analytics Pro,Company_734,closed-lost,2024-04-27,2024-06-12,
OPP_12940,Ryan Osei,Starter Pack,Company_844,closed-won,2024-11-08,2024-12-09,10428.81
OPP_12941,Priya Nair,Enterprise Suite,Company_267,closed-lost,2024-06-06,2024-08-24,
OPP_12942,Mike Torres,Analytics Pro,Company_430,closed-won,2023-07-08,2023-09-25,36120.68
OPP_12943,Carlos Webb,Analytics Pro,Company_711,closed-won,2024-06-25,2024-08-06,41776.88
OPP_12944,Sarah Chen,Starter Pack,Company_656,closed-won,2023-06-19,2023-07-08,20185.84
OPP_12945,Priya Nair,Enterprise Suite,Company_454,closed-lost,2023-10-29,2024-02-07,
OPP_12946,Priya Nair,Starter Pack,Company_410,closed-lost,2024-01-14,2024-02-15,
OPP_12947,James Wu,Enterprise Suite,Company_312,closed-won,2024-02-25,2024-04-19,374988.36
OPP_12948,Carlos Webb,Enterprise Suite,Company_84,closed-won,2023-10-28,2024-02-01,141041.73
OPP_12949,Mike Torres,Starter Pack,Company_255,closed-won,2023-12-11,2024-01-10,17645.58
OPP_12950,Priya Nair,Enterprise Suite,Company_702,closed-lost,2024-09-19,2024-12-21,
OPP_12951,Ryan Osei,Analytics Pro,Company_462,closed-lost,2023-12-27,2024-02-04,
OPP_12952,Lisa Park,Enterprise Suite,Company_136,closed-lost,2023-06-30,2023-08-27,
OPP_12953,Anita Rao,Starter Pack,Company_703,closed-lost,2024-09-14,2024-10-02,
OPP_12954,Carlos Webb,Analytics Pro,Company_203,closed-lost,2024-10-19,2024-12-06,
OPP_12955,Mike Torres,Analytics Pro,Company_376,closed-lost,2023-08-10,2023-10-06,
OPP_12956,Priya Nair,Analytics Pro,Company_897,closed-lost,2024-08-11,2024-09-25,
OPP_12957,Ryan Osei,Enterprise Suite,Company_229,closed-lost,2023-02-19,2023-05-08,
OPP_12958,Sarah Chen,Starter Pack,Company_945,closed-won,2023-09-25,2023-10-11,13336.89
OPP_12959,James Wu,Starter Pack,Company_997,closed-lost,2024-10-04,2024-10-22,
OPP_12960,Lisa Park,Starter Pack,Company_268,closed-lost,2023-05-29,2023-06-15,
OPP_12961,Priya Nair,Starter Pack,Company_410,closed-lost,2023-07-01,2023-07-30,
OPP_12962,Ryan Osei,Enterprise Suite,Company_266,closed-won,2023-10-21,2023-12-15,367652.96
OPP_12963,Priya Nair,Starter Pack,Company_981,closed-lost,2024-07-02,2024-08-01,
OPP_12964,Carlos Webb,Starter Pack,Company_969,closed-lost,2024-05-01,2024-06-03,
OPP_12965,Mike Torres,Starter Pack,Company_735,closed-won,2024-02-10,2024-03-06,24261.45
OPP_12966,Ryan Osei,Analytics Pro,Company_847,closed-won,2023-12-02,2024-01-05,48002.09
OPP_12967,Lisa Park,Starter Pack,Company_229,closed-won,2024-04-27,2024-05-17,20703.96
OPP_12968,James Wu,Starter Pack,Company_968,closed-lost,2024-05-24,2024-06-30,
OPP_12969,Anita Rao,Analytics Pro,Company_764,closed-lost,2023-07-30,2023-08-26,
OPP_12970,Lisa Park,Analytics Pro,Company_133,closed-lost,2023-03-14,2023-05-13,
OPP_12971,Ryan Osei,Starter Pack,Company_614,closed-lost,2023-01-19,2023-02-07,
OPP_12972,James Wu,Analytics Pro,Company_744,closed-lost,2023-05-25,2023-07-15,
OPP_12973,James Wu,Analytics Pro,Company_184,closed-lost,2023-11-09,2023-12-17,
OPP_12974,Ryan Osei,Starter Pack,Company_29,closed-lost,2024-09-22,2024-10-22,
OPP_12975,Anita Rao,Analytics Pro,Company_241,closed-won,2024-03-15,2024-04-28,57010.36
OPP_12976,Lisa Park,Starter Pack,Company_378,closed-lost,2023-05-18,2023-07-04,
OPP_12977,Lisa Park,Starter Pack,Company_10,closed-won,2024-02-24,2024-03-10,14912.32
OPP_12978,Lisa Park,Starter Pack,Company_892,closed-lost,2023-06-20,2023-07-22,
OPP_12979,Carlos Webb,Enterprise Suite,Company_407,closed-lost,2024-04-06,2024-05-20,
OPP_12980,James Wu,Enterprise Suite,Company_392,closed-lost,2024-06-12,2024-08-02,
OPP_12981,Ryan Osei,Enterprise Suite,Company_611,closed-lost,2024-05-21,2024-09-07,
OPP_12982,Anita Rao,Starter Pack,Company_97,closed-won,2023-04-21,2023-05-20,7500.0
OPP_12983,Sarah Chen,Starter Pack,Company_340,closed-lost,2024-04-09,2024-05-05,
OPP_12984,James Wu,Analytics Pro,Company_930,closed-lost,2024-11-29,2025-01-27,
OPP_12985,Carlos Webb,Enterprise Suite,Company_961,closed-won,2023-04-23,2023-07-04,256065.83
OPP_12986,Sarah Chen,Starter Pack,Company_259,closed-won,2024-05-07,2024-06-02,17404.77
OPP_12987,Ryan Osei,Analytics Pro,Company_404,closed-lost,2023-07-19,2023-09-24,
OPP_12988,Carlos Webb,Starter Pack,Company_991,closed-lost,2023-08-15,2023-09-25,
OPP_12989,Sarah Chen,Enterprise Suite,Company_183,closed-lost,2023-08-31,2023-10-29,
OPP_12990,Anita Rao,Starter Pack,Company_515,closed-won,2023-11-18,2023-12-21,16674.51
OPP_12991,Lisa Park,Analytics Pro,Company_898,closed-lost,2024-08-11,2024-09-25,
OPP_12992,Lisa Park,Starter Pack,Company_91,closed-lost,2023-05-30,2023-07-04,
OPP_12993,Carlos Webb,Enterprise Suite,Company_543,closed-won,2023-09-01,2023-11-28,140613.88
OPP_12994,Ryan Osei,Starter Pack,Company_266,closed-won,2023-10-24,2023-11-27,15312.43
OPP_12995,Mike Torres,Analytics Pro,Company_45,closed-won,2023-05-17,2023-07-11,66635.13
OPP_12996,Priya Nair,Analytics Pro,Company_892,closed-lost,2023-03-06,2023-04-17,
OPP_12997,Anita Rao,Enterprise Suite,Company_369,closed-lost,2024-08-25,2024-11-17,
OPP_12998,Ryan Osei,Analytics Pro,Company_924,closed-won,2024-10-03,2024-11-11,47135.23
OPP_12999,Anita Rao,Enterprise Suite,Company_849,closed-lost,2024-11-01,2025-03-20,
OPP_13000,Anita Rao,Enterprise Suite,Company_320,closed-lost,2024-04-22,2024-07-25,
OPP_13001,Ryan Osei,Starter Pack,Company_323,closed-won,2023-03-15,2023-04-25,24170.67
OPP_13002,Lisa Park,Starter Pack,Company_569,closed-won,2023-08-10,2023-09-18,10981.38
OPP_13003,Lisa Park,Starter Pack,Company_193,closed-won,2024-05-12,2024-06-07,12765.11
OPP_13004,Priya Nair,Starter Pack,Company_235,closed-lost,2024-04-07,2024-05-13,
OPP_13005,Priya Nair,Starter Pack,Company_481,closed-won,2023-04-26,2023-05-04,13391.68
OPP_13006,Anita Rao,Starter Pack,Company_722,closed-lost,2024-04-11,2024-05-19,
OPP_13007,Lisa Park,Analytics Pro,Company_118,closed-won,2024-03-09,2024-04-15,38035.19
OPP_13008,Lisa Park,Starter Pack,Company_452,closed-won,2023-12-01,2024-01-06,17652.3
OPP_13009,Carlos Webb,Enterprise Suite,Company_574,closed-lost,2023-07-23,2023-11-08,
OPP_13010,Lisa Park,Analytics Pro,Company_504,closed-lost,2024-07-01,2024-08-06,
OPP_13011,Mike Torres,Enterprise Suite,Company_887,closed-lost,2023-08-11,2023-11-21,
OPP_13012,Priya Nair,Starter Pack,Company_357,closed-won,2023-04-06,2023-05-10,12885.73
OPP_13013,Mike Torres,Starter Pack,Company_889,closed-lost,2024-11-28,2024-12-31,
OPP_13014,Anita Rao,Starter Pack,Company_854,closed-won,2024-07-02,2024-08-08,16746.82
OPP_13015,Priya Nair,Enterprise Suite,Company_520,closed-lost,2023-01-11,2023-05-11,
OPP_13016,Anita Rao,Enterprise Suite,Company_912,closed-lost,2023-11-03,2024-01-25,
OPP_13017,James Wu,Enterprise Suite,,closed-won,2024-08-23,2024-11-28,176089.18
OPP_13018,Sarah Chen,Enterprise Suite,Company_785,closed-won,2023-02-21,2023-05-06,261986.46
OPP_13019,Priya Nair,Analytics Pro,Company_942,closed-won,2024-05-15,2024-06-15,80344.77
OPP_13020,Mike Torres,Starter Pack,Company_786,closed-lost,2024-07-06,2024-08-10,
OPP_13021,Lisa Park,Enterprise Suite,Company_96,closed-lost,2023-02-20,2023-05-23,
OPP_13022,Carlos Webb,Starter Pack,Company_291,closed-won,2023-05-18,2023-06-18,26475.8
OPP_13023,Mike Torres,Analytics Pro,Company_382,closed-lost,2023-12-09,2024-01-10,
OPP_13024,Mike Torres,Analytics Pro,Company_157,closed-won,2024-09-15,2024-09-29,45931.32
OPP_13025,Sarah Chen,Starter Pack,Company_471,closed-lost,2023-07-25,2023-08-30,
OPP_13026,Lisa Park,Analytics Pro,Company_643,closed-lost,2024-06-26,2024-07-16,
OPP_13027,Anita Rao,Enterprise Suite,Company_673,closed-lost,2024-03-10,2024-05-31,
OPP_13028,Sarah Chen,Analytics Pro,Company_993,closed-won,2023-11-19,2024-01-17,53447.25
OPP_13029,Sarah Chen,Enterprise Suite,Company_637,closed-lost,2024-10-24,2024-11-10,
OPP_13030,Lisa Park,Analytics Pro,Company_970,closed-won,2023-05-13,2023-07-09,66359.56
OPP_13031,Priya Nair,Starter Pack,Company_883,closed-won,2023-11-24,2023-12-31,18025.67
OPP_13032,Sarah Chen,Enterprise Suite,Company_289,closed-won,2024-01-17,2024-05-01,125000.0
OPP_13033,Carlos Webb,Starter Pack,Company_761,closed-lost,2023-11-02,2023-12-05,
OPP_13034,Mike Torres,Enterprise Suite,Company_974,closed-won,2024-11-22,2025-03-06,194330.15
OPP_13035,Ryan Osei,Starter Pack,Company_408,closed-lost,2023-07-07,2023-07-29,
OPP_13036,Anita Rao,Starter Pack,Company_245,closed-lost,2024-02-14,2024-03-28,
OPP_13037,Ryan Osei,Starter Pack,Company_21,closed-lost,2023-01-18,2023-02-17,
OPP_13038,James Wu,Starter Pack,Company_397,closed-lost,2023-01-08,2023-02-03,
OPP_13039,Ryan Osei,Analytics Pro,Company_662,closed-won,2024-03-21,2024-04-17,49449.45
OPP_13040,Priya Nair,Starter Pack,Company_305,closed-lost,2023-11-19,2023-12-04,
OPP_13041,Lisa Park,Analytics Pro,Company_753,closed-lost,2023-03-18,2023-04-06,
OPP_13042,Anita Rao,Enterprise Suite,Company_617,closed-lost,2024-10-12,2025-03-02,
OPP_13043,Priya Nair,Analytics Pro,Company_681,closed-won,2024-02-02,2024-03-16,34219.59
OPP_13044,Mike Torres,Analytics Pro,Company_524,closed-won,2024-07-02,2024-08-19,64444.92
OPP_13045,James Wu,Analytics Pro,Company_456,closed-lost,2023-05-15,2023-06-16,
OPP_13046,Ryan Osei,Analytics Pro,Company_274,closed-won,2024-05-13,2024-07-06,35313.64
OPP_13047,Ryan Osei,Starter Pack,Company_774,closed-lost,2023-01-01,2023-01-14,
OPP_13048,Ryan Osei,Analytics Pro,Company_628,closed-won,2024-05-24,2024-07-03,56700.02
OPP_13049,Priya Nair,Analytics Pro,Company_645,closed-lost,2023-08-01,2023-09-24,
OPP_13050,Ryan Osei,Starter Pack,Company_41,closed-lost,2023-11-16,2023-12-14,
OPP_13051,Carlos Webb,Analytics Pro,Company_692,closed-lost,2024-08-05,2024-08-25,
OPP_13052,James Wu,Enterprise Suite,Company_702,closed-lost,2024-04-08,2024-07-27,
OPP_13053,Priya Nair,Analytics Pro,Company_539,closed-won,2024-04-20,2024-05-31,54092.45
OPP_13054,Mike Torres,Analytics Pro,Company_479,closed-won,2023-10-01,2023-11-14,46260.93
OPP_13055,Ryan Osei,Starter Pack,Company_928,closed-lost,2023-08-30,2023-09-23,
OPP_13056,Lisa Park,Analytics Pro,Company_152,closed-lost,2023-05-14,2023-06-21,
OPP_13057,Priya Nair,Enterprise Suite,Company_924,closed-lost,2024-04-02,2024-07-24,
OPP_13058,Anita Rao,Starter Pack,Company_535,closed-won,2024-04-12,2024-05-05,19509.97
OPP_13059,Ryan Osei,Analytics Pro,Company_582,closed-lost,2023-03-05,2023-04-29,
OPP_13060,Sarah Chen,Enterprise Suite,Company_78,closed-lost,2024-09-09,2025-01-12,
OPP_13061,Sarah Chen,Enterprise Suite,Company_110,closed-won,2024-05-14,2024-09-04,125000.0
OPP_13062,Ryan Osei,Analytics Pro,Company_96,closed-won,2023-01-31,2023-02-28,56937.51
OPP_13063,Lisa Park,Enterprise Suite,Company_737,closed-lost,2023-08-03,2023-11-05,
OPP_13064,Anita Rao,Analytics Pro,Company_260,closed-lost,2023-09-26,2023-12-04,
OPP_13065,Mike Torres,Enterprise Suite,Company_16,closed-lost,2023-05-22,2023-09-15,
OPP_13066,Mike Torres,Enterprise Suite,Company_677,closed-lost,2023-07-19,2023-12-23,
OPP_13067,Lisa Park,Starter Pack,Company_805,closed-lost,2023-10-13,2023-11-14,
OPP_13068,Priya Nair,Analytics Pro,Company_46,closed-lost,2023-05-30,2023-07-18,
OPP_13069,Mike Torres,Analytics Pro,Company_897,closed-lost,2023-11-30,2023-12-29,
OPP_13070,Anita Rao,Analytics Pro,Company_601,closed-lost,2023-06-21,2023-07-26,
OPP_13071,Lisa Park,Enterprise Suite,Company_460,closed-won,2024-09-22,2024-11-16,260064.8
OPP_13072,Anita Rao,Analytics Pro,Company_989,closed-lost,2023-03-24,2023-04-01,
OPP_13073,Priya Nair,Starter Pack,Company_189,closed-lost,2024-03-24,2024-04-16,
OPP_13074,Mike Torres,Enterprise Suite,Company_618,closed-won,2024-01-20,2024-05-21,202708.25
OPP_13075,Anita Rao,Enterprise Suite,Company_108,closed-lost,2023-05-22,2023-08-12,
OPP_13076,Ryan Osei,Enterprise Suite,,closed-lost,2023-08-16,2023-12-16,
OPP_13077,Sarah Chen,Analytics Pro,Company_119,closed-lost,2023-03-03,2023-03-31,
OPP_13078,Sarah Chen,Starter Pack,Company_671,closed-won,2024-08-06,2024-08-29,13120.03
OPP_13079,Lisa Park,Analytics Pro,Company_708,closed-lost,2024-07-11,2024-08-20,
OPP_13080,Ryan Osei,Enterprise Suite,Company_988,closed-lost,2024-08-03,2024-12-18,
OPP_13081,Lisa Park,Analytics Pro,Company_633,closed-lost,2024-02-14,2024-04-07,
OPP_13082,Carlos Webb,Enterprise Suite,Company_689,closed-lost,2023-07-21,2023-10-22,
OPP_13083,Ryan Osei,Analytics Pro,Company_89,closed-won,2023-02-01,2023-03-17,75374.14
OPP_13084,Priya Nair,Starter Pack,Company_14,closed-lost,2023-11-24,2023-12-30,
OPP_13085,James Wu,Starter Pack,Company_835,closed-won,2024-08-28,2024-09-15,16194.99
OPP_13086,Sarah Chen,Enterprise Suite,Company_993,closed-lost,2024-10-08,2024-12-28,
OPP_13087,James Wu,Starter Pack,Company_214,closed-lost,2023-10-04,2023-11-04,
OPP_13088,Lisa Park,Enterprise Suite,Company_148,closed-won,2024-01-02,2024-02-06,
OPP_13089,James Wu,Analytics Pro,Company_862,closed-lost,2024-03-03,2024-04-14,
OPP_13090,James Wu,Starter Pack,Company_308,closed-lost,2023-03-21,2023-04-02,
OPP_13091,Lisa Park,Starter Pack,Company_485,closed-lost,2024-10-18,2024-11-16,
OPP_13092,Ryan Osei,Starter Pack,Company_119,closed-lost,2024-04-29,2024-06-27,
OPP_13093,Priya Nair,Starter Pack,Company_756,closed-won,2024-08-29,2024-09-27,20483.35
OPP_13094,Lisa Park,Analytics Pro,Company_482,closed-lost,2023-07-18,2023-09-16,
OPP_13095,Sarah Chen,Analytics Pro,Company_599,closed-lost,2024-03-11,2024-05-26,
OPP_13096,James Wu,Starter Pack,,closed-lost,2024-04-05,2024-05-05,
OPP_13097,Ryan Osei,Starter Pack,Company_341,closed-won,2024-07-24,2024-08-19,15883.57
OPP_13098,Sarah Chen,Starter Pack,Company_645,closed-won,2024-06-16,2024-07-12,8756.13
OPP_13099,Ryan Osei,Analytics Pro,Company_868,closed-lost,2023-03-28,2023-05-03,
OPP_13100,Lisa Park,Enterprise Suite,Company_592,closed-won,2024-05-10,2024-08-19,173062.22
OPP_13101,Anita Rao,Starter Pack,Company_499,closed-lost,2023-03-27,2023-04-25,
OPP_13102,Ryan Osei,Analytics Pro,Company_525,closed-lost,2023-06-11,2023-08-06,
OPP_13103,Lisa Park,Starter Pack,Company_731,closed-won,2024-02-28,2024-03-29,13174.34
OPP_13104,Sarah Chen,Enterprise Suite,Company_19,closed-lost,2023-12-14,2024-03-26,
OPP_13105,Ryan Osei,Enterprise Suite,Company_323,closed-lost,2024-07-14,2024-10-03,
OPP_13106,Mike Torres,Analytics Pro,Company_914,closed-lost,2023-12-12,2024-02-04,
OPP_13107,Ryan Osei,Analytics Pro,Company_119,closed-won,2023-12-20,2024-02-04,46423.96
OPP_13108,Lisa Park,Enterprise Suite,Company_961,closed-lost,2024-08-09,2024-11-20,
OPP_13109,Carlos Webb,Analytics Pro,Company_714,closed-won,2024-05-29,2024-06-24,45206.47
OPP_13110,Ryan Osei,Starter Pack,Company_165,closed-lost,2024-01-03,2024-01-23,
OPP_13111,Anita Rao,Enterprise Suite,Company_196,closed-lost,2023-01-16,2023-04-20,
OPP_13112,Lisa Park,Analytics Pro,Company_448,closed-won,2023-05-01,2023-06-27,71895.9
OPP_13113,James Wu,Enterprise Suite,Company_224,closed-won,2024-10-18,2025-02-16,230628.11
OPP_13114,Carlos Webb,Enterprise Suite,Company_873,closed-won,2023-07-28,2023-09-05,338432.99
OPP_13115,Lisa Park,Starter Pack,,closed-lost,2024-04-08,2024-04-28,
OPP_13116,Anita Rao,Enterprise Suite,Company_728,closed-lost,2023-01-21,2023-05-06,
OPP_13117,Ryan Osei,Analytics Pro,Company_853,closed-lost,2024-06-15,2024-07-22,
OPP_13118,Carlos Webb,Analytics Pro,Company_818,closed-lost,2024-05-30,2024-07-28,
OPP_13119,Priya Nair,Enterprise Suite,Company_212,closed-lost,2023-08-08,2023-10-10,
OPP_13120,Anita Rao,Enterprise Suite,Company_767,closed-lost,2023-02-01,2023-04-05,
OPP_13121,Mike Torres,Enterprise Suite,Company_494,closed-won,2023-12-18,2024-03-18,189545.85
OPP_13122,Priya Nair,Starter Pack,Company_204,closed-won,2024-06-13,2024-07-14,14000.7
OPP_13123,Priya Nair,Enterprise Suite,Company_503,closed-lost,2023-01-01,2023-04-27,
OPP_13124,Mike Torres,Analytics Pro,Company_965,closed-won,2024-11-18,2025-01-07,29117.56
OPP_13125,Lisa Park,Analytics Pro,Company_240,closed-lost,2024-01-01,2024-01-21,
OPP_13126,James Wu,Enterprise Suite,Company_48,closed-lost,2024-02-22,2024-06-14,
OPP_13127,Sarah Chen,Analytics Pro,Company_902,closed-lost,2023-07-31,2023-10-09,
OPP_13128,Anita Rao,Analytics Pro,Company_693,closed-lost,2023-08-27,2023-10-12,
OPP_13129,Priya Nair,Starter Pack,Company_847,closed-lost,2023-10-04,2023-10-25,
OPP_13130,Sarah Chen,Starter Pack,Company_345,closed-won,2024-10-30,2024-11-30,17895.31
OPP_13131,Ryan Osei,Starter Pack,Company_632,closed-won,2024-08-17,2024-09-08,11420.14
OPP_13132,James Wu,Starter Pack,Company_575,closed-won,2024-07-29,2024-08-19,
OPP_13133,James Wu,Analytics Pro,Company_264,closed-lost,2024-05-06,2024-06-26,
OPP_13134,Carlos Webb,Analytics Pro,Company_787,closed-lost,2024-05-26,2024-07-18,
OPP_13135,Sarah Chen,Enterprise Suite,Company_273,closed-lost,2024-08-17,2024-10-11,
OPP_13136,Priya Nair,Enterprise Suite,Company_894,closed-lost,2024-10-13,2025-02-19,
OPP_13137,Mike Torres,Enterprise Suite,Company_51,closed-lost,2024-08-01,2024-12-20,
OPP_13138,Lisa Park,Analytics Pro,Company_985,closed-lost,2023-04-21,2023-05-23,
OPP_13139,Mike Torres,Starter Pack,Company_800,closed-won,2023-12-20,2024-01-15,19911.45
OPP_13140,Mike Torres,Enterprise Suite,Company_42,closed-lost,2023-06-02,2023-09-26,
OPP_13141,Mike Torres,Starter Pack,Company_645,closed-won,2023-11-15,2023-12-22,12420.91
OPP_13142,Mike Torres,Starter Pack,Company_932,closed-lost,2023-06-01,2023-06-16,
OPP_13143,Carlos Webb,Starter Pack,Company_745,closed-lost,2023-02-15,2023-03-06,
OPP_13144,Anita Rao,Enterprise Suite,Company_452,closed-lost,2023-10-05,2023-12-09,
OPP_13145,Lisa Park,Enterprise Suite,Company_891,closed-won,2024-08-21,2024-12-01,125000.0
OPP_13146,Mike Torres,Starter Pack,Company_662,closed-won,2024-11-27,2024-12-26,19164.86
OPP_13147,Carlos Webb,Analytics Pro,Company_838,closed-lost,2024-06-18,2024-07-18,
OPP_13148,Priya Nair,Starter Pack,Company_868,closed-won,2024-02-19,2024-03-17,16003.47
OPP_13149,James Wu,Analytics Pro,Company_992,closed-lost,2024-07-05,2024-08-05,
OPP_13150,Ryan Osei,Starter Pack,Company_251,closed-lost,2023-01-10,2023-01-26,
OPP_13151,Lisa Park,Analytics Pro,Company_293,closed-won,2023-07-15,2023-09-02,71161.85
OPP_13152,Priya Nair,Starter Pack,Company_272,closed-won,2023-11-13,2023-12-08,15931.19
OPP_13153,Carlos Webb,Enterprise Suite,Company_772,closed-lost,2024-07-31,2024-10-06,
OPP_13154,Ryan Osei,Analytics Pro,,closed-won,2024-07-20,2024-10-05,44118.12
OPP_13155,James Wu,Starter Pack,Company_771,closed-won,2023-03-09,2023-03-27,18705.5
OPP_13156,Ryan Osei,Starter Pack,Company_141,closed-won,2024-03-17,2024-04-12,
OPP_13157,Ryan Osei,Analytics Pro,Company_940,closed-won,2024-04-25,2024-05-27,55089.31
OPP_13158,Ryan Osei,Analytics Pro,Company_974,closed-won,2024-07-09,2024-08-23,52287.89
OPP_13159,Carlos Webb,Starter Pack,Company_453,closed-lost,2023-05-06,2023-06-12,
OPP_13160,Priya Nair,Starter Pack,Company_734,closed-won,2024-05-24,2024-06-19,16396.2
OPP_13161,Mike Torres,Starter Pack,Company_346,closed-lost,2024-01-02,2024-01-25,
OPP_13162,Carlos Webb,Analytics Pro,Company_790,closed-won,2024-09-21,2024-12-07,
OPP_13163,Priya Nair,Analytics Pro,Company_62,closed-lost,2023-12-08,2024-02-07,
OPP_13164,Ryan Osei,Starter Pack,Company_676,closed-won,2024-01-22,2024-02-20,9595.53
OPP_13165,Priya Nair,Enterprise Suite,Company_59,closed-lost,2023-04-23,2023-07-05,
OPP_13166,Anita Rao,Analytics Pro,Company_411,closed-lost,2024-08-20,2024-10-15,
OPP_13167,Anita Rao,Enterprise Suite,Company_760,closed-lost,2024-04-02,2024-06-12,
OPP_13168,Carlos Webb,Analytics Pro,Company_8,closed-lost,2023-12-24,2024-01-23,
OPP_13169,Anita Rao,Enterprise Suite,Company_625,closed-lost,2023-08-11,2023-09-29,
OPP_13170,Priya Nair,Enterprise Suite,Company_413,closed-lost,2023-04-13,2023-08-07,
OPP_13171,Lisa Park,Enterprise Suite,Company_210,closed-lost,2024-02-02,2024-05-11,
OPP_13172,Lisa Park,Enterprise Suite,Company_353,closed-lost,2023-02-23,2023-05-06,
OPP_13173,Ryan Osei,Starter Pack,Company_902,closed-won,2023-12-30,2024-01-23,11603.57
OPP_13174,Anita Rao,Starter Pack,Company_37,closed-lost,2023-06-18,2023-08-07,
OPP_13175,Carlos Webb,Analytics Pro,Company_742,closed-won,2024-11-25,2024-12-29,27500.0
OPP_13176,Priya Nair,Enterprise Suite,,closed-lost,2023-05-16,2023-09-18,
OPP_13177,Anita Rao,Starter Pack,Company_95,closed-won,2024-02-07,2024-03-11,16466.58
OPP_13178,Anita Rao,Enterprise Suite,Company_348,closed-lost,2024-10-01,2024-11-30,
OPP_13179,Priya Nair,Starter Pack,Company_28,closed-lost,2023-10-31,2023-12-18,
OPP_13180,Anita Rao,Starter Pack,Company_852,closed-won,2024-06-20,2024-07-20,22720.46
OPP_13181,Anita Rao,Enterprise Suite,Company_432,closed-won,2023-03-07,2023-07-03,272621.17
OPP_13182,Mike Torres,Enterprise Suite,Company_61,closed-lost,2023-09-24,2023-12-03,
OPP_13183,Carlos Webb,Analytics Pro,Company_642,closed-lost,2023-06-07,2023-08-08,
OPP_13184,Carlos Webb,Starter Pack,Company_48,closed-lost,2023-11-24,2023-11-29,
OPP_13185,Mike Torres,Analytics Pro,Company_305,closed-won,2024-11-01,2024-12-21,38810.46
OPP_13186,Sarah Chen,Analytics Pro,Company_347,closed-won,2023-04-29,2023-06-18,56160.46
OPP_13187,James Wu,Enterprise Suite,Company_595,closed-won,2023-08-29,2024-02-11,386984.37
OPP_13188,James Wu,Analytics Pro,Company_306,closed-lost,2023-01-31,2023-03-04,
OPP_13189,Anita Rao,Enterprise Suite,Company_803,closed-lost,2024-07-09,2024-09-22,
OPP_13190,Priya Nair,Enterprise Suite,Company_386,closed-won,2023-10-18,2024-02-22,234277.83
OPP_13191,James Wu,Starter Pack,Company_335,closed-lost,2024-01-14,2024-02-06,
OPP_13192,James Wu,Analytics Pro,Company_465,closed-lost,2023-09-18,2023-11-14,
OPP_13193,Mike Torres,Starter Pack,Company_728,closed-won,2023-06-29,2023-07-14,15395.35
OPP_13194,Ryan Osei,Analytics Pro,Company_83,closed-lost,2024-08-27,2024-10-14,
OPP_13195,Mike Torres,Starter Pack,Company_435,closed-won,2023-11-11,2023-12-18,25862.53
OPP_13196,Priya Nair,Analytics Pro,Company_219,closed-lost,2024-10-06,2024-10-29,
OPP_13197,Lisa Park,Starter Pack,Company_378,closed-won,2024-11-13,2024-11-26,21325.07
OPP_13198,Ryan Osei,Enterprise Suite,Company_572,closed-lost,2023-04-08,2023-04-27,
OPP_13199,Ryan Osei,Analytics Pro,Company_598,closed-won,2024-04-23,2024-05-30,32109.89
OPP_13200,Lisa Park,Enterprise Suite,Company_433,closed-lost,2024-03-02,2024-07-20,
OPP_13201,Lisa Park,Enterprise Suite,Company_953,closed-lost,2024-10-02,2025-01-13,
OPP_13202,Lisa Park,Enterprise Suite,Company_996,closed-lost,2024-03-15,2024-06-28,
OPP_13203,Ryan Osei,Starter Pack,Company_147,closed-won,2023-07-21,2023-08-22,15746.67
OPP_13204,Priya Nair,Analytics Pro,Company_728,closed-lost,2024-11-16,2025-01-04,
OPP_13205,Lisa Park,Starter Pack,Company_991,closed-lost,2024-02-04,2024-03-11,
OPP_13206,Mike Torres,Enterprise Suite,Company_217,closed-won,2024-01-21,2024-02-19,
OPP_13207,Lisa Park,Analytics Pro,Company_33,closed-lost,2023-05-12,2023-07-03,
OPP_13208,Priya Nair,Enterprise Suite,Company_378,closed-lost,2024-06-02,2024-07-24,
OPP_13209,Mike Torres,Enterprise Suite,Company_872,closed-lost,2024-06-13,2024-09-12,
OPP_13210,Ryan Osei,Starter Pack,,closed-lost,2024-10-13,2024-11-05,
OPP_13211,Carlos Webb,Enterprise Suite,Company_296,closed-lost,2024-06-28,2024-07-28,
OPP_13212,Sarah Chen,Enterprise Suite,Company_156,closed-won,2023-05-17,2023-08-08,
OPP_13213,Mike Torres,Analytics Pro,Company_312,closed-won,2023-07-02,2023-09-08,49624.18
OPP_13214,Carlos Webb,Analytics Pro,Company_301,closed-won,2023-02-11,2023-04-30,
OPP_13215,Lisa Park,Starter Pack,Company_810,closed-lost,2024-03-03,2024-04-03,
OPP_13216,Priya Nair,Starter Pack,Company_802,closed-won,2023-02-26,2023-03-24,14250.61
OPP_13217,Ryan Osei,Starter Pack,Company_959,closed-lost,2023-08-26,2023-09-24,
OPP_13218,Anita Rao,Analytics Pro,Company_220,closed-lost,2023-10-31,2023-12-21,
OPP_13219,Priya Nair,Enterprise Suite,Company_500,closed-lost,2024-04-25,2024-08-16,
OPP_13220,Sarah Chen,Starter Pack,Company_560,closed-lost,2024-08-09,2024-08-27,
OPP_13221,Carlos Webb,Starter Pack,Company_891,closed-won,2024-10-23,2024-11-16,19261.45
OPP_13222,Sarah Chen,Analytics Pro,Company_492,closed-won,2023-07-21,2023-09-10,75025.43
OPP_13223,Anita Rao,Enterprise Suite,Company_463,closed-lost,2024-02-10,2024-05-09,
OPP_13224,Carlos Webb,Analytics Pro,Company_486,closed-won,2023-06-23,2023-08-06,56114.11
OPP_13225,Priya Nair,Starter Pack,Company_516,closed-lost,2023-05-23,2023-06-10,
OPP_13226,Lisa Park,Analytics Pro,Company_683,closed-won,2024-05-01,2024-06-15,49438.31
OPP_13227,Lisa Park,Starter Pack,Company_887,closed-won,2023-01-06,2023-01-22,9433.72
OPP_13228,Carlos Webb,Starter Pack,Company_819,closed-lost,2024-05-11,2024-05-31,
OPP_13229,Ryan Osei,Analytics Pro,Company_238,closed-won,2023-08-14,2023-10-01,
OPP_13230,Ryan Osei,Analytics Pro,Company_553,closed-won,2023-09-08,2023-10-21,56204.79
OPP_13231,Sarah Chen,Enterprise Suite,Company_911,closed-lost,2024-11-08,2025-04-15,
OPP_13232,Lisa Park,Enterprise Suite,Company_284,closed-lost,2024-01-09,2024-04-14,
OPP_13233,Mike Torres,Starter Pack,Company_724,closed-won,2024-02-27,2024-03-27,17567.61
OPP_13234,Sarah Chen,Enterprise Suite,Company_645,closed-won,2023-04-14,2023-08-07,207027.24
OPP_13235,Anita Rao,Enterprise Suite,Company_660,closed-lost,2023-05-24,2023-08-30,
OPP_13236,Mike Torres,Enterprise Suite,Company_572,closed-won,2024-01-10,2024-05-21,279661.71
OPP_13237,Mike Torres,Starter Pack,,closed-lost,2023-08-14,2023-09-01,
OPP_13238,Sarah Chen,Enterprise Suite,Company_534,closed-won,2024-06-08,2024-07-28,288520.61
OPP_13239,James Wu,Analytics Pro,Company_514,closed-lost,2023-09-06,2023-09-20,
OPP_13240,Sarah Chen,Starter Pack,Company_674,closed-lost,2023-05-11,2023-06-09,
OPP_13241,Priya Nair,Starter Pack,Company_281,closed-won,2024-07-27,2024-08-21,9882.58
OPP_13242,James Wu,Starter Pack,Company_849,closed-lost,2023-02-15,2023-03-31,
OPP_13243,Lisa Park,Starter Pack,Company_826,closed-lost,2024-07-14,2024-08-17,
OPP_13244,Carlos Webb,Analytics Pro,Company_603,closed-lost,2024-08-22,2024-10-10,
OPP_13245,Sarah Chen,Analytics Pro,Company_882,closed-won,2023-04-23,2023-06-04,46723.93
OPP_13246,Sarah Chen,Analytics Pro,Company_447,closed-won,2023-10-19,2023-12-16,
OPP_13247,Priya Nair,Analytics Pro,Company_24,closed-lost,2024-02-16,2024-03-28,
OPP_13248,Carlos Webb,Analytics Pro,Company_263,closed-won,2023-05-10,2023-06-26,37343.46
OPP_13249,Mike Torres,Starter Pack,Company_101,closed-won,2023-09-20,2023-10-28,13977.62
OPP_13250,Priya Nair,Analytics Pro,Company_147,closed-lost,2024-06-23,2024-08-15,
OPP_13251,Priya Nair,Analytics Pro,Company_786,closed-won,2023-01-22,2023-02-06,53659.96
OPP_13252,Mike Torres,Starter Pack,Company_314,closed-lost,2024-02-07,2024-03-14,
OPP_13253,Ryan Osei,Enterprise Suite,Company_173,closed-lost,2024-07-08,2024-10-10,
OPP_13254,Sarah Chen,Enterprise Suite,Company_984,closed-won,2023-06-23,2023-10-12,321243.9
OPP_13255,Carlos Webb,Starter Pack,,closed-lost,2023-05-31,2023-06-27,
OPP_13256,Sarah Chen,Analytics Pro,Company_399,closed-lost,2023-06-11,2023-07-25,
OPP_13257,Mike Torres,Analytics Pro,Company_145,closed-lost,2023-11-30,2024-01-19,
OPP_13258,Ryan Osei,Analytics Pro,Company_264,closed-won,2024-11-03,2024-12-03,56913.52
OPP_13259,Ryan Osei,Starter Pack,Company_53,closed-won,2024-02-24,2024-03-27,15083.83
OPP_13260,James Wu,Starter Pack,Company_770,closed-lost,2024-01-21,2024-02-29,
OPP_13261,James Wu,Analytics Pro,Company_520,closed-won,2024-10-03,2024-11-11,44380.82
OPP_13262,Ryan Osei,Starter Pack,Company_275,closed-won,2023-05-10,2023-06-15,15438.52
OPP_13263,Sarah Chen,Analytics Pro,Company_475,closed-won,2023-05-21,2023-08-01,59791.53
OPP_13264,Ryan Osei,Starter Pack,Company_495,closed-won,2024-03-09,2024-04-19,23175.04
OPP_13265,Sarah Chen,Analytics Pro,Company_648,closed-won,2024-05-12,2024-05-23,83431.32
OPP_13266,James Wu,Starter Pack,Company_275,closed-lost,2024-03-30,2024-04-26,
OPP_13267,Mike Torres,Starter Pack,Company_781,closed-lost,2024-05-15,2024-06-26,
OPP_13268,Priya Nair,Analytics Pro,Company_581,closed-lost,2024-01-13,2024-02-12,
OPP_13269,Ryan Osei,Analytics Pro,Company_85,closed-lost,2023-02-06,2023-03-22,
OPP_13270,James Wu,Starter Pack,Company_382,closed-lost,2024-05-22,2024-06-22,
OPP_13271,Priya Nair,Starter Pack,Company_550,closed-lost,2023-01-23,2023-02-28,
OPP_13272,Ryan Osei,Enterprise Suite,Company_462,closed-won,2024-07-14,2024-10-27,191733.66
OPP_13273,Sarah Chen,Starter Pack,Company_832,closed-won,2023-08-26,2023-09-27,14774.78
OPP_13274,Lisa Park,Enterprise Suite,Company_296,closed-lost,2023-06-22,2023-08-03,
OPP_13275,Priya Nair,Starter Pack,,closed-lost,2024-02-13,2024-03-19,
OPP_13276,Lisa Park,Analytics Pro,Company_612,closed-lost,2024-07-31,2024-10-17,
OPP_13277,Anita Rao,Enterprise Suite,Company_389,closed-lost,2023-09-01,2023-12-18,
OPP_13278,Carlos Webb,Enterprise Suite,Company_217,closed-lost,2023-01-09,2023-03-11,
OPP_13279,Anita Rao,Starter Pack,Company_165,closed-lost,2023-06-01,2023-07-07,
OPP_13280,Mike Torres,Analytics Pro,Company_91,closed-lost,2024-07-06,2024-09-21,
OPP_13281,Ryan Osei,Enterprise Suite,Company_125,closed-lost,2023-03-17,2023-07-13,
OPP_13282,Priya Nair,Enterprise Suite,Company_569,closed-won,2024-06-19,2024-08-17,404190.95
OPP_13283,Anita Rao,Analytics Pro,Company_215,closed-lost,2024-09-23,2024-10-09,
OPP_13284,Carlos Webb,Enterprise Suite,Company_968,closed-lost,2024-06-14,2024-10-03,
OPP_13285,Carlos Webb,Enterprise Suite,Company_267,closed-won,2024-08-07,2024-11-17,355710.82
OPP_13286,Lisa Park,Analytics Pro,Company_251,closed-won,2023-05-16,2023-06-25,57977.62
OPP_13287,Carlos Webb,Analytics Pro,Company_215,closed-won,2023-04-04,2023-06-14,52518.64
OPP_13288,Lisa Park,Enterprise Suite,Company_336,closed-won,2023-08-27,2023-11-08,147636.88
OPP_13289,Sarah Chen,Enterprise Suite,Company_136,closed-lost,2024-11-27,2025-02-09,
OPP_13290,Sarah Chen,Enterprise Suite,Company_487,closed-lost,2023-04-05,2023-06-02,
OPP_13291,Sarah Chen,Starter Pack,Company_688,closed-lost,2023-04-21,2023-06-05,
OPP_13292,Priya Nair,Analytics Pro,Company_569,closed-lost,2024-08-19,2024-09-11,
OPP_13293,Lisa Park,Analytics Pro,Company_551,closed-lost,2024-03-08,2024-04-14,
OPP_13294,Mike Torres,Enterprise Suite,Company_666,closed-lost,2024-08-01,2024-10-11,
OPP_13295,Mike Torres,Enterprise Suite,Company_31,closed-won,2024-09-29,2024-12-18,201398.33
OPP_13296,Lisa Park,Enterprise Suite,Company_126,closed-lost,2023-10-07,2024-02-05,
OPP_13297,Carlos Webb,Analytics Pro,Company_847,closed-won,2023-01-11,2023-03-08,56230.95
OPP_13298,Carlos Webb,Analytics Pro,Company_181,closed-won,2023-12-12,2024-02-04,58510.92
OPP_13299,Sarah Chen,Starter Pack,Company_473,closed-won,2023-05-30,2023-07-05,21972.66
OPP_13300,Carlos Webb,Starter Pack,Company_455,closed-lost,2023-10-10,2023-10-24,
OPP_13301,Sarah Chen,Starter Pack,Company_760,closed-won,2023-12-02,2023-12-17,14031.99
OPP_13302,Sarah Chen,Analytics Pro,Company_696,closed-lost,2023-05-03,2023-06-27,
OPP_13303,Carlos Webb,Starter Pack,Company_92,closed-won,2024-05-28,2024-06-16,7500.0
OPP_13304,Anita Rao,Enterprise Suite,Company_226,closed-won,2023-01-31,2023-05-08,226907.35
OPP_13305,James Wu,Analytics Pro,Company_990,closed-lost,2024-06-20,2024-07-09,
OPP_13306,Carlos Webb,Starter Pack,Company_287,closed-won,2023-10-28,2023-12-04,20844.43
OPP_13307,Lisa Park,Enterprise Suite,Company_723,closed-won,2024-08-31,2024-12-08,281080.51
OPP_13308,James Wu,Starter Pack,Company_200,closed-lost,2024-07-19,2024-08-15,
OPP_13309,Ryan Osei,Starter Pack,Company_890,closed-won,2023-08-04,2023-09-07,10398.21
OPP_13310,Anita Rao,Enterprise Suite,Company_512,closed-won,2024-04-13,2024-07-20,358276.12
OPP_13311,Lisa Park,Starter Pack,Company_565,closed-lost,2023-08-07,2023-08-15,
OPP_13312,James Wu,Enterprise Suite,,closed-lost,2024-11-21,2025-02-22,
OPP_13313,Priya Nair,Starter Pack,Company_602,closed-won,2024-02-12,2024-03-02,27605.15
OPP_13314,Priya Nair,Enterprise Suite,Company_66,closed-lost,2024-04-25,2024-07-01,
OPP_13315,Priya Nair,Analytics Pro,Company_955,closed-lost,2023-07-20,2023-09-02,
OPP_13316,James Wu,Enterprise Suite,Company_746,closed-lost,2024-04-02,2024-08-11,
OPP_13317,Anita Rao,Starter Pack,Company_868,closed-lost,2024-09-16,2024-10-03,
OPP_13318,Sarah Chen,Enterprise Suite,Company_694,closed-lost,2023-05-06,2023-08-14,
OPP_13319,Anita Rao,Enterprise Suite,Company_573,closed-lost,2024-06-07,2024-09-05,
OPP_13320,Lisa Park,Starter Pack,Company_960,closed-won,2024-03-24,2024-04-15,18266.84
OPP_13321,Ryan Osei,Enterprise Suite,Company_689,closed-lost,2024-04-26,2024-05-20,
OPP_13322,Sarah Chen,Analytics Pro,Company_442,closed-won,2023-04-13,2023-06-17,68301.34
OPP_13323,Ryan Osei,Analytics Pro,Company_124,closed-lost,2024-09-01,2024-10-12,
OPP_13324,Lisa Park,Analytics Pro,Company_370,closed-won,2024-06-13,2024-07-18,46114.29
OPP_13325,Sarah Chen,Enterprise Suite,Company_229,closed-won,2024-11-02,2025-01-14,211803.78
OPP_13326,Sarah Chen,Analytics Pro,Company_940,closed-won,2024-11-06,2024-12-16,72380.01
OPP_13327,Ryan Osei,Enterprise Suite,Company_459,closed-lost,2024-11-15,2025-02-08,
OPP_13328,Carlos Webb,Starter Pack,Company_401,closed-won,2024-10-07,2024-10-22,12980.51
OPP_13329,James Wu,Analytics Pro,Company_83,closed-won,2023-08-07,2023-09-20,27500.0
OPP_13330,Sarah Chen,Enterprise Suite,Company_231,closed-lost,2024-08-01,2024-10-11,
OPP_13331,Ryan Osei,Starter Pack,Company_939,closed-lost,2024-11-23,2024-12-15,
OPP_13332,James Wu,Starter Pack,Company_168,closed-won,2023-01-16,2023-02-11,12892.76
OPP_13333,Carlos Webb,Analytics Pro,Company_64,closed-lost,2023-06-15,2023-07-26,
OPP_13334,Mike Torres,Starter Pack,Company_491,closed-won,2024-05-21,2024-06-23,13043.5
OPP_13335,Ryan Osei,Starter Pack,Company_606,closed-won,2023-11-06,2023-12-22,13494.34
OPP_13336,Carlos Webb,Analytics Pro,Company_253,closed-lost,2024-03-03,2024-03-12,
OPP_13337,Mike Torres,Analytics Pro,Company_244,closed-lost,2023-08-02,2023-10-14,
OPP_13338,Carlos Webb,Starter Pack,Company_841,closed-won,2024-07-02,2024-07-27,14041.14
OPP_13339,Carlos Webb,Enterprise Suite,Company_813,closed-lost,2023-02-01,2023-05-31,
OPP_13340,James Wu,Starter Pack,Company_794,closed-won,2023-06-26,2023-08-10,18610.0
OPP_13341,Lisa Park,Starter Pack,Company_640,closed-lost,2024-02-02,2024-03-03,
OPP_13342,Lisa Park,Enterprise Suite,Company_127,closed-lost,2024-08-28,2025-01-15,
OPP_13343,Mike Torres,Starter Pack,Company_938,closed-lost,2023-05-11,2023-06-12,
OPP_13344,Sarah Chen,Analytics Pro,Company_320,closed-won,2023-01-31,2023-03-06,54331.5
OPP_13345,Mike Torres,Starter Pack,Company_63,closed-lost,2024-05-14,2024-06-23,
OPP_13346,Lisa Park,Starter Pack,Company_308,closed-lost,2024-01-10,2024-02-09,
OPP_13347,Ryan Osei,Starter Pack,Company_104,closed-lost,2023-10-28,2023-11-18,
OPP_13348,Sarah Chen,Enterprise Suite,Company_53,closed-lost,2024-10-07,2025-02-15,
OPP_13349,Anita Rao,Analytics Pro,Company_411,closed-lost,2023-08-23,2023-10-01,
OPP_13350,Mike Torres,Enterprise Suite,Company_770,closed-lost,2023-08-27,2023-11-03,
OPP_13351,Ryan Osei,Starter Pack,Company_885,closed-lost,2023-10-31,2023-12-08,
OPP_13352,Sarah Chen,Analytics Pro,Company_393,closed-won,2024-08-04,2024-08-31,68084.98
OPP_13353,Lisa Park,Analytics Pro,Company_901,closed-lost,2024-06-06,2024-08-01,
OPP_13354,Mike Torres,Analytics Pro,Company_666,closed-won,2023-02-07,2023-04-09,47848.73
OPP_13355,Sarah Chen,Analytics Pro,Company_529,closed-lost,2023-02-01,2023-03-17,
OPP_13356,Carlos Webb,Enterprise Suite,Company_197,closed-lost,2023-12-20,2024-03-13,
OPP_13357,Mike Torres,Starter Pack,Company_12,closed-won,2024-05-12,2024-06-13,25244.07
OPP_13358,Mike Torres,Enterprise Suite,Company_808,closed-won,2024-06-16,2024-07-28,278518.17
OPP_13359,James Wu,Enterprise Suite,Company_129,closed-lost,2024-10-06,2025-02-08,
OPP_13360,Anita Rao,Analytics Pro,Company_431,closed-lost,2024-07-18,2024-09-02,
OPP_13361,Lisa Park,Enterprise Suite,Company_635,closed-lost,2024-03-21,2024-08-05,
OPP_13362,Lisa Park,Starter Pack,Company_248,closed-won,2023-12-05,2023-12-30,27230.57
OPP_13363,Priya Nair,Starter Pack,Company_61,closed-won,2023-04-03,2023-04-29,15154.25
OPP_13364,Priya Nair,Analytics Pro,Company_598,closed-lost,2023-01-29,2023-04-11,
OPP_13365,Ryan Osei,Enterprise Suite,Company_982,closed-lost,2023-05-18,2023-07-31,
OPP_13366,Carlos Webb,Analytics Pro,Company_597,closed-lost,2023-11-08,2023-11-18,
OPP_13367,Priya Nair,Starter Pack,Company_480,closed-lost,2024-04-09,2024-05-01,
OPP_13368,Anita Rao,Enterprise Suite,Company_351,closed-lost,2023-04-23,2023-06-22,
OPP_13369,Anita Rao,Analytics Pro,Company_993,closed-lost,2023-08-21,2023-10-01,
OPP_13370,Sarah Chen,Enterprise Suite,,closed-lost,2024-10-24,2024-12-26,
OPP_13371,Priya Nair,Starter Pack,Company_243,closed-won,2024-06-09,2024-07-13,13663.14
OPP_13372,Sarah Chen,Analytics Pro,Company_352,closed-won,2023-12-18,2024-02-11,69929.54
OPP_13373,James Wu,Starter Pack,Company_655,closed-won,2023-10-15,2023-11-14,11031.26
OPP_13374,James Wu,Starter Pack,Company_349,closed-won,2023-02-20,2023-04-05,13239.81
OPP_13375,James Wu,Enterprise Suite,Company_487,closed-lost,2023-08-05,2023-12-01,
OPP_13376,Lisa Park,Enterprise Suite,,closed-lost,2023-05-23,2023-09-09,
OPP_13377,Carlos Webb,Enterprise Suite,Company_579,closed-lost,2024-01-19,2024-04-05,
OPP_13378,Carlos Webb,Enterprise Suite,Company_306,closed-lost,2024-11-28,2025-04-03,
OPP_13379,Ryan Osei,Analytics Pro,Company_166,closed-won,2024-09-15,2024-10-05,28889.49
OPP_13380,Mike Torres,Analytics Pro,,closed-lost,2023-07-20,2023-08-25,
OPP_13381,Sarah Chen,Analytics Pro,Company_224,closed-lost,2023-10-30,2023-12-09,
OPP_13382,Sarah Chen,Enterprise Suite,Company_228,closed-lost,2023-09-27,2024-02-18,
OPP_13383,James Wu,Analytics Pro,Company_638,closed-lost,2023-11-27,2024-01-22,
OPP_13384,James Wu,Starter Pack,,closed-won,2024-01-26,2024-02-26,9905.98
OPP_13385,Carlos Webb,Enterprise Suite,Company_384,closed-lost,2023-03-31,2023-07-19,
OPP_13386,James Wu,Analytics Pro,Company_188,closed-won,2024-05-08,2024-06-21,27500.0
OPP_13387,Sarah Chen,Analytics Pro,Company_10,closed-won,2024-05-06,2024-06-05,58927.52
OPP_13388,Mike Torres,Analytics Pro,Company_30,closed-won,2024-07-03,2024-08-31,45749.91
OPP_13389,Mike Torres,Starter Pack,Company_297,closed-lost,2024-02-05,2024-03-04,
OPP_13390,Lisa Park,Starter Pack,Company_646,closed-lost,2023-01-03,2023-01-23,
OPP_13391,Carlos Webb,Starter Pack,Company_998,closed-won,2023-03-11,2023-04-15,10834.36
OPP_13392,Sarah Chen,Starter Pack,Company_202,closed-won,2023-10-19,2023-11-14,7500.0
OPP_13393,Anita Rao,Starter Pack,Company_224,closed-lost,2023-01-05,2023-02-03,
OPP_13394,Anita Rao,Enterprise Suite,Company_178,closed-lost,2023-01-15,2023-04-08,
OPP_13395,Carlos Webb,Enterprise Suite,Company_251,closed-lost,2024-02-16,2024-06-30,
OPP_13396,Priya Nair,Starter Pack,Company_22,closed-won,2024-08-16,2024-09-10,23549.71
OPP_13397,Priya Nair,Analytics Pro,Company_932,closed-lost,2024-08-29,2024-11-01,
OPP_13398,Mike Torres,Starter Pack,Company_851,closed-won,2024-08-20,2024-08-30,15502.44
OPP_13399,Priya Nair,Analytics Pro,Company_670,closed-lost,2023-11-08,2023-12-20,
OPP_13400,Mike Torres,Analytics Pro,Company_958,closed-won,2023-04-12,2023-05-29,32981.23
OPP_13401,James Wu,Analytics Pro,Company_467,closed-lost,2024-04-06,2024-06-03,
OPP_13402,James Wu,Analytics Pro,Company_828,closed-lost,2024-04-13,2024-06-22,
OPP_13403,Carlos Webb,Enterprise Suite,Company_175,closed-lost,2024-07-14,2024-10-24,
OPP_13404,Ryan Osei,Enterprise Suite,Company_66,closed-won,2023-04-21,2023-07-30,159640.0
OPP_13405,Mike Torres,Starter Pack,Company_903,closed-lost,2024-07-08,2024-07-25,
OPP_13406,Priya Nair,Starter Pack,Company_196,closed-lost,2023-08-10,2023-08-24,
OPP_13407,Ryan Osei,Enterprise Suite,Company_383,closed-lost,2023-10-27,2024-01-14,
OPP_13408,Carlos Webb,Enterprise Suite,Company_439,closed-lost,2023-04-11,2023-07-11,
OPP_13409,James Wu,Starter Pack,Company_781,closed-lost,2023-04-04,2023-05-20,
OPP_13410,James Wu,Enterprise Suite,Company_301,closed-won,2023-02-19,2023-05-01,179076.09
OPP_13411,Priya Nair,Analytics Pro,Company_253,closed-won,2024-10-09,2024-11-27,74848.4
OPP_13412,Sarah Chen,Enterprise Suite,Company_814,closed-won,2023-04-18,2023-05-29,315606.86
OPP_13413,Anita Rao,Starter Pack,Company_871,closed-won,2023-03-07,2023-03-16,19138.29
OPP_13414,Lisa Park,Starter Pack,Company_744,closed-lost,2024-07-27,2024-09-11,
OPP_13415,Mike Torres,Analytics Pro,Company_809,closed-lost,2024-09-19,2024-11-03,
OPP_13416,Mike Torres,Starter Pack,Company_520,closed-won,2024-10-31,2024-11-11,20004.82
OPP_13417,Ryan Osei,Enterprise Suite,Company_769,closed-lost,2023-12-24,2024-02-28,
OPP_13418,Carlos Webb,Analytics Pro,Company_531,closed-lost,2023-02-15,2023-04-09,
OPP_13419,Lisa Park,Starter Pack,Company_329,closed-lost,2023-03-21,2023-04-18,
OPP_13420,Carlos Webb,Enterprise Suite,Company_711,closed-lost,2024-03-10,2024-04-15,
OPP_13421,Lisa Park,Enterprise Suite,Company_978,closed-lost,2024-02-18,2024-05-24,
OPP_13422,Lisa Park,Analytics Pro,Company_274,closed-lost,2024-04-18,2024-07-08,
OPP_13423,Ryan Osei,Enterprise Suite,Company_943,closed-won,2024-05-04,2024-09-21,354945.13
OPP_13424,Sarah Chen,Starter Pack,Company_224,closed-won,2024-06-01,2024-07-10,7500.0
OPP_13425,James Wu,Analytics Pro,Company_883,closed-lost,2023-10-16,2023-12-12,
OPP_13426,James Wu,Analytics Pro,Company_223,closed-lost,2023-06-23,2023-08-27,
OPP_13427,Anita Rao,Analytics Pro,Company_910,closed-lost,2024-10-12,2024-12-12,
OPP_13428,Ryan Osei,Enterprise Suite,Company_160,closed-won,2024-06-17,2024-09-14,355179.22
OPP_13429,Carlos Webb,Analytics Pro,Company_563,closed-won,2023-09-24,2023-12-10,56262.6
OPP_13430,Mike Torres,Starter Pack,Company_769,closed-lost,2023-01-27,2023-03-12,
OPP_13431,Mike Torres,Analytics Pro,Company_455,closed-lost,2023-05-07,2023-06-08,
OPP_13432,Carlos Webb,Starter Pack,Company_597,closed-won,2023-01-31,2023-03-06,
OPP_13433,Sarah Chen,Analytics Pro,Company_524,closed-won,2023-02-26,2023-04-25,64300.07
OPP_13434,Carlos Webb,Analytics Pro,Company_461,closed-lost,2023-07-24,2023-08-18,
OPP_13435,Lisa Park,Analytics Pro,Company_418,closed-lost,2023-04-13,2023-05-24,
OPP_13436,Carlos Webb,Analytics Pro,Company_324,closed-lost,2024-08-24,2024-10-12,
OPP_13437,Anita Rao,Analytics Pro,Company_25,closed-lost,2024-11-30,2025-01-11,
OPP_13438,Priya Nair,Analytics Pro,Company_239,closed-won,2024-08-09,2024-09-26,42770.24
OPP_13439,Anita Rao,Enterprise Suite,Company_77,closed-won,2023-11-19,2024-02-29,360571.82
OPP_13440,Carlos Webb,Starter Pack,Company_301,closed-won,2023-01-28,2023-03-06,
OPP_13441,Mike Torres,Analytics Pro,Company_948,closed-won,2023-10-31,2023-12-27,27500.0
OPP_13442,James Wu,Starter Pack,Company_121,closed-won,2024-08-28,2024-10-02,16316.07
OPP_13443,Mike Torres,Analytics Pro,Company_39,closed-won,2024-03-10,2024-03-22,65900.96
OPP_13444,James Wu,Analytics Pro,Company_201,closed-won,2024-07-03,2024-08-09,59251.47
OPP_13445,Carlos Webb,Analytics Pro,Company_309,closed-lost,2024-09-03,2024-10-25,
OPP_13446,Anita Rao,Starter Pack,Company_722,closed-lost,2024-08-29,2024-09-29,
OPP_13447,Priya Nair,Enterprise Suite,Company_757,closed-won,2023-11-09,2023-11-30,239781.97
OPP_13448,Anita Rao,Starter Pack,Company_788,closed-won,2023-08-11,2023-09-25,11710.21
OPP_13449,Anita Rao,Analytics Pro,Company_842,closed-lost,2024-10-21,2024-11-24,
OPP_13450,Carlos Webb,Analytics Pro,,closed-lost,2023-10-27,2024-01-10,
OPP_13451,Ryan Osei,Enterprise Suite,,closed-lost,2023-06-08,2023-07-26,
OPP_13452,Sarah Chen,Analytics Pro,Company_669,closed-won,2024-10-09,2024-11-07,52802.75
OPP_13453,Priya Nair,Analytics Pro,Company_233,closed-lost,2024-08-19,2024-09-19,
OPP_13454,James Wu,Enterprise Suite,,closed-lost,2024-07-24,2024-12-21,
OPP_13455,James Wu,Analytics Pro,Company_239,closed-lost,2024-01-06,2024-02-08,
OPP_13456,Lisa Park,Enterprise Suite,,closed-lost,2023-09-23,2023-11-22,
OPP_13457,Lisa Park,Analytics Pro,Company_810,closed-lost,2023-11-23,2023-12-28,
OPP_13458,Mike Torres,Analytics Pro,Company_866,closed-lost,2024-11-09,2024-12-06,
OPP_13459,James Wu,Analytics Pro,Company_788,closed-won,2024-06-15,2024-07-30,41530.87
OPP_13460,Ryan Osei,Starter Pack,Company_449,closed-won,2023-08-28,2023-09-30,
OPP_13461,Lisa Park,Enterprise Suite,,closed-lost,2023-05-13,2023-08-16,
OPP_13462,Carlos Webb,Starter Pack,Company_591,closed-won,2024-06-06,2024-07-17,18907.37
OPP_13463,Priya Nair,Analytics Pro,Company_965,closed-lost,2024-10-16,2024-11-30,
OPP_13464,Sarah Chen,Analytics Pro,Company_829,closed-won,2024-05-02,2024-06-08,46485.63
OPP_13465,Carlos Webb,Analytics Pro,Company_230,closed-lost,2024-02-13,2024-03-29,
OPP_13466,Ryan Osei,Analytics Pro,Company_702,closed-won,2023-05-18,2023-06-11,27500.0
OPP_13467,Ryan Osei,Enterprise Suite,Company_550,closed-won,2024-11-25,2025-01-13,129306.9
OPP_13468,Anita Rao,Analytics Pro,Company_601,closed-lost,2023-02-05,2023-04-20,
OPP_13469,Sarah Chen,Enterprise Suite,Company_804,closed-won,2024-02-24,2024-06-23,213101.63
OPP_13470,Sarah Chen,Starter Pack,Company_157,closed-lost,2024-05-04,2024-06-04,
OPP_13471,Carlos Webb,Enterprise Suite,Company_644,closed-lost,2024-02-26,2024-07-13,
OPP_13472,Ryan Osei,Analytics Pro,Company_209,closed-lost,2023-12-21,2024-01-19,
OPP_13473,Ryan Osei,Starter Pack,Company_547,closed-lost,2023-08-21,2023-09-08,
OPP_13474,Ryan Osei,Starter Pack,Company_486,closed-lost,2024-08-19,2024-09-26,
OPP_13475,Mike Torres,Analytics Pro,Company_583,closed-lost,2024-07-05,2024-08-24,
OPP_13476,Lisa Park,Enterprise Suite,Company_916,closed-lost,2024-07-03,2024-09-10,
OPP_13477,Anita Rao,Starter Pack,Company_175,closed-lost,2024-06-25,2024-07-22,
OPP_13478,Mike Torres,Enterprise Suite,Company_566,closed-lost,2023-02-23,2023-05-17,
OPP_13479,Priya Nair,Starter Pack,Company_846,closed-lost,2024-08-25,2024-10-01,
OPP_13480,Lisa Park,Starter Pack,Company_191,closed-lost,2023-08-22,2023-10-01,
OPP_13481,James Wu,Starter Pack,Company_933,closed-won,2023-06-29,2023-07-24,10737.14
OPP_13482,Ryan Osei,Analytics Pro,Company_210,closed-lost,2023-02-24,2023-04-19,
OPP_13483,James Wu,Analytics Pro,Company_675,closed-lost,2023-10-04,2023-12-04,
OPP_13484,Mike Torres,Analytics Pro,Company_58,closed-lost,2023-02-12,2023-04-04,
OPP_13485,Carlos Webb,Enterprise Suite,Company_11,closed-lost,2024-07-21,2024-10-05,
OPP_13486,Priya Nair,Analytics Pro,Company_880,closed-lost,2023-05-10,2023-07-15,
OPP_13487,Ryan Osei,Analytics Pro,Company_160,closed-won,2023-01-17,2023-03-13,54820.17
OPP_13488,Mike Torres,Starter Pack,Company_549,closed-won,2023-06-11,2023-07-10,13166.99
OPP_13489,Ryan Osei,Analytics Pro,Company_760,closed-lost,2024-02-21,2024-04-06,
OPP_13490,Mike Torres,Analytics Pro,Company_978,closed-won,2024-03-27,2024-04-28,74731.6
OPP_13491,James Wu,Starter Pack,Company_891,closed-won,2023-12-03,2024-01-12,11568.59
OPP_13492,James Wu,Analytics Pro,Company_442,closed-won,2024-03-07,2024-04-12,39765.26
OPP_13493,Lisa Park,Starter Pack,Company_618,closed-won,2024-06-20,2024-07-22,9390.16
OPP_13494,Anita Rao,Enterprise Suite,Company_207,closed-lost,2024-03-13,2024-07-02,
OPP_13495,Lisa Park,Analytics Pro,Company_206,closed-lost,2024-01-29,2024-04-19,
OPP_13496,Sarah Chen,Starter Pack,Company_456,closed-won,2024-07-13,2024-08-23,14593.26
OPP_13497,Mike Torres,Analytics Pro,Company_619,closed-won,2023-07-15,2023-08-21,28213.88
OPP_13498,James Wu,Enterprise Suite,Company_336,closed-lost,2024-10-23,2024-12-31,
OPP_13499,Lisa Park,Analytics Pro,,closed-won,2023-07-07,2023-08-29,91792.92
OPP_13500,Sarah Chen,Enterprise Suite,Company_93,closed-lost,2023-10-12,2023-12-28,
OPP_13501,Anita Rao,Enterprise Suite,Company_902,closed-lost,2023-05-13,2023-07-22,
OPP_13502,Lisa Park,Analytics Pro,Company_717,closed-lost,2024-08-13,2024-10-10,
OPP_13503,Anita Rao,Analytics Pro,Company_627,closed-won,2024-07-12,2024-08-22,73238.26
OPP_13504,Priya Nair,Analytics Pro,Company_255,closed-won,2024-05-04,2024-06-14,61658.39
OPP_13505,Priya Nair,Enterprise Suite,Company_750,closed-lost,2024-05-21,2024-07-13,
OPP_13506,Ryan Osei,Analytics Pro,Company_393,closed-lost,2024-09-04,2024-10-26,
OPP_13507,Priya Nair,Enterprise Suite,Company_582,closed-won,2023-04-21,2023-08-31,260461.8
OPP_13508,Mike Torres,Analytics Pro,Company_715,closed-lost,2024-07-13,2024-08-17,
OPP_13509,Sarah Chen,Starter Pack,Company_906,closed-lost,2023-04-27,2023-05-29,
OPP_13510,Priya Nair,Analytics Pro,Company_903,closed-lost,2024-03-26,2024-04-26,
OPP_13511,Anita Rao,Enterprise Suite,Company_938,closed-lost,2024-09-24,2024-10-23,
OPP_13512,Mike Torres,Enterprise Suite,Company_743,closed-lost,2024-09-10,2024-11-11,
OPP_13513,James Wu,Analytics Pro,Company_421,closed-lost,2023-04-03,2023-05-22,
OPP_13514,Mike Torres,Analytics Pro,Company_78,closed-won,2023-03-04,2023-04-21,58044.85
OPP_13515,Mike Torres,Enterprise Suite,Company_784,closed-won,2024-05-01,2024-08-01,323407.94
OPP_13516,Carlos Webb,Analytics Pro,Company_461,closed-lost,2024-08-09,2024-09-14,
OPP_13517,Priya Nair,Analytics Pro,Company_212,closed-lost,2024-01-28,2024-03-20,
OPP_13518,Sarah Chen,Analytics Pro,Company_27,closed-lost,2024-10-09,2024-11-15,
OPP_13519,Mike Torres,Enterprise Suite,Company_711,closed-lost,2024-08-04,2024-12-20,
OPP_13520,Lisa Park,Analytics Pro,Company_351,closed-lost,2023-12-05,2024-01-16,
OPP_13521,Ryan Osei,Starter Pack,Company_406,closed-won,2023-11-01,2023-11-16,15152.2
OPP_13522,Sarah Chen,Starter Pack,Company_256,closed-won,2024-02-09,2024-03-13,12874.22
OPP_13523,Mike Torres,Enterprise Suite,Company_939,closed-won,2024-10-16,2025-02-19,344743.95
OPP_13524,Priya Nair,Analytics Pro,Company_686,closed-won,2024-10-05,2024-11-06,57919.28
OPP_13525,Lisa Park,Analytics Pro,Company_472,closed-lost,2023-02-16,2023-04-12,
OPP_13526,Mike Torres,Starter Pack,Company_561,closed-won,2023-01-16,2023-02-15,24329.61
OPP_13527,James Wu,Enterprise Suite,Company_972,closed-lost,2023-12-11,2024-02-25,
OPP_13528,Lisa Park,Starter Pack,Company_482,closed-lost,2023-12-24,2024-01-22,
OPP_13529,Anita Rao,Starter Pack,Company_174,closed-lost,2024-07-14,2024-08-05,
OPP_13530,Sarah Chen,Enterprise Suite,Company_102,closed-lost,2023-12-25,2024-06-01,
OPP_13531,Priya Nair,Analytics Pro,Company_127,closed-won,2024-10-01,2024-12-08,39274.11
OPP_13532,Ryan Osei,Starter Pack,Company_79,closed-lost,2023-07-10,2023-08-09,
OPP_13533,Sarah Chen,Enterprise Suite,Company_279,closed-won,2024-05-05,2024-08-30,318785.53
OPP_13534,Priya Nair,Analytics Pro,Company_366,closed-lost,2023-03-15,2023-04-25,
OPP_13535,Priya Nair,Starter Pack,Company_731,closed-won,2024-06-17,2024-07-29,24050.64
OPP_13536,Sarah Chen,Enterprise Suite,Company_545,closed-lost,2023-12-20,2024-03-13,
OPP_13537,James Wu,Analytics Pro,Company_713,closed-won,2024-05-23,2024-06-19,46594.7
OPP_13538,Sarah Chen,Enterprise Suite,Company_830,closed-lost,2023-01-21,2023-04-07,
OPP_13539,Mike Torres,Analytics Pro,Company_706,closed-lost,2023-06-09,2023-06-14,
OPP_13540,Anita Rao,Analytics Pro,Company_53,closed-lost,2023-12-25,2024-02-15,
OPP_13541,Sarah Chen,Starter Pack,Company_790,closed-lost,2023-06-19,2023-07-28,
OPP_13542,Ryan Osei,Starter Pack,Company_951,closed-lost,2024-08-16,2024-09-09,
OPP_13543,James Wu,Analytics Pro,Company_930,closed-won,2023-04-26,2023-05-26,48017.86
OPP_13544,James Wu,Starter Pack,Company_93,closed-won,2023-07-20,2023-08-06,17837.97
OPP_13545,Sarah Chen,Analytics Pro,,closed-won,2023-01-27,2023-03-12,61577.64
OPP_13546,Sarah Chen,Analytics Pro,Company_840,closed-won,2023-10-06,2023-11-18,51626.2
OPP_13547,James Wu,Enterprise Suite,Company_685,closed-lost,2023-08-27,2023-12-06,
OPP_13548,Mike Torres,Starter Pack,Company_981,closed-won,2024-04-07,2024-05-06,20842.92
OPP_13549,Mike Torres,Enterprise Suite,Company_171,closed-lost,2023-07-02,2023-10-23,
OPP_13550,Priya Nair,Starter Pack,Company_425,closed-lost,2024-09-06,2024-10-03,
OPP_13551,Mike Torres,Analytics Pro,Company_330,closed-lost,2024-07-25,2024-09-11,
OPP_13552,James Wu,Enterprise Suite,Company_212,closed-lost,2023-12-05,2024-02-03,
OPP_13553,Ryan Osei,Analytics Pro,Company_123,closed-won,2023-08-07,2023-10-10,67364.44
OPP_13554,James Wu,Starter Pack,Company_108,closed-won,2024-04-12,2024-05-01,10111.23
OPP_13555,Carlos Webb,Analytics Pro,Company_177,closed-lost,2023-04-08,2023-06-01,
OPP_13556,Sarah Chen,Analytics Pro,Company_669,closed-lost,2023-04-24,2023-06-22,
OPP_13557,Carlos Webb,Starter Pack,Company_398,closed-lost,2024-03-11,2024-03-26,
OPP_13558,James Wu,Analytics Pro,Company_225,closed-lost,2023-09-19,2023-11-17,
OPP_13559,Mike Torres,Enterprise Suite,Company_834,closed-won,2023-01-31,2023-05-03,225788.54
OPP_13560,Anita Rao,Enterprise Suite,Company_638,closed-lost,2024-03-16,2024-06-03,
OPP_13561,Carlos Webb,Starter Pack,Company_68,closed-lost,2024-08-08,2024-09-20,
OPP_13562,James Wu,Analytics Pro,Company_308,closed-lost,2023-04-29,2023-05-29,
OPP_13563,Lisa Park,Starter Pack,Company_729,closed-won,2024-05-14,2024-06-15,10541.38
OPP_13564,Priya Nair,Analytics Pro,Company_982,closed-won,2023-06-30,2023-08-30,27500.0
OPP_13565,Mike Torres,Enterprise Suite,Company_332,closed-lost,2024-10-26,2025-01-31,
OPP_13566,Ryan Osei,Enterprise Suite,Company_946,closed-lost,2024-01-25,2024-05-02,
OPP_13567,Priya Nair,Analytics Pro,Company_179,closed-won,2024-08-05,2024-09-07,64823.71
OPP_13568,Carlos Webb,Enterprise Suite,,closed-lost,2023-02-01,2023-06-25,
OPP_13569,Mike Torres,Analytics Pro,Company_18,closed-won,2024-11-11,2024-12-06,56417.87
OPP_13570,Lisa Park,Analytics Pro,Company_523,closed-won,2023-12-18,2024-01-26,55789.51
OPP_13571,James Wu,Enterprise Suite,Company_601,closed-lost,2023-08-22,2023-11-26,
OPP_13572,Sarah Chen,Starter Pack,Company_21,closed-won,2023-07-09,2023-08-21,12977.34
OPP_13573,Mike Torres,Analytics Pro,Company_242,closed-won,2023-12-06,2024-01-25,60476.95
OPP_13574,Ryan Osei,Starter Pack,Company_634,closed-won,2023-04-03,2023-04-28,16748.25
OPP_13575,Mike Torres,Starter Pack,Company_140,closed-lost,2023-01-30,2023-03-15,
OPP_13576,Carlos Webb,Analytics Pro,Company_303,closed-lost,2023-10-29,2023-12-11,
OPP_13577,James Wu,Starter Pack,Company_384,closed-lost,2024-04-10,2024-05-10,
OPP_13578,James Wu,Enterprise Suite,Company_38,closed-lost,2023-10-12,2023-12-12,
OPP_13579,James Wu,Enterprise Suite,Company_612,closed-won,2024-09-23,2024-11-22,181553.96
OPP_13580,Lisa Park,Enterprise Suite,Company_898,closed-lost,2024-02-27,2024-06-23,
OPP_13581,Carlos Webb,Starter Pack,Company_284,closed-won,2024-02-04,2024-02-26,7500.0
OPP_13582,Carlos Webb,Enterprise Suite,Company_805,closed-lost,2024-11-13,2025-01-19,
OPP_13583,Sarah Chen,Enterprise Suite,Company_810,closed-won,2024-07-28,2024-10-02,307891.59
OPP_13584,Ryan Osei,Enterprise Suite,Company_832,closed-lost,2023-05-09,2023-07-21,
OPP_13585,Anita Rao,Starter Pack,Company_234,closed-lost,2023-05-15,2023-05-27,
OPP_13586,Carlos Webb,Analytics Pro,Company_248,closed-lost,2023-07-10,2023-08-21,
OPP_13587,James Wu,Enterprise Suite,Company_55,closed-lost,2024-01-03,2024-04-18,
OPP_13588,James Wu,Enterprise Suite,Company_712,closed-lost,2024-07-02,2024-08-31,
OPP_13589,James Wu,Enterprise Suite,Company_893,closed-lost,2024-02-15,2024-06-07,
OPP_13590,Ryan Osei,Enterprise Suite,Company_329,closed-won,2024-09-05,2024-12-21,367086.79
OPP_13591,Priya Nair,Analytics Pro,Company_644,closed-lost,2024-08-25,2024-10-14,
OPP_13592,Sarah Chen,Starter Pack,Company_890,closed-won,2024-08-12,2024-10-02,18820.79
OPP_13593,Lisa Park,Starter Pack,Company_976,closed-won,2023-05-27,2023-06-29,16319.93
OPP_13594,James Wu,Starter Pack,Company_649,closed-lost,2023-06-12,2023-07-06,
OPP_13595,Priya Nair,Starter Pack,,closed-lost,2023-12-19,2024-01-03,
OPP_13596,Mike Torres,Starter Pack,Company_606,closed-lost,2023-11-29,2024-01-12,
OPP_13597,James Wu,Starter Pack,Company_519,closed-lost,2024-01-12,2024-02-11,
OPP_13598,Mike Torres,Analytics Pro,Company_742,closed-won,2023-11-06,2023-12-18,61181.66
OPP_13599,Lisa Park,Analytics Pro,Company_168,closed-lost,2024-07-22,2024-08-28,
OPP_13600,James Wu,Starter Pack,Company_434,closed-won,2023-05-03,2023-05-22,
OPP_13601,Priya Nair,Enterprise Suite,Company_254,closed-lost,2023-09-15,2023-12-07,
OPP_13602,Anita Rao,Analytics Pro,Company_590,closed-lost,2024-10-19,2024-11-20,
OPP_13603,Lisa Park,Enterprise Suite,,closed-lost,2024-11-09,2025-03-06,
OPP_13604,Anita Rao,Analytics Pro,Company_81,closed-won,2024-07-23,2024-08-22,50063.81
OPP_13605,Carlos Webb,Analytics Pro,Company_386,closed-won,2024-06-02,2024-07-28,
OPP_13606,Priya Nair,Analytics Pro,Company_451,closed-won,2023-12-30,2024-02-02,45864.91
OPP_13607,Ryan Osei,Enterprise Suite,Company_624,closed-won,2024-06-25,2024-09-25,359339.74
OPP_13608,Ryan Osei,Starter Pack,Company_839,closed-lost,2024-08-13,2024-09-24,
OPP_13609,Lisa Park,Starter Pack,Company_780,closed-lost,2024-02-01,2024-03-09,
OPP_13610,Ryan Osei,Analytics Pro,Company_874,closed-won,2024-05-13,2024-07-02,46036.16
OPP_13611,Mike Torres,Analytics Pro,Company_609,closed-won,2024-09-17,2024-11-03,48324.62
OPP_13612,Priya Nair,Enterprise Suite,Company_744,closed-lost,2024-09-02,2024-12-11,
OPP_13613,Priya Nair,Analytics Pro,Company_389,closed-lost,2024-06-09,2024-08-19,
OPP_13614,Lisa Park,Analytics Pro,Company_464,closed-won,2024-11-23,2025-01-19,
OPP_13615,Anita Rao,Analytics Pro,Company_575,closed-lost,2023-03-09,2023-05-14,
OPP_13616,Lisa Park,Starter Pack,Company_341,closed-won,2024-07-12,2024-08-12,20703.08
OPP_13617,Priya Nair,Enterprise Suite,Company_480,closed-lost,2024-10-03,2025-01-14,
OPP_13618,James Wu,Starter Pack,Company_938,closed-lost,2024-06-10,2024-07-19,
OPP_13619,James Wu,Starter Pack,Company_13,closed-won,2024-10-07,2024-11-18,12630.59
OPP_13620,Carlos Webb,Analytics Pro,Company_414,closed-lost,2023-05-06,2023-06-04,
OPP_13621,Ryan Osei,Analytics Pro,Company_993,closed-won,2023-09-20,2023-11-30,46073.52
OPP_13622,Carlos Webb,Analytics Pro,Company_501,closed-won,2024-06-11,2024-07-01,61141.56
OPP_13623,Anita Rao,Enterprise Suite,Company_602,closed-lost,2023-12-18,2024-03-23,
OPP_13624,Mike Torres,Analytics Pro,Company_906,closed-won,2024-09-27,2024-11-03,64437.7
OPP_13625,Sarah Chen,Starter Pack,Company_394,closed-lost,2023-01-07,2023-01-26,
OPP_13626,Priya Nair,Starter Pack,Company_781,closed-lost,2023-01-01,2023-02-24,
OPP_13627,Ryan Osei,Analytics Pro,Company_789,closed-lost,2024-01-06,2024-02-06,
OPP_13628,Carlos Webb,Enterprise Suite,Company_726,closed-lost,2024-09-01,2024-12-06,
OPP_13629,Lisa Park,Enterprise Suite,Company_705,closed-lost,2023-02-25,2023-05-21,
OPP_13630,Carlos Webb,Enterprise Suite,Company_59,closed-lost,2023-04-18,2023-08-13,
OPP_13631,Ryan Osei,Analytics Pro,Company_753,closed-won,2024-07-15,2024-08-17,84131.17
OPP_13632,James Wu,Starter Pack,Company_489,closed-lost,2023-09-22,2023-11-19,
OPP_13633,Sarah Chen,Analytics Pro,Company_646,closed-won,2023-12-25,2024-02-27,44716.68
OPP_13634,Sarah Chen,Enterprise Suite,,closed-won,2023-12-23,2024-04-06,
OPP_13635,Priya Nair,Analytics Pro,Company_619,closed-lost,2023-01-06,2023-03-17,
OPP_13636,Lisa Park,Enterprise Suite,Company_150,closed-lost,2023-03-22,2023-07-08,
OPP_13637,Anita Rao,Starter Pack,Company_616,closed-won,2023-09-14,2023-10-24,10596.25
OPP_13638,Priya Nair,Starter Pack,Company_119,closed-lost,2024-01-10,2024-02-09,
OPP_13639,Mike Torres,Enterprise Suite,,closed-lost,2023-11-23,2024-03-11,
OPP_13640,Ryan Osei,Analytics Pro,Company_723,closed-lost,2024-04-24,2024-06-21,
OPP_13641,Mike Torres,Enterprise Suite,Company_931,closed-lost,2024-01-21,2024-04-06,
OPP_13642,James Wu,Analytics Pro,Company_169,closed-won,2023-12-08,2024-01-07,52669.72
OPP_13643,Ryan Osei,Analytics Pro,Company_708,closed-lost,2024-06-15,2024-08-09,
OPP_13644,Anita Rao,Enterprise Suite,Company_990,closed-lost,2023-07-09,2023-10-06,
OPP_13645,Ryan Osei,Enterprise Suite,Company_315,closed-lost,2023-12-30,2024-04-14,
OPP_13646,Ryan Osei,Enterprise Suite,Company_890,closed-lost,2023-04-29,2023-08-18,
OPP_13647,Mike Torres,Starter Pack,Company_651,closed-lost,2024-02-06,2024-02-27,
OPP_13648,Carlos Webb,Starter Pack,Company_275,closed-won,2023-08-13,2023-08-22,13045.37
OPP_13649,James Wu,Enterprise Suite,Company_407,closed-lost,2023-03-12,2023-06-30,
OPP_13650,Anita Rao,Starter Pack,Company_172,closed-won,2023-08-07,2023-08-12,12523.48
OPP_13651,Lisa Park,Starter Pack,Company_99,closed-won,2024-06-27,2024-07-25,18175.64
OPP_13652,Mike Torres,Enterprise Suite,Company_427,closed-lost,2023-10-24,2024-02-22,
OPP_13653,Ryan Osei,Enterprise Suite,Company_295,closed-lost,2024-04-14,2024-04-29,
OPP_13654,Ryan Osei,Starter Pack,Company_180,closed-won,2023-07-05,2023-08-10,15204.92
OPP_13655,Carlos Webb,Starter Pack,Company_720,closed-won,2023-04-06,2023-05-28,10762.75
OPP_13656,Priya Nair,Starter Pack,,closed-won,2024-05-08,2024-05-31,20491.18
OPP_13657,Priya Nair,Enterprise Suite,Company_971,closed-won,2024-11-16,2025-03-16,199286.73
OPP_13658,Mike Torres,Analytics Pro,Company_580,closed-won,2024-07-17,2024-09-09,76111.19
OPP_13659,James Wu,Starter Pack,Company_205,closed-lost,2024-02-03,2024-03-08,
OPP_13660,Sarah Chen,Enterprise Suite,Company_187,closed-lost,2023-09-16,2023-10-18,
OPP_13661,James Wu,Analytics Pro,Company_923,closed-lost,2023-11-09,2024-01-24,
OPP_13662,Ryan Osei,Analytics Pro,Company_641,closed-lost,2023-08-23,2023-10-08,
OPP_13663,Mike Torres,Enterprise Suite,Company_170,closed-won,2023-07-04,2023-10-30,
OPP_13664,Mike Torres,Analytics Pro,Company_87,closed-won,2024-11-04,2024-12-08,52478.79
OPP_13665,Ryan Osei,Starter Pack,Company_283,closed-won,2023-01-05,2023-01-19,11559.63
OPP_13666,Mike Torres,Analytics Pro,Company_30,closed-won,2023-12-11,2024-02-24,74599.26
OPP_13667,James Wu,Analytics Pro,Company_496,closed-lost,2024-09-29,2024-10-28,
OPP_13668,Mike Torres,Starter Pack,Company_62,closed-lost,2024-04-07,2024-05-09,
OPP_13669,Anita Rao,Starter Pack,Company_681,closed-won,2024-03-09,2024-04-17,22068.12
OPP_13670,Sarah Chen,Starter Pack,,closed-lost,2023-12-06,2024-01-03,
OPP_13671,Sarah Chen,Analytics Pro,Company_617,closed-lost,2023-07-27,2023-09-13,
OPP_13672,Anita Rao,Analytics Pro,Company_484,closed-lost,2023-06-09,2023-08-06,
OPP_13673,Carlos Webb,Enterprise Suite,Company_439,closed-won,2024-01-16,2024-03-11,133732.44
OPP_13674,Carlos Webb,Analytics Pro,Company_698,closed-lost,2024-03-07,2024-04-07,
OPP_13675,Carlos Webb,Analytics Pro,Company_836,closed-lost,2023-10-25,2024-01-15,
OPP_13676,James Wu,Analytics Pro,Company_681,closed-won,2023-01-05,2023-03-01,63837.73
OPP_13677,Ryan Osei,Analytics Pro,Company_625,closed-lost,2024-09-03,2024-10-18,
OPP_13678,Sarah Chen,Analytics Pro,Company_894,closed-won,2024-09-19,2024-11-01,42969.26
OPP_13679,Carlos Webb,Starter Pack,Company_3,closed-lost,2023-07-21,2023-08-23,
OPP_13680,Lisa Park,Enterprise Suite,Company_411,closed-lost,2023-08-01,2023-12-12,
OPP_13681,Priya Nair,Starter Pack,Company_616,closed-lost,2024-09-15,2024-10-20,
OPP_13682,Mike Torres,Enterprise Suite,Company_286,closed-won,2024-08-07,2024-11-14,339694.78
OPP_13683,James Wu,Analytics Pro,Company_462,closed-lost,2023-04-12,2023-06-03,
OPP_13684,Lisa Park,Enterprise Suite,Company_423,closed-lost,2024-07-26,2024-10-22,
OPP_13685,James Wu,Starter Pack,Company_653,closed-won,2024-07-22,2024-08-21,16189.82
OPP_13686,Carlos Webb,Starter Pack,Company_648,closed-lost,2023-06-12,2023-07-07,
OPP_13687,Carlos Webb,Starter Pack,Company_992,closed-lost,2023-02-14,2023-03-13,
OPP_13688,Carlos Webb,Enterprise Suite,Company_454,closed-won,2024-09-05,2024-12-06,257390.52
OPP_13689,James Wu,Enterprise Suite,Company_496,closed-lost,2024-04-29,2024-05-04,
OPP_13690,Ryan Osei,Enterprise Suite,,closed-lost,2023-04-18,2023-07-03,
OPP_13691,Mike Torres,Analytics Pro,Company_438,closed-lost,2023-01-16,2023-01-21,
OPP_13692,Lisa Park,Enterprise Suite,,closed-lost,2023-06-14,2023-09-07,
OPP_13693,Mike Torres,Enterprise Suite,Company_394,closed-won,2024-01-21,2024-05-29,246235.32
OPP_13694,Anita Rao,Enterprise Suite,Company_199,closed-lost,2023-10-20,2024-01-27,
OPP_13695,Priya Nair,Enterprise Suite,,closed-won,2023-06-11,2023-08-11,283266.16
OPP_13696,Sarah Chen,Starter Pack,Company_509,closed-won,2023-10-08,2023-11-06,19334.11
OPP_13697,Mike Torres,Analytics Pro,Company_852,closed-won,2023-12-26,2024-02-05,66445.16
OPP_13698,Lisa Park,Starter Pack,Company_917,closed-lost,2024-11-12,2024-12-05,
OPP_13699,Lisa Park,Starter Pack,Company_493,closed-won,2024-08-14,2024-09-23,16227.24
OPP_13700,James Wu,Starter Pack,Company_216,closed-lost,2024-04-26,2024-06-03,
OPP_13701,Priya Nair,Enterprise Suite,Company_716,closed-lost,2023-03-16,2023-05-06,
OPP_13702,Mike Torres,Starter Pack,Company_445,closed-won,2023-12-06,2024-01-07,14065.61
OPP_13703,Sarah Chen,Starter Pack,Company_951,closed-won,2023-12-02,2023-12-29,18684.19
OPP_13704,Carlos Webb,Analytics Pro,Company_784,closed-lost,2024-05-16,2024-07-03,
OPP_13705,Anita Rao,Starter Pack,,closed-lost,2024-11-23,2024-12-21,
OPP_13706,Anita Rao,Enterprise Suite,Company_487,closed-lost,2023-09-23,2023-12-17,
OPP_13707,Mike Torres,Enterprise Suite,Company_139,closed-lost,2023-09-16,2023-11-25,
OPP_13708,Lisa Park,Starter Pack,Company_814,closed-lost,2024-02-18,2024-03-07,
OPP_13709,Carlos Webb,Starter Pack,Company_954,closed-lost,2024-10-06,2024-10-28,
OPP_13710,Mike Torres,Enterprise Suite,Company_351,closed-lost,2024-10-29,2025-01-14,
OPP_13711,Ryan Osei,Enterprise Suite,Company_760,closed-won,2023-06-14,2023-09-15,260690.66
OPP_13712,Ryan Osei,Enterprise Suite,Company_657,closed-won,2024-07-10,2024-09-15,237809.26
OPP_13713,Ryan Osei,Starter Pack,Company_228,closed-won,2024-04-18,2024-05-15,12389.83
OPP_13714,Anita Rao,Starter Pack,Company_297,closed-lost,2023-02-05,2023-03-19,
OPP_13715,Mike Torres,Starter Pack,Company_91,closed-won,2024-11-20,2024-12-15,19954.98
OPP_13716,Carlos Webb,Enterprise Suite,Company_606,closed-lost,2024-03-13,2024-05-14,
OPP_13717,James Wu,Enterprise Suite,Company_964,closed-lost,2024-07-25,2024-11-15,
OPP_13718,Mike Torres,Enterprise Suite,Company_376,closed-lost,2023-06-30,2023-08-31,
OPP_13719,Priya Nair,Analytics Pro,Company_976,closed-won,2024-04-28,2024-06-19,37299.86
OPP_13720,Ryan Osei,Enterprise Suite,Company_754,closed-lost,2023-01-19,2023-04-13,
OPP_13721,Sarah Chen,Analytics Pro,Company_63,closed-lost,2023-02-06,2023-03-10,
OPP_13722,James Wu,Analytics Pro,Company_433,closed-lost,2024-02-05,2024-04-09,
OPP_13723,Carlos Webb,Analytics Pro,Company_816,closed-lost,2023-05-03,2023-06-12,
OPP_13724,Priya Nair,Enterprise Suite,Company_679,closed-lost,2023-11-05,2024-02-24,
OPP_13725,James Wu,Starter Pack,Company_404,closed-won,2023-02-12,2023-03-19,13522.42
OPP_13726,Sarah Chen,Enterprise Suite,Company_872,closed-won,2023-09-20,2023-12-14,312575.91
OPP_13727,Lisa Park,Analytics Pro,Company_148,closed-lost,2024-11-12,2024-12-05,
OPP_13728,Anita Rao,Starter Pack,Company_511,closed-won,2023-07-21,2023-08-30,17859.44
OPP_13729,Lisa Park,Starter Pack,Company_615,closed-won,2023-05-06,2023-05-21,26312.84
OPP_13730,Anita Rao,Starter Pack,Company_764,closed-lost,2023-06-18,2023-07-25,
OPP_13731,Sarah Chen,Enterprise Suite,Company_327,closed-won,2023-08-03,2023-10-03,
OPP_13732,Anita Rao,Enterprise Suite,Company_705,closed-lost,2023-12-03,2024-03-15,
OPP_13733,Mike Torres,Analytics Pro,,closed-lost,2023-12-13,2024-01-26,
OPP_13734,Lisa Park,Enterprise Suite,Company_848,closed-won,2024-02-26,2024-04-14,267720.35
OPP_13735,James Wu,Analytics Pro,Company_298,closed-won,2023-10-12,2023-11-24,58458.12
OPP_13736,Ryan Osei,Starter Pack,Company_829,closed-lost,2024-04-21,2024-06-03,
OPP_13737,Carlos Webb,Starter Pack,Company_847,closed-won,2023-01-16,2023-03-09,
OPP_13738,James Wu,Enterprise Suite,Company_956,closed-lost,2024-04-06,2024-08-03,
OPP_13739,James Wu,Enterprise Suite,Company_753,closed-won,2024-04-19,2024-07-10,210804.48
OPP_13740,Sarah Chen,Starter Pack,Company_877,closed-won,2024-06-30,2024-07-20,10225.81
OPP_13741,Lisa Park,Enterprise Suite,Company_401,closed-lost,2024-08-25,2024-10-30,
OPP_13742,Anita Rao,Enterprise Suite,Company_934,closed-lost,2024-11-05,2025-03-02,
OPP_13743,Priya Nair,Starter Pack,Company_561,closed-won,2024-09-10,2024-10-16,13757.61
OPP_13744,Ryan Osei,Analytics Pro,Company_432,closed-won,2024-01-30,2024-03-25,
OPP_13745,Lisa Park,Analytics Pro,Company_775,closed-lost,2023-12-25,2024-02-19,
OPP_13746,Ryan Osei,Analytics Pro,Company_73,closed-lost,2023-06-06,2023-06-15,
OPP_13747,Anita Rao,Analytics Pro,Company_713,closed-lost,2024-03-04,2024-04-17,
OPP_13748,James Wu,Enterprise Suite,Company_876,closed-lost,2023-05-03,2023-07-26,
OPP_13749,Ryan Osei,Starter Pack,Company_134,closed-lost,2023-06-29,2023-07-27,
OPP_13750,Carlos Webb,Enterprise Suite,Company_886,closed-lost,2023-01-09,2023-05-04,
OPP_13751,Sarah Chen,Enterprise Suite,,closed-won,2023-02-25,2023-06-07,292402.39
OPP_13752,Lisa Park,Enterprise Suite,Company_167,closed-won,2023-12-21,2024-03-02,239993.56
OPP_13753,Priya Nair,Analytics Pro,Company_712,closed-won,2024-01-16,2024-02-23,
OPP_13754,Lisa Park,Analytics Pro,Company_918,closed-lost,2023-06-11,2023-08-12,
OPP_13755,Priya Nair,Starter Pack,Company_223,closed-lost,2024-01-11,2024-02-12,
OPP_13756,James Wu,Enterprise Suite,Company_666,closed-lost,2024-09-09,2025-02-03,
OPP_13757,Sarah Chen,Analytics Pro,Company_743,closed-won,2023-08-26,2023-09-11,68164.19
OPP_13758,Mike Torres,Enterprise Suite,Company_804,closed-lost,2023-08-13,2023-12-07,
OPP_13759,Priya Nair,Analytics Pro,Company_973,closed-won,2024-09-16,2024-10-17,44298.24
OPP_13760,Ryan Osei,Enterprise Suite,Company_861,closed-lost,2023-04-23,2023-06-26,
OPP_13761,Priya Nair,Starter Pack,Company_98,closed-won,2024-08-24,2024-09-14,8999.0
OPP_13762,Carlos Webb,Analytics Pro,Company_183,closed-won,2023-09-22,2023-11-26,50784.65
OPP_13763,Sarah Chen,Starter Pack,Company_527,closed-won,2023-06-01,2023-07-04,13574.33
OPP_13764,Carlos Webb,Enterprise Suite,Company_444,closed-lost,2023-10-15,2024-02-03,
OPP_13765,Priya Nair,Enterprise Suite,Company_739,closed-lost,2024-06-06,2024-09-30,
OPP_13766,Ryan Osei,Starter Pack,Company_34,closed-lost,2024-03-14,2024-04-22,
OPP_13767,Mike Torres,Starter Pack,Company_406,closed-won,2023-01-12,2023-02-04,7500.0
OPP_13768,Lisa Park,Analytics Pro,Company_704,closed-lost,2024-09-24,2024-11-15,
OPP_13769,Priya Nair,Enterprise Suite,Company_763,closed-lost,2023-10-24,2024-01-31,
OPP_13770,Ryan Osei,Enterprise Suite,Company_814,closed-won,2024-11-16,2025-02-26,182761.12
OPP_13771,Mike Torres,Analytics Pro,Company_885,closed-lost,2024-01-26,2024-03-04,
OPP_13772,Ryan Osei,Analytics Pro,Company_647,closed-lost,2024-10-28,2024-12-13,
OPP_13773,Lisa Park,Analytics Pro,Company_11,closed-lost,2024-06-14,2024-08-02,
OPP_13774,Mike Torres,Starter Pack,Company_84,closed-won,2023-09-24,2023-11-16,15723.83
OPP_13775,Mike Torres,Analytics Pro,Company_656,closed-won,2023-10-24,2023-11-13,72165.15
OPP_13776,James Wu,Starter Pack,Company_600,closed-lost,2023-04-20,2023-05-30,
OPP_13777,Lisa Park,Analytics Pro,Company_710,closed-lost,2023-03-17,2023-04-27,
OPP_13778,Mike Torres,Enterprise Suite,Company_185,closed-won,2024-08-18,2024-11-30,
OPP_13779,Ryan Osei,Analytics Pro,,closed-won,2023-02-24,2023-04-20,59198.33
OPP_13780,Ryan Osei,Analytics Pro,Company_585,closed-won,2024-01-29,2024-03-03,45894.88
OPP_13781,Priya Nair,Starter Pack,Company_333,closed-lost,2023-02-09,2023-03-15,
OPP_13782,Mike Torres,Enterprise Suite,Company_930,closed-lost,2023-04-01,2023-08-19,
OPP_13783,Priya Nair,Analytics Pro,Company_832,closed-lost,2023-01-19,2023-02-23,
OPP_13784,Sarah Chen,Analytics Pro,Company_569,closed-won,2024-03-25,2024-05-03,84489.19
OPP_13785,Lisa Park,Starter Pack,Company_531,closed-won,2024-10-07,2024-11-14,14198.14
OPP_13786,Mike Torres,Starter Pack,Company_988,closed-won,2023-12-19,2024-01-04,15337.35
OPP_13787,Mike Torres,Starter Pack,Company_882,closed-lost,2024-07-21,2024-08-14,
OPP_13788,Priya Nair,Starter Pack,Company_568,closed-lost,2024-02-12,2024-03-02,
OPP_13789,Lisa Park,Analytics Pro,Company_125,closed-lost,2024-04-07,2024-05-13,
OPP_13790,Sarah Chen,Starter Pack,Company_588,closed-won,2024-01-15,2024-02-02,13599.88
OPP_13791,James Wu,Enterprise Suite,Company_165,closed-lost,2023-11-11,2024-02-12,
OPP_13792,Mike Torres,Enterprise Suite,Company_262,closed-lost,2023-09-19,2023-12-06,
OPP_13793,Sarah Chen,Starter Pack,Company_127,closed-won,2023-12-16,2024-01-25,
OPP_13794,Anita Rao,Analytics Pro,Company_989,closed-lost,2024-11-06,2024-12-20,
OPP_13795,Priya Nair,Analytics Pro,Company_967,closed-lost,2023-10-01,2023-11-25,
OPP_13796,Sarah Chen,Starter Pack,Company_307,closed-won,2023-04-20,2023-06-02,11431.44
OPP_13797,Sarah Chen,Enterprise Suite,Company_926,closed-lost,2024-11-20,2025-02-08,
OPP_13798,Anita Rao,Enterprise Suite,Company_546,closed-lost,2023-07-20,2023-12-23,
OPP_13799,Lisa Park,Starter Pack,Company_590,closed-lost,2024-10-13,2024-11-23,
OPP_13800,Lisa Park,Enterprise Suite,Company_320,closed-lost,2024-08-03,2024-10-24,
OPP_13801,Carlos Webb,Enterprise Suite,Company_551,closed-lost,2024-10-18,2024-12-26,
OPP_13802,James Wu,Enterprise Suite,Company_101,closed-lost,2024-07-10,2024-10-26,
OPP_13803,Sarah Chen,Starter Pack,Company_37,closed-won,2023-04-07,2023-04-19,14446.0
OPP_13804,James Wu,Starter Pack,Company_306,closed-lost,2023-09-05,2023-10-17,
OPP_13805,James Wu,Starter Pack,Company_616,closed-won,2023-11-25,2023-12-12,20980.67
OPP_13806,James Wu,Enterprise Suite,Company_367,closed-lost,2023-10-01,2023-12-29,
OPP_13807,Anita Rao,Starter Pack,Company_746,closed-lost,2024-10-02,2024-10-19,
OPP_13808,Ryan Osei,Starter Pack,Company_563,closed-lost,2024-04-23,2024-05-21,
OPP_13809,Anita Rao,Analytics Pro,Company_390,closed-lost,2023-08-27,2023-11-09,
OPP_13810,Priya Nair,Analytics Pro,Company_467,closed-won,2024-02-01,2024-03-09,62511.46
OPP_13811,Mike Torres,Analytics Pro,Company_692,closed-won,2024-08-10,2024-09-05,46307.77
OPP_13812,Ryan Osei,Enterprise Suite,Company_146,closed-won,2023-02-19,2023-06-06,175596.54
OPP_13813,James Wu,Starter Pack,Company_644,closed-lost,2024-03-10,2024-04-11,
OPP_13814,Anita Rao,Enterprise Suite,Company_713,closed-lost,2024-04-16,2024-06-12,
OPP_13815,James Wu,Enterprise Suite,Company_381,closed-lost,2024-07-22,2024-09-30,
OPP_13816,Priya Nair,Analytics Pro,Company_841,closed-lost,2024-10-23,2024-12-04,
OPP_13817,Priya Nair,Analytics Pro,Company_806,closed-won,2024-01-31,2024-03-28,29808.6
OPP_13818,Ryan Osei,Analytics Pro,Company_26,closed-won,2023-01-31,2023-02-25,39848.7
OPP_13819,James Wu,Starter Pack,Company_276,closed-won,2023-01-30,2023-02-23,18981.14
OPP_13820,Mike Torres,Enterprise Suite,Company_112,closed-lost,2023-08-30,2023-12-31,
OPP_13821,Ryan Osei,Starter Pack,Company_337,closed-won,2023-08-23,2023-09-05,22234.11
OPP_13822,Mike Torres,Analytics Pro,Company_931,closed-won,2023-10-17,2023-11-15,61213.52
OPP_13823,Carlos Webb,Analytics Pro,Company_149,closed-lost,2024-08-04,2024-09-26,
OPP_13824,James Wu,Analytics Pro,Company_10,closed-won,2024-09-02,2024-10-02,49104.22
OPP_13825,Mike Torres,Analytics Pro,Company_992,closed-won,2024-05-21,2024-07-02,42908.38
OPP_13826,James Wu,Analytics Pro,Company_974,closed-lost,2023-02-04,2023-03-08,
OPP_13827,Mike Torres,Starter Pack,Company_179,closed-lost,2024-05-15,2024-07-04,
OPP_13828,Anita Rao,Enterprise Suite,Company_841,closed-lost,2023-02-21,2023-05-18,
OPP_13829,Lisa Park,Starter Pack,Company_541,closed-won,2023-03-07,2023-04-06,10534.85
OPP_13830,Carlos Webb,Enterprise Suite,Company_585,closed-lost,2023-01-17,2023-04-11,
OPP_13831,Anita Rao,Enterprise Suite,Company_277,closed-lost,2024-05-18,2024-09-22,
OPP_13832,Mike Torres,Starter Pack,Company_174,closed-won,2024-06-24,2024-08-03,
OPP_13833,Carlos Webb,Analytics Pro,Company_185,closed-lost,2024-03-04,2024-04-05,
OPP_13834,Carlos Webb,Enterprise Suite,Company_694,closed-lost,2023-10-27,2024-01-08,
OPP_13835,Ryan Osei,Analytics Pro,Company_606,closed-lost,2023-11-16,2023-12-31,
OPP_13836,Priya Nair,Analytics Pro,Company_9,closed-lost,2024-06-22,2024-07-30,
OPP_13837,Priya Nair,Enterprise Suite,Company_129,closed-won,2024-02-19,2024-05-12,299207.12
OPP_13838,Priya Nair,Analytics Pro,Company_581,closed-won,2023-06-10,2023-07-28,60594.54
OPP_13839,Anita Rao,Starter Pack,Company_940,closed-lost,2024-11-15,2024-12-10,
OPP_13840,Carlos Webb,Enterprise Suite,Company_796,closed-lost,2024-06-08,2024-09-06,
OPP_13841,James Wu,Enterprise Suite,Company_623,closed-won,2023-02-09,2023-06-18,174503.57
OPP_13842,Ryan Osei,Enterprise Suite,Company_468,closed-lost,2024-02-02,2024-04-09,
OPP_13843,Priya Nair,Analytics Pro,Company_362,closed-lost,2024-08-22,2024-09-21,
OPP_13844,Lisa Park,Enterprise Suite,Company_293,closed-won,2024-03-03,2024-07-23,326634.15
OPP_13845,Anita Rao,Analytics Pro,Company_533,closed-lost,2024-10-08,2024-11-30,
OPP_13846,James Wu,Analytics Pro,Company_650,closed-won,2024-11-15,2024-12-03,56059.74
OPP_13847,Mike Torres,Analytics Pro,Company_416,closed-won,2024-01-03,2024-02-20,41225.26
OPP_13848,Carlos Webb,Starter Pack,Company_649,closed-lost,2023-05-09,2023-05-27,
OPP_13849,Mike Torres,Starter Pack,Company_747,closed-won,2023-11-22,2023-12-26,16016.47
OPP_13850,James Wu,Starter Pack,Company_169,closed-won,2023-04-09,2023-05-01,13922.64
OPP_13851,Sarah Chen,Starter Pack,Company_761,closed-lost,2023-05-10,2023-06-10,
OPP_13852,Anita Rao,Enterprise Suite,Company_951,closed-lost,2023-08-18,2023-10-25,
OPP_13853,Lisa Park,Starter Pack,Company_985,closed-lost,2024-07-05,2024-08-08,
OPP_13854,Ryan Osei,Enterprise Suite,Company_520,closed-lost,2023-05-27,2023-10-03,
OPP_13855,Priya Nair,Analytics Pro,Company_509,closed-lost,2023-10-04,2023-10-24,
OPP_13856,Mike Torres,Analytics Pro,Company_14,closed-won,2023-11-11,2023-12-14,63946.72
OPP_13857,James Wu,Enterprise Suite,Company_7,closed-lost,2023-03-16,2023-04-14,
OPP_13858,Ryan Osei,Enterprise Suite,Company_547,closed-lost,2023-04-02,2023-07-07,
OPP_13859,Carlos Webb,Starter Pack,Company_756,closed-lost,2023-05-13,2023-06-09,
OPP_13860,Sarah Chen,Enterprise Suite,Company_459,closed-won,2024-01-22,2024-04-08,415690.61
OPP_13861,Priya Nair,Enterprise Suite,,closed-lost,2024-11-28,2025-02-16,
OPP_13862,James Wu,Starter Pack,Company_76,closed-lost,2024-03-31,2024-04-18,
OPP_13863,Carlos Webb,Starter Pack,Company_526,closed-lost,2023-01-04,2023-01-29,
OPP_13864,Carlos Webb,Starter Pack,Company_432,closed-lost,2024-10-14,2024-10-26,
OPP_13865,Lisa Park,Analytics Pro,Company_174,closed-lost,2024-05-19,2024-07-09,
OPP_13866,Carlos Webb,Starter Pack,Company_346,closed-lost,2024-08-15,2024-09-11,
OPP_13867,James Wu,Enterprise Suite,Company_871,closed-lost,2024-01-13,2024-05-31,
OPP_13868,Mike Torres,Analytics Pro,Company_306,closed-won,2023-02-06,2023-03-12,88120.69
OPP_13869,Lisa Park,Analytics Pro,Company_271,closed-lost,2024-07-19,2024-08-30,
OPP_13870,James Wu,Starter Pack,Company_755,closed-lost,2023-12-20,2024-01-05,
OPP_13871,Ryan Osei,Starter Pack,Company_945,closed-lost,2024-02-17,2024-04-04,
OPP_13872,Anita Rao,Enterprise Suite,Company_527,closed-lost,2024-06-12,2024-08-06,
OPP_13873,Sarah Chen,Analytics Pro,Company_913,closed-lost,2023-01-17,2023-03-24,
OPP_13874,Lisa Park,Starter Pack,Company_364,closed-won,2023-07-31,2023-08-22,22691.33
OPP_13875,Sarah Chen,Enterprise Suite,Company_471,closed-lost,2023-10-11,2023-12-21,
OPP_13876,Carlos Webb,Analytics Pro,Company_362,closed-won,2023-04-28,2023-06-11,52101.36
OPP_13877,Mike Torres,Starter Pack,Company_358,closed-won,2024-09-09,2024-10-15,14260.52
OPP_13878,Priya Nair,Analytics Pro,Company_363,closed-lost,2024-03-13,2024-04-13,
OPP_13879,Sarah Chen,Starter Pack,Company_441,closed-lost,2023-08-10,2023-08-24,
OPP_13880,Lisa Park,Starter Pack,Company_86,closed-won,2023-07-07,2023-08-25,
OPP_13881,Priya Nair,Analytics Pro,Company_126,closed-lost,2023-03-08,2023-03-28,
OPP_13882,Lisa Park,Starter Pack,Company_159,closed-lost,2023-02-26,2023-03-19,
OPP_13883,Anita Rao,Starter Pack,Company_481,closed-lost,2023-02-10,2023-03-07,
OPP_13884,Ryan Osei,Analytics Pro,Company_306,closed-lost,2024-09-12,2024-10-09,
OPP_13885,Carlos Webb,Analytics Pro,Company_913,closed-lost,2024-08-27,2024-10-04,
OPP_13886,Priya Nair,Enterprise Suite,Company_831,closed-lost,2024-08-26,2024-11-11,
OPP_13887,Anita Rao,Starter Pack,Company_449,closed-lost,2023-04-05,2023-05-14,
OPP_13888,Lisa Park,Starter Pack,Company_143,closed-won,2024-04-09,2024-05-14,18271.15
OPP_13889,Carlos Webb,Enterprise Suite,Company_444,closed-lost,2023-02-21,2023-04-14,
OPP_13890,Sarah Chen,Analytics Pro,Company_904,closed-won,2023-12-23,2024-01-27,
OPP_13891,James Wu,Starter Pack,Company_194,closed-won,2023-11-28,2024-01-03,11650.47
OPP_13892,Anita Rao,Starter Pack,Company_136,closed-lost,2024-04-04,2024-04-21,
OPP_13893,Ryan Osei,Analytics Pro,Company_761,closed-lost,2024-01-01,2024-03-02,
OPP_13894,Carlos Webb,Starter Pack,Company_164,closed-lost,2024-07-14,2024-09-01,
OPP_13895,James Wu,Analytics Pro,Company_982,closed-lost,2024-01-18,2024-03-27,
OPP_13896,Anita Rao,Starter Pack,Company_431,closed-lost,2023-11-05,2023-12-07,
OPP_13897,Lisa Park,Enterprise Suite,Company_507,closed-lost,2023-12-08,2024-01-27,
OPP_13898,Priya Nair,Analytics Pro,Company_769,closed-lost,2023-12-16,2023-12-21,
OPP_13899,Ryan Osei,Enterprise Suite,Company_743,closed-lost,2023-03-22,2023-06-11,
OPP_13900,Ryan Osei,Starter Pack,Company_112,closed-won,2024-02-03,2024-02-14,20448.81
OPP_13901,Mike Torres,Starter Pack,Company_129,closed-won,2023-02-05,2023-03-10,16839.1
OPP_13902,Priya Nair,Analytics Pro,Company_512,closed-lost,2023-10-23,2023-11-27,
OPP_13903,Sarah Chen,Enterprise Suite,Company_242,closed-won,2024-11-20,2024-12-30,163930.73
OPP_13904,Sarah Chen,Enterprise Suite,Company_849,closed-lost,2023-09-03,2023-11-08,
OPP_13905,Carlos Webb,Analytics Pro,Company_999,closed-lost,2024-06-16,2024-08-07,
OPP_13906,Sarah Chen,Analytics Pro,Company_491,closed-won,2024-11-09,2024-12-21,64076.73
OPP_13907,Anita Rao,Analytics Pro,Company_497,closed-lost,2024-06-20,2024-07-19,
OPP_13908,Mike Torres,Analytics Pro,Company_253,closed-lost,2024-08-15,2024-09-20,
OPP_13909,Priya Nair,Enterprise Suite,Company_523,closed-lost,2024-05-19,2024-08-23,
OPP_13910,Priya Nair,Starter Pack,Company_287,closed-lost,2023-05-14,2023-06-08,
OPP_13911,Mike Torres,Analytics Pro,Company_717,closed-lost,2024-10-08,2024-11-29,
OPP_13912,James Wu,Enterprise Suite,Company_840,closed-won,2023-04-29,2023-07-11,125000.0
OPP_13913,Ryan Osei,Starter Pack,Company_485,closed-lost,2024-07-16,2024-08-16,
OPP_13914,Mike Torres,Enterprise Suite,Company_747,closed-lost,2024-09-13,2024-10-26,
OPP_13915,Priya Nair,Starter Pack,,closed-won,2024-06-12,2024-07-07,19526.62
OPP_13916,Priya Nair,Starter Pack,Company_123,closed-won,2024-04-25,2024-05-20,21465.49
OPP_13917,Priya Nair,Analytics Pro,Company_39,closed-won,2023-11-10,2023-12-31,53115.03
OPP_13918,Anita Rao,Starter Pack,Company_951,closed-won,2024-05-11,2024-06-28,16247.96
OPP_13919,Priya Nair,Analytics Pro,Company_18,closed-lost,2023-04-13,2023-06-14,
OPP_13920,James Wu,Starter Pack,Company_885,closed-won,2023-05-14,2023-06-11,14078.77
OPP_13921,Sarah Chen,Analytics Pro,Company_417,closed-lost,2024-10-31,2025-01-15,
OPP_13922,Anita Rao,Enterprise Suite,Company_648,closed-lost,2024-09-03,2024-12-31,
OPP_13923,James Wu,Starter Pack,Company_344,closed-lost,2024-01-10,2024-02-24,
OPP_13924,Ryan Osei,Analytics Pro,Company_62,closed-lost,2024-02-08,2024-04-09,
OPP_13925,Ryan Osei,Enterprise Suite,Company_52,closed-won,2023-11-15,2024-01-24,125000.0
OPP_13926,Anita Rao,Starter Pack,Company_275,closed-won,2024-11-22,2024-12-22,20764.49
OPP_13927,Carlos Webb,Analytics Pro,Company_965,closed-won,2024-11-17,2025-01-09,38043.76
OPP_13928,Carlos Webb,Enterprise Suite,Company_428,closed-lost,2023-03-27,2023-05-11,
OPP_13929,James Wu,Analytics Pro,Company_916,closed-lost,2023-05-25,2023-07-29,
OPP_13930,Sarah Chen,Starter Pack,Company_41,closed-lost,2023-03-09,2023-04-18,
OPP_13931,Sarah Chen,Starter Pack,Company_676,closed-lost,2024-11-22,2024-12-08,
OPP_13932,Carlos Webb,Starter Pack,Company_292,closed-won,2023-04-15,2023-05-13,9819.12
OPP_13933,Lisa Park,Analytics Pro,Company_930,closed-won,2023-05-08,2023-07-03,68694.87
OPP_13934,Mike Torres,Analytics Pro,Company_189,closed-lost,2024-07-21,2024-09-29,
OPP_13935,Anita Rao,Analytics Pro,Company_372,closed-won,2024-02-06,2024-03-09,40810.16
OPP_13936,Carlos Webb,Analytics Pro,Company_114,closed-lost,2024-10-11,2024-11-21,
OPP_13937,Mike Torres,Enterprise Suite,Company_13,closed-lost,2024-01-30,2024-06-03,
OPP_13938,Priya Nair,Analytics Pro,Company_369,closed-won,2024-03-23,2024-04-25,46232.6
OPP_13939,Carlos Webb,Enterprise Suite,Company_797,closed-lost,2024-05-22,2024-05-27,
OPP_13940,Carlos Webb,Starter Pack,Company_665,closed-lost,2024-03-27,2024-05-10,
OPP_13941,Anita Rao,Starter Pack,Company_598,closed-won,2024-06-21,2024-07-21,11239.52
OPP_13942,Ryan Osei,Starter Pack,Company_908,closed-lost,2024-11-30,2025-01-01,
OPP_13943,Mike Torres,Starter Pack,Company_644,closed-lost,2024-10-13,2024-11-20,
OPP_13944,Mike Torres,Starter Pack,Company_600,closed-lost,2024-03-07,2024-04-15,
OPP_13945,James Wu,Starter Pack,Company_721,closed-lost,2023-02-19,2023-04-05,
OPP_13946,Lisa Park,Starter Pack,Company_76,closed-lost,2024-08-18,2024-09-07,
OPP_13947,Carlos Webb,Analytics Pro,Company_742,closed-lost,2023-02-06,2023-04-04,
OPP_13948,Lisa Park,Starter Pack,Company_546,closed-won,2023-08-25,2023-09-07,17265.62
OPP_13949,Priya Nair,Starter Pack,Company_130,closed-lost,2023-06-01,2023-06-27,
OPP_13950,James Wu,Analytics Pro,Company_563,closed-lost,2024-05-02,2024-06-07,
OPP_13951,Anita Rao,Enterprise Suite,Company_998,closed-lost,2024-04-28,2024-08-06,
OPP_13952,Carlos Webb,Analytics Pro,Company_459,closed-lost,2024-04-10,2024-06-20,
OPP_13953,Mike Torres,Analytics Pro,Company_69,closed-lost,2024-08-05,2024-09-05,
OPP_13954,Lisa Park,Analytics Pro,Company_536,closed-lost,2023-07-01,2023-08-10,
OPP_13955,Sarah Chen,Starter Pack,Company_613,closed-won,2023-06-15,2023-06-26,16961.59
OPP_13956,Anita Rao,Enterprise Suite,Company_990,closed-won,2024-08-29,2025-01-21,125000.0
OPP_13957,Priya Nair,Analytics Pro,Company_46,closed-lost,2024-09-28,2024-10-27,
OPP_13958,Sarah Chen,Enterprise Suite,Company_194,closed-lost,2023-10-09,2024-01-22,
OPP_13959,Ryan Osei,Analytics Pro,Company_701,closed-won,2023-02-11,2023-04-25,42280.4
OPP_13960,Mike Torres,Starter Pack,Company_448,closed-won,2023-07-12,2023-08-30,14889.19
OPP_13961,Ryan Osei,Enterprise Suite,Company_798,closed-lost,2023-08-31,2023-12-04,
OPP_13962,Ryan Osei,Analytics Pro,,closed-lost,2024-03-05,2024-04-24,
OPP_13963,Anita Rao,Starter Pack,Company_188,closed-lost,2023-08-13,2023-09-12,
OPP_13964,Sarah Chen,Starter Pack,Company_585,closed-won,2024-11-07,2024-11-12,17318.49
OPP_13965,James Wu,Enterprise Suite,Company_713,closed-lost,2023-08-29,2023-12-25,
OPP_13966,Sarah Chen,Enterprise Suite,Company_466,closed-won,2023-09-01,2023-10-30,314823.78
OPP_13967,Anita Rao,Analytics Pro,Company_872,closed-won,2024-07-06,2024-08-29,79611.28
OPP_13968,James Wu,Analytics Pro,Company_725,closed-won,2024-08-21,2024-09-11,47886.89
OPP_13969,Anita Rao,Enterprise Suite,Company_121,closed-won,2024-06-15,2024-08-24,251969.36
OPP_13970,Priya Nair,Starter Pack,Company_46,closed-won,2023-01-10,2023-02-18,9476.66
OPP_13971,James Wu,Analytics Pro,Company_40,closed-won,2023-12-01,2023-12-24,97362.51
OPP_13972,Priya Nair,Analytics Pro,Company_949,closed-lost,2023-09-16,2023-11-01,
OPP_13973,Priya Nair,Analytics Pro,Company_894,closed-lost,2023-04-06,2023-06-02,
OPP_13974,Sarah Chen,Enterprise Suite,Company_254,closed-won,2024-04-30,2024-08-01,348972.08
OPP_13975,James Wu,Enterprise Suite,Company_118,closed-won,2023-04-21,2023-06-23,237697.19
OPP_13976,Sarah Chen,Enterprise Suite,Company_355,closed-won,2023-07-19,2023-10-19,190222.62
OPP_13977,Carlos Webb,Analytics Pro,Company_85,closed-lost,2024-11-22,2025-01-21,
OPP_13978,Anita Rao,Enterprise Suite,Company_136,closed-lost,2024-11-15,2025-02-03,
OPP_13979,Ryan Osei,Enterprise Suite,Company_301,closed-won,2024-02-20,2024-05-03,232580.56
OPP_13980,Carlos Webb,Starter Pack,Company_640,closed-won,2023-12-13,2024-01-21,12835.07
OPP_13981,Sarah Chen,Analytics Pro,Company_224,closed-won,2024-10-19,2024-12-08,58068.48
OPP_13982,Anita Rao,Starter Pack,Company_262,closed-lost,2023-08-24,2023-09-19,
OPP_13983,Sarah Chen,Enterprise Suite,Company_673,closed-won,2024-04-17,2024-07-18,173221.41
OPP_13984,Mike Torres,Enterprise Suite,Company_763,closed-lost,2024-05-30,2024-07-21,
OPP_13985,Ryan Osei,Enterprise Suite,Company_263,closed-lost,2023-02-11,2023-05-22,
OPP_13986,James Wu,Analytics Pro,Company_225,closed-lost,2024-03-05,2024-05-03,
OPP_13987,Carlos Webb,Analytics Pro,Company_208,closed-lost,2024-05-08,2024-06-25,
OPP_13988,Ryan Osei,Starter Pack,Company_456,closed-lost,2024-04-23,2024-05-18,
OPP_13989,James Wu,Enterprise Suite,Company_743,closed-won,2023-08-08,2023-10-08,232006.44
OPP_13990,Ryan Osei,Analytics Pro,Company_151,closed-lost,2023-03-21,2023-04-24,
OPP_13991,Lisa Park,Starter Pack,Company_507,closed-won,2023-02-28,2023-03-31,22930.57
OPP_13992,Priya Nair,Analytics Pro,Company_189,closed-lost,2024-04-06,2024-05-24,
OPP_13993,Priya Nair,Starter Pack,Company_583,closed-lost,2023-04-12,2023-05-18,
OPP_13994,Lisa Park,Enterprise Suite,Company_184,closed-won,2023-07-24,2023-10-19,259063.75
OPP_13995,Anita Rao,Starter Pack,Company_317,closed-lost,2023-01-16,2023-02-20,
OPP_13996,Priya Nair,Starter Pack,Company_837,closed-lost,2023-10-27,2023-11-29,
OPP_13997,Ryan Osei,Enterprise Suite,Company_622,closed-lost,2024-09-15,2025-01-07,
OPP_13998,James Wu,Starter Pack,,closed-lost,2024-01-01,2024-01-30,
OPP_13999,Mike Torres,Analytics Pro,Company_251,closed-lost,2023-01-28,2023-03-14,
OPP_14000,Lisa Park,Enterprise Suite,Company_993,closed-lost,2023-04-25,2023-08-07,
OPP_14001,Ryan Osei,Starter Pack,Company_741,closed-lost,2023-10-25,2023-11-11,
OPP_14002,Priya Nair,Enterprise Suite,Company_768,closed-lost,2023-05-08,2023-08-10,
OPP_14003,Sarah Chen,Enterprise Suite,Company_102,closed-won,2024-04-11,2024-06-01,132460.75
OPP_14004,Ryan Osei,Analytics Pro,Company_21,closed-won,2023-01-19,2023-02-10,64847.63
OPP_14005,Mike Torres,Starter Pack,Company_781,closed-won,2024-07-10,2024-08-20,13935.11
OPP_14006,Sarah Chen,Starter Pack,Company_254,closed-won,2024-02-03,2024-03-19,18852.91
OPP_14007,Mike Torres,Analytics Pro,Company_146,closed-lost,2024-08-28,2024-11-09,
OPP_14008,Sarah Chen,Starter Pack,Company_980,closed-won,2023-08-28,2023-09-28,
OPP_14009,Mike Torres,Enterprise Suite,Company_753,closed-lost,2024-06-06,2024-09-10,
OPP_14010,Carlos Webb,Enterprise Suite,Company_87,closed-lost,2024-07-16,2024-10-28,
OPP_14011,James Wu,Starter Pack,Company_491,closed-lost,2023-11-01,2023-12-05,
OPP_14012,Lisa Park,Starter Pack,Company_314,closed-won,2023-03-19,2023-04-27,19935.52
OPP_14013,Carlos Webb,Analytics Pro,Company_158,closed-lost,2024-02-25,2024-04-10,
OPP_14014,James Wu,Starter Pack,Company_556,closed-won,2024-06-03,2024-07-02,23317.26
OPP_14015,Anita Rao,Enterprise Suite,Company_556,closed-lost,2024-06-17,2024-10-24,
OPP_14016,Mike Torres,Starter Pack,Company_844,closed-lost,2024-06-09,2024-07-18,
OPP_14017,Sarah Chen,Starter Pack,Company_557,closed-won,2023-01-31,2023-03-01,17871.54
OPP_14018,Anita Rao,Starter Pack,Company_523,closed-lost,2023-10-18,2023-11-12,
OPP_14019,Ryan Osei,Starter Pack,Company_1,closed-lost,2024-02-27,2024-03-21,
OPP_14020,James Wu,Starter Pack,Company_232,closed-lost,2024-02-20,2024-04-08,
OPP_14021,Ryan Osei,Analytics Pro,Company_150,closed-won,2023-08-15,2023-09-06,42403.04
OPP_14022,Carlos Webb,Enterprise Suite,Company_293,closed-lost,2023-03-24,2023-06-25,
OPP_14023,James Wu,Enterprise Suite,Company_393,closed-lost,2023-12-02,2024-02-13,
OPP_14024,Mike Torres,Analytics Pro,Company_173,closed-lost,2023-05-05,2023-07-29,
OPP_14025,Mike Torres,Starter Pack,Company_104,closed-lost,2024-05-06,2024-06-13,
OPP_14026,Anita Rao,Analytics Pro,Company_78,closed-won,2023-11-01,2024-01-18,64482.27
OPP_14027,Carlos Webb,Starter Pack,Company_369,closed-lost,2023-06-18,2023-07-21,
OPP_14028,Mike Torres,Starter Pack,Company_619,closed-won,2024-04-21,2024-05-25,13003.35
OPP_14029,Priya Nair,Starter Pack,Company_438,closed-lost,2023-12-24,2024-01-19,
OPP_14030,Carlos Webb,Enterprise Suite,Company_185,closed-won,2024-02-21,2024-05-13,171678.23
OPP_14031,Ryan Osei,Starter Pack,Company_914,closed-lost,2023-06-02,2023-07-21,
OPP_14032,Anita Rao,Enterprise Suite,,closed-lost,2023-01-20,2023-04-03,
OPP_14033,Anita Rao,Analytics Pro,Company_896,closed-lost,2024-11-07,2025-01-14,
OPP_14034,Mike Torres,Analytics Pro,Company_938,closed-won,2023-05-27,2023-06-20,56697.4
OPP_14035,Lisa Park,Enterprise Suite,,closed-won,2023-08-28,2023-12-15,221495.34
OPP_14036,Anita Rao,Enterprise Suite,Company_817,closed-lost,2024-07-14,2024-11-07,
OPP_14037,Mike Torres,Starter Pack,Company_882,closed-lost,2023-09-01,2023-10-08,
OPP_14038,Priya Nair,Enterprise Suite,Company_150,closed-lost,2024-10-31,2025-02-11,
OPP_14039,Carlos Webb,Starter Pack,Company_399,closed-won,2024-02-01,2024-03-01,17393.37
OPP_14040,Lisa Park,Enterprise Suite,Company_815,closed-lost,2024-11-03,2025-02-27,
OPP_14041,Lisa Park,Starter Pack,Company_115,closed-won,2023-03-25,2023-04-26,19404.03
OPP_14042,Ryan Osei,Enterprise Suite,Company_285,closed-lost,2023-11-05,2024-01-20,
OPP_14043,Priya Nair,Starter Pack,Company_330,closed-won,2023-10-29,2023-11-27,
OPP_14044,Priya Nair,Starter Pack,Company_785,closed-won,2024-05-08,2024-05-30,15428.41
OPP_14045,Ryan Osei,Analytics Pro,Company_326,closed-lost,2023-11-29,2024-01-09,
OPP_14046,Lisa Park,Analytics Pro,Company_492,closed-won,2024-08-05,2024-09-19,52023.26
OPP_14047,Ryan Osei,Enterprise Suite,Company_812,closed-lost,2023-08-10,2023-12-12,
OPP_14048,Carlos Webb,Starter Pack,Company_821,closed-lost,2024-02-18,2024-03-07,
OPP_14049,James Wu,Analytics Pro,Company_428,closed-lost,2023-11-08,2023-12-20,
OPP_14050,Lisa Park,Enterprise Suite,Company_546,closed-lost,2023-12-19,2024-03-31,
OPP_14051,Lisa Park,Enterprise Suite,Company_549,closed-lost,2023-10-20,2024-01-31,
OPP_14052,James Wu,Analytics Pro,Company_85,closed-won,2023-05-12,2023-07-02,53227.95
OPP_14053,Ryan Osei,Enterprise Suite,Company_591,closed-won,2024-05-19,2024-09-02,242708.86
OPP_14054,James Wu,Enterprise Suite,Company_89,closed-lost,2024-07-14,2024-10-21,
OPP_14055,James Wu,Analytics Pro,Company_2,closed-won,2023-08-30,2023-10-04,61770.86
OPP_14056,James Wu,Starter Pack,Company_371,closed-lost,2023-06-15,2023-07-15,
OPP_14057,Lisa Park,Starter Pack,Company_943,closed-won,2023-07-15,2023-08-16,19135.09
OPP_14058,Mike Torres,Starter Pack,Company_933,closed-lost,2024-08-07,2024-09-10,
OPP_14059,Carlos Webb,Analytics Pro,,closed-lost,2024-09-13,2024-10-17,
OPP_14060,Priya Nair,Analytics Pro,Company_471,closed-lost,2023-01-27,2023-03-23,
OPP_14061,Priya Nair,Enterprise Suite,Company_995,closed-lost,2024-09-03,2024-10-23,
OPP_14062,Ryan Osei,Starter Pack,Company_215,closed-won,2024-08-06,2024-08-14,15511.91
OPP_14063,James Wu,Starter Pack,Company_764,closed-lost,2023-08-12,2023-09-16,
OPP_14064,Priya Nair,Starter Pack,Company_985,closed-won,2024-08-01,2024-08-26,7500.0
OPP_14065,Priya Nair,Analytics Pro,Company_750,closed-lost,2024-05-04,2024-06-02,
OPP_14066,Sarah Chen,Enterprise Suite,Company_988,closed-lost,2024-02-16,2024-05-02,
OPP_14067,Ryan Osei,Analytics Pro,Company_55,closed-won,2024-04-18,2024-06-10,51853.51
OPP_14068,Mike Torres,Enterprise Suite,Company_595,closed-won,2023-03-13,2023-05-25,309567.17
OPP_14069,Mike Torres,Analytics Pro,Company_857,closed-won,2023-11-11,2023-12-15,33335.05
OPP_14070,Priya Nair,Starter Pack,Company_150,closed-won,2024-09-22,2024-10-22,18623.41
OPP_14071,Carlos Webb,Starter Pack,Company_80,closed-won,2024-10-10,2024-11-05,13901.56
OPP_14072,James Wu,Starter Pack,Company_12,closed-lost,2023-02-09,2023-03-20,
OPP_14073,Ryan Osei,Starter Pack,Company_783,closed-lost,2023-06-13,2023-07-20,
OPP_14074,Priya Nair,Analytics Pro,Company_761,closed-lost,2024-04-18,2024-05-10,
OPP_14075,Priya Nair,Enterprise Suite,Company_540,closed-lost,2023-11-15,2024-01-17,
OPP_14076,Anita Rao,Analytics Pro,Company_421,closed-lost,2023-08-17,2023-10-13,
OPP_14077,Carlos Webb,Analytics Pro,Company_800,closed-won,2024-03-17,2024-05-13,43462.82
OPP_14078,Sarah Chen,Analytics Pro,Company_113,closed-won,2023-07-16,2023-08-05,
OPP_14079,Priya Nair,Starter Pack,Company_902,closed-lost,2023-11-15,2023-11-25,
OPP_14080,Sarah Chen,Enterprise Suite,Company_769,closed-lost,2024-09-27,2024-12-09,
OPP_14081,Priya Nair,Enterprise Suite,Company_164,closed-lost,2024-04-06,2024-06-02,
OPP_14082,Sarah Chen,Analytics Pro,Company_852,closed-won,2023-01-11,2023-02-10,57565.59
OPP_14083,Ryan Osei,Enterprise Suite,Company_970,closed-lost,2024-03-25,2024-08-13,
OPP_14084,Lisa Park,Enterprise Suite,Company_728,closed-lost,2024-02-10,2024-05-31,
OPP_14085,Anita Rao,Enterprise Suite,Company_513,closed-lost,2023-08-02,2023-10-01,
OPP_14086,Anita Rao,Enterprise Suite,Company_232,closed-lost,2023-09-01,2023-10-14,
OPP_14087,Ryan Osei,Starter Pack,Company_278,closed-lost,2024-07-14,2024-08-26,
OPP_14088,Mike Torres,Enterprise Suite,Company_386,closed-won,2023-09-08,2023-11-29,155616.19
OPP_14089,Priya Nair,Enterprise Suite,Company_216,closed-won,2024-01-29,2024-05-20,285978.28
OPP_14090,Ryan Osei,Enterprise Suite,Company_57,closed-lost,2024-06-13,2024-09-27,
OPP_14091,James Wu,Analytics Pro,Company_188,closed-lost,2024-07-27,2024-09-15,
OPP_14092,Mike Torres,Enterprise Suite,Company_479,closed-won,2023-09-26,2023-12-21,292806.23
OPP_14093,Lisa Park,Analytics Pro,Company_668,closed-lost,2023-06-26,2023-07-25,
OPP_14094,Ryan Osei,Analytics Pro,Company_168,closed-lost,2024-01-23,2024-03-06,
OPP_14095,Sarah Chen,Analytics Pro,Company_662,closed-won,2023-11-21,2023-12-22,71877.43
OPP_14096,Ryan Osei,Starter Pack,Company_276,closed-won,2024-06-21,2024-07-19,13638.79
OPP_14097,Mike Torres,Starter Pack,Company_79,closed-lost,2023-02-24,2023-03-20,
OPP_14098,Carlos Webb,Enterprise Suite,Company_797,closed-lost,2024-07-03,2024-10-14,
OPP_14099,Carlos Webb,Starter Pack,Company_245,closed-lost,2023-10-02,2023-10-12,
OPP_14100,Anita Rao,Starter Pack,Company_554,closed-lost,2023-04-20,2023-05-15,
OPP_14101,Mike Torres,Starter Pack,Company_216,closed-won,2023-10-28,2023-12-18,
OPP_14102,Sarah Chen,Analytics Pro,Company_192,closed-won,2023-07-03,2023-08-26,56460.95
OPP_14103,James Wu,Enterprise Suite,Company_951,closed-lost,2023-11-06,2024-02-20,
OPP_14104,Sarah Chen,Starter Pack,Company_275,closed-won,2024-06-07,2024-07-02,
OPP_14105,Mike Torres,Enterprise Suite,,closed-lost,2024-07-19,2024-09-29,
OPP_14106,Sarah Chen,Enterprise Suite,,closed-won,2024-09-23,2024-12-25,312907.49
OPP_14107,Lisa Park,Starter Pack,Company_49,closed-lost,2023-10-11,2023-11-08,
OPP_14108,Carlos Webb,Starter Pack,Company_966,closed-lost,2023-01-27,2023-02-15,
OPP_14109,Anita Rao,Starter Pack,Company_365,closed-won,2023-05-02,2023-05-21,17138.84
OPP_14110,Anita Rao,Analytics Pro,Company_512,closed-lost,2023-11-21,2024-01-21,
OPP_14111,James Wu,Analytics Pro,Company_769,closed-lost,2023-06-29,2023-07-27,
OPP_14112,Ryan Osei,Enterprise Suite,Company_364,closed-lost,2024-08-12,2024-09-23,
OPP_14113,Priya Nair,Enterprise Suite,Company_690,closed-lost,2023-10-06,2024-01-17,
OPP_14114,Mike Torres,Analytics Pro,Company_417,closed-won,2023-06-06,2023-08-10,30323.54
OPP_14115,Mike Torres,Enterprise Suite,Company_826,closed-won,2023-09-21,2023-11-04,168674.31
OPP_14116,Priya Nair,Starter Pack,Company_601,closed-won,2023-04-28,2023-05-18,8868.23
OPP_14117,Ryan Osei,Analytics Pro,,closed-lost,2023-07-17,2023-08-31,
OPP_14118,Sarah Chen,Analytics Pro,Company_165,closed-lost,2024-01-15,2024-02-24,
OPP_14119,Priya Nair,Enterprise Suite,Company_474,closed-lost,2023-04-22,2023-06-23,
OPP_14120,Mike Torres,Enterprise Suite,Company_95,closed-lost,2024-05-21,2024-09-21,
OPP_14121,James Wu,Starter Pack,Company_826,closed-lost,2024-05-30,2024-07-04,
OPP_14122,Priya Nair,Enterprise Suite,Company_164,closed-lost,2023-10-10,2024-02-02,
OPP_14123,Carlos Webb,Analytics Pro,Company_804,closed-lost,2023-01-14,2023-03-10,
OPP_14124,Priya Nair,Analytics Pro,Company_297,closed-lost,2024-11-08,2024-12-28,
OPP_14125,Carlos Webb,Enterprise Suite,Company_876,closed-lost,2024-06-18,2024-10-21,
OPP_14126,Ryan Osei,Starter Pack,Company_912,closed-won,2024-06-23,2024-07-12,10580.05
OPP_14127,Ryan Osei,Starter Pack,Company_213,closed-lost,2023-05-05,2023-05-17,
OPP_14128,Mike Torres,Starter Pack,Company_580,closed-won,2024-04-08,2024-05-17,9703.3
OPP_14129,Lisa Park,Starter Pack,Company_824,closed-lost,2024-07-06,2024-07-29,
OPP_14130,Sarah Chen,Starter Pack,Company_784,closed-lost,2024-09-06,2024-10-04,
OPP_14131,Anita Rao,Enterprise Suite,Company_888,closed-lost,2024-11-18,2025-02-14,
OPP_14132,Mike Torres,Analytics Pro,Company_96,closed-won,2023-02-22,2023-03-31,55806.89
OPP_14133,Lisa Park,Analytics Pro,Company_173,closed-lost,2023-10-14,2023-12-07,
OPP_14134,Anita Rao,Starter Pack,Company_69,closed-lost,2023-04-11,2023-04-27,
OPP_14135,Anita Rao,Enterprise Suite,Company_372,closed-lost,2024-03-05,2024-06-01,
OPP_14136,Carlos Webb,Starter Pack,Company_72,closed-won,2023-11-28,2023-12-13,9683.81
OPP_14137,Priya Nair,Enterprise Suite,Company_790,closed-lost,2024-08-19,2024-12-04,
OPP_14138,Lisa Park,Analytics Pro,Company_484,closed-lost,2023-06-08,2023-07-19,
OPP_14139,Anita Rao,Analytics Pro,Company_665,closed-lost,2023-09-20,2023-12-01,
OPP_14140,Priya Nair,Starter Pack,,closed-lost,2024-11-17,2024-12-19,
OPP_14141,Lisa Park,Starter Pack,,closed-lost,2023-02-01,2023-03-06,
OPP_14142,Anita Rao,Analytics Pro,Company_418,closed-won,2024-06-17,2024-08-28,58668.97
OPP_14143,Priya Nair,Analytics Pro,Company_375,closed-won,2023-07-05,2023-09-24,64502.45
OPP_14144,Carlos Webb,Analytics Pro,Company_85,closed-won,2024-07-20,2024-09-14,49195.23
OPP_14145,Ryan Osei,Enterprise Suite,Company_460,closed-lost,2024-06-28,2024-08-13,
OPP_14146,Anita Rao,Enterprise Suite,Company_43,closed-lost,2023-01-04,2023-04-07,
OPP_14147,Sarah Chen,Enterprise Suite,Company_809,closed-won,2023-08-17,2023-11-05,296948.12
OPP_14148,James Wu,Enterprise Suite,Company_840,closed-lost,2024-05-18,2024-07-25,
OPP_14149,Sarah Chen,Starter Pack,Company_873,closed-won,2023-09-19,2023-10-04,19838.63
OPP_14150,Mike Torres,Analytics Pro,Company_384,closed-won,2023-02-22,2023-03-21,67777.97
OPP_14151,Priya Nair,Enterprise Suite,Company_408,closed-lost,2023-02-22,2023-04-12,
OPP_14152,Mike Torres,Starter Pack,Company_397,closed-lost,2023-05-17,2023-06-22,
OPP_14153,Lisa Park,Enterprise Suite,Company_95,closed-lost,2024-10-15,2024-12-06,
OPP_14154,Carlos Webb,Analytics Pro,Company_479,closed-won,2024-03-22,2024-05-13,77277.63
OPP_14155,Lisa Park,Starter Pack,Company_87,closed-lost,2023-06-13,2023-07-04,
OPP_14156,Priya Nair,Enterprise Suite,Company_110,closed-lost,2024-07-20,2024-10-05,
OPP_14157,Ryan Osei,Analytics Pro,Company_204,closed-won,2023-06-18,2023-08-16,68691.25
OPP_14158,Ryan Osei,Analytics Pro,Company_66,closed-lost,2023-05-18,2023-06-29,
OPP_14159,Carlos Webb,Analytics Pro,Company_618,closed-lost,2024-07-16,2024-09-19,
OPP_14160,Lisa Park,Starter Pack,Company_719,closed-won,2023-04-17,2023-05-25,10545.84
OPP_14161,Lisa Park,Starter Pack,,closed-won,2024-06-12,2024-07-18,14896.47
OPP_14162,Lisa Park,Starter Pack,Company_558,closed-won,2024-09-30,2024-11-07,18408.3
OPP_14163,Priya Nair,Analytics Pro,Company_149,closed-won,2023-01-17,2023-03-10,
OPP_14164,James Wu,Analytics Pro,Company_581,closed-won,2024-09-02,2024-10-21,
OPP_14165,Sarah Chen,Enterprise Suite,Company_792,closed-lost,2024-03-20,2024-07-08,
OPP_14166,Ryan Osei,Starter Pack,,closed-won,2023-11-17,2023-12-15,10821.99
OPP_14167,Carlos Webb,Analytics Pro,Company_484,closed-won,2024-07-20,2024-08-25,51438.59
OPP_14168,James Wu,Starter Pack,Company_216,closed-won,2024-07-16,2024-08-10,19764.91
OPP_14169,Sarah Chen,Enterprise Suite,Company_433,closed-lost,2024-03-27,2024-05-15,
OPP_14170,Anita Rao,Analytics Pro,Company_650,closed-lost,2024-08-21,2024-10-16,
OPP_14171,Priya Nair,Starter Pack,Company_145,closed-lost,2024-05-19,2024-06-14,
OPP_14172,Mike Torres,Analytics Pro,Company_414,closed-lost,2024-05-31,2024-07-26,
OPP_14173,Mike Torres,Analytics Pro,Company_894,closed-lost,2024-06-01,2024-07-01,
OPP_14174,Lisa Park,Analytics Pro,Company_537,closed-lost,2024-09-05,2024-10-20,
OPP_14175,James Wu,Enterprise Suite,Company_914,closed-won,2023-07-15,2023-09-14,209765.2
OPP_14176,Anita Rao,Starter Pack,Company_850,closed-lost,2024-01-26,2024-03-11,
OPP_14177,Sarah Chen,Starter Pack,Company_916,closed-won,2023-08-13,2023-09-24,15211.53
OPP_14178,Ryan Osei,Analytics Pro,Company_986,closed-won,2024-06-06,2024-07-26,64240.39
OPP_14179,Anita Rao,Starter Pack,Company_203,closed-lost,2023-03-24,2023-04-16,
OPP_14180,Carlos Webb,Analytics Pro,Company_493,closed-lost,2024-09-29,2024-11-16,
OPP_14181,Lisa Park,Enterprise Suite,Company_705,closed-lost,2023-04-27,2023-07-16,
OPP_14182,Priya Nair,Enterprise Suite,Company_447,closed-lost,2024-08-10,2024-12-27,
OPP_14183,Carlos Webb,Enterprise Suite,,closed-lost,2023-03-20,2023-07-10,
OPP_14184,Ryan Osei,Starter Pack,Company_574,closed-lost,2024-07-01,2024-07-12,
OPP_14185,James Wu,Starter Pack,Company_740,closed-lost,2023-03-29,2023-04-25,
OPP_14186,Priya Nair,Analytics Pro,Company_680,closed-won,2024-07-20,2024-09-03,61169.34
OPP_14187,Carlos Webb,Starter Pack,Company_154,closed-lost,2023-09-15,2023-10-04,
OPP_14188,Lisa Park,Starter Pack,Company_511,closed-won,2023-10-05,2023-11-04,21605.17
OPP_14189,Carlos Webb,Starter Pack,Company_811,closed-won,2023-12-19,2024-01-06,8552.42
OPP_14190,Ryan Osei,Analytics Pro,Company_533,closed-won,2024-10-12,2024-12-01,36916.26
OPP_14191,Sarah Chen,Analytics Pro,Company_965,closed-lost,2024-04-06,2024-05-09,
OPP_14192,Priya Nair,Enterprise Suite,Company_460,closed-won,2023-08-21,2023-11-09,232587.59
OPP_14193,Mike Torres,Starter Pack,Company_223,closed-lost,2023-08-19,2023-09-18,
OPP_14194,James Wu,Analytics Pro,Company_713,closed-won,2023-10-02,2023-11-30,
OPP_14195,Priya Nair,Enterprise Suite,Company_386,closed-won,2023-04-26,2023-08-18,330008.07
OPP_14196,James Wu,Analytics Pro,Company_214,closed-won,2024-03-05,2024-04-19,62556.16
OPP_14197,James Wu,Enterprise Suite,Company_590,closed-lost,2024-04-03,2024-05-09,
OPP_14198,Sarah Chen,Analytics Pro,Company_833,closed-won,2024-08-18,2024-10-11,41451.58
OPP_14199,Carlos Webb,Starter Pack,Company_309,closed-lost,2024-06-11,2024-07-18,
OPP_14200,Anita Rao,Enterprise Suite,Company_838,closed-lost,2024-03-15,2024-05-15,
OPP_14201,Mike Torres,Enterprise Suite,Company_511,closed-won,2024-07-25,2024-12-16,403995.24
OPP_14202,Lisa Park,Analytics Pro,Company_420,closed-lost,2023-09-18,2023-11-12,
OPP_14203,Carlos Webb,Analytics Pro,,closed-lost,2023-01-25,2023-02-14,
OPP_14204,Ryan Osei,Enterprise Suite,Company_997,closed-lost,2023-10-06,2023-11-22,
OPP_14205,Carlos Webb,Starter Pack,,closed-won,2024-06-24,2024-07-17,
OPP_14206,Priya Nair,Analytics Pro,Company_438,closed-won,2023-09-17,2023-10-22,42535.91
OPP_14207,Carlos Webb,Starter Pack,Company_566,closed-lost,2023-05-27,2023-06-24,
OPP_14208,Priya Nair,Enterprise Suite,Company_446,closed-lost,2023-08-21,2023-12-03,
OPP_14209,Ryan Osei,Analytics Pro,Company_865,closed-won,2023-10-10,2023-11-29,46352.82
OPP_14210,Ryan Osei,Enterprise Suite,Company_290,closed-won,2024-06-25,2024-11-06,185098.5
OPP_14211,Mike Torres,Starter Pack,Company_825,closed-won,2023-02-12,2023-03-22,14080.87
OPP_14212,Mike Torres,Starter Pack,Company_665,closed-won,2024-04-16,2024-05-27,
OPP_14213,Sarah Chen,Enterprise Suite,Company_954,closed-lost,2023-11-07,2024-01-19,
OPP_14214,Ryan Osei,Starter Pack,Company_508,closed-lost,2024-04-25,2024-05-29,
OPP_14215,Mike Torres,Enterprise Suite,Company_454,closed-lost,2023-03-28,2023-07-08,
OPP_14216,Sarah Chen,Enterprise Suite,Company_296,closed-lost,2024-04-06,2024-08-04,
OPP_14217,Ryan Osei,Starter Pack,Company_228,closed-won,2023-06-02,2023-07-05,14616.97
OPP_14218,Lisa Park,Enterprise Suite,Company_390,closed-lost,2024-10-12,2024-12-22,
OPP_14219,Mike Torres,Starter Pack,Company_876,closed-lost,2023-08-07,2023-08-26,
OPP_14220,Lisa Park,Starter Pack,Company_359,closed-won,2024-04-22,2024-05-08,28174.39
OPP_14221,Lisa Park,Analytics Pro,Company_929,closed-won,2024-03-25,2024-05-16,35599.41
OPP_14222,Ryan Osei,Starter Pack,Company_962,closed-won,2023-08-02,2023-08-21,10159.75
OPP_14223,Carlos Webb,Starter Pack,Company_519,closed-lost,2023-05-10,2023-06-18,
OPP_14224,Anita Rao,Analytics Pro,Company_900,closed-lost,2023-11-29,2024-01-02,
OPP_14225,Anita Rao,Analytics Pro,Company_858,closed-won,2024-05-18,2024-07-10,66361.07
OPP_14226,Ryan Osei,Enterprise Suite,Company_247,closed-lost,2024-03-30,2024-08-03,
OPP_14227,Sarah Chen,Analytics Pro,Company_33,closed-won,2024-03-30,2024-06-03,52744.77
OPP_14228,Sarah Chen,Starter Pack,Company_157,closed-lost,2024-04-30,2024-06-04,
OPP_14229,Carlos Webb,Enterprise Suite,Company_839,closed-lost,2024-10-26,2025-02-21,
OPP_14230,Carlos Webb,Analytics Pro,Company_174,closed-lost,2024-06-18,2024-07-28,
OPP_14231,Ryan Osei,Starter Pack,Company_569,closed-won,2024-06-02,2024-06-24,19641.64
OPP_14232,Ryan Osei,Starter Pack,Company_631,closed-lost,2024-09-17,2024-10-13,
OPP_14233,Ryan Osei,Starter Pack,Company_820,closed-won,2024-03-19,2024-04-06,12847.18
OPP_14234,Ryan Osei,Starter Pack,Company_961,closed-won,2024-05-15,2024-06-19,18146.19
OPP_14235,Ryan Osei,Enterprise Suite,Company_177,closed-lost,2023-05-27,2023-08-03,
OPP_14236,Ryan Osei,Analytics Pro,Company_529,closed-won,2024-07-21,2024-09-16,62624.15
OPP_14237,Priya Nair,Analytics Pro,Company_236,closed-won,2024-03-20,2024-04-18,56267.74
OPP_14238,Mike Torres,Enterprise Suite,Company_820,closed-won,2024-01-27,2024-05-11,313916.55
OPP_14239,Priya Nair,Enterprise Suite,Company_121,closed-lost,2024-01-11,2024-04-18,
OPP_14240,Ryan Osei,Enterprise Suite,Company_938,closed-lost,2024-05-26,2024-09-15,
OPP_14241,Anita Rao,Enterprise Suite,Company_162,closed-won,2024-09-22,2024-12-27,176147.38
OPP_14242,Carlos Webb,Starter Pack,Company_95,closed-lost,2024-11-21,2024-12-16,
OPP_14243,Mike Torres,Starter Pack,Company_447,closed-won,2024-09-30,2024-10-17,20641.87
OPP_14244,Sarah Chen,Enterprise Suite,Company_788,closed-won,2023-09-27,2024-02-02,218150.54
OPP_14245,Priya Nair,Starter Pack,Company_632,closed-lost,2024-10-02,2024-10-28,
OPP_14246,Mike Torres,Enterprise Suite,Company_391,closed-lost,2024-11-11,2025-03-08,
OPP_14247,Sarah Chen,Enterprise Suite,Company_751,closed-won,2024-03-25,2024-07-11,277428.28
OPP_14248,Priya Nair,Analytics Pro,Company_649,closed-won,2024-06-07,2024-07-22,48456.44
OPP_14249,Carlos Webb,Starter Pack,Company_245,closed-lost,2023-12-16,2024-01-16,
OPP_14250,James Wu,Analytics Pro,Company_198,closed-lost,2024-06-16,2024-07-30,
OPP_14251,James Wu,Enterprise Suite,Company_798,closed-lost,2023-05-25,2023-09-20,
OPP_14252,Ryan Osei,Analytics Pro,Company_675,closed-lost,2024-05-17,2024-06-26,
OPP_14253,Sarah Chen,Analytics Pro,Company_84,closed-won,2024-06-17,2024-08-15,55522.93
OPP_14254,Priya Nair,Enterprise Suite,Company_23,closed-lost,2024-03-11,2024-05-30,
OPP_14255,Mike Torres,Starter Pack,Company_470,closed-won,2023-12-31,2024-02-02,12556.11
OPP_14256,Mike Torres,Starter Pack,,closed-lost,2023-02-18,2023-03-25,
OPP_14257,Anita Rao,Analytics Pro,Company_916,closed-won,2024-03-22,2024-06-05,70874.1
OPP_14258,Priya Nair,Starter Pack,Company_79,closed-won,2023-05-17,2023-06-20,11447.02
OPP_14259,Lisa Park,Analytics Pro,Company_934,closed-won,2023-07-10,2023-09-10,55672.35
OPP_14260,James Wu,Analytics Pro,Company_103,closed-won,2023-03-05,2023-04-29,32230.76
OPP_14261,Lisa Park,Starter Pack,Company_423,closed-won,2023-08-22,2023-10-07,18455.1
OPP_14262,Mike Torres,Analytics Pro,Company_982,closed-lost,2023-05-17,2023-07-06,
OPP_14263,Mike Torres,Starter Pack,Company_703,closed-won,2023-07-25,2023-08-15,13176.63
OPP_14264,Ryan Osei,Analytics Pro,Company_911,closed-lost,2024-11-25,2024-12-25,
OPP_14265,Carlos Webb,Enterprise Suite,Company_930,closed-lost,2024-09-20,2024-10-19,
OPP_14266,Lisa Park,Starter Pack,Company_184,closed-lost,2024-01-19,2024-02-26,
OPP_14267,Anita Rao,Starter Pack,Company_925,closed-won,2023-06-11,2023-07-15,17480.75
OPP_14268,Priya Nair,Enterprise Suite,Company_580,closed-lost,2023-05-19,2023-08-13,
OPP_14269,Sarah Chen,Starter Pack,,closed-won,2023-10-05,2023-11-03,14371.37
OPP_14270,Carlos Webb,Analytics Pro,Company_495,closed-won,2023-01-19,2023-03-15,56702.82
OPP_14271,Sarah Chen,Starter Pack,Company_534,closed-won,2024-05-02,2024-05-22,15739.6
OPP_14272,Anita Rao,Starter Pack,Company_197,closed-won,2024-05-03,2024-06-18,18635.54
OPP_14273,Sarah Chen,Enterprise Suite,Company_23,closed-won,2024-03-27,2024-06-12,276852.61
OPP_14274,Priya Nair,Starter Pack,Company_887,closed-lost,2024-07-05,2024-07-18,
OPP_14275,Carlos Webb,Starter Pack,,closed-lost,2023-07-08,2023-07-31,
OPP_14276,James Wu,Starter Pack,Company_335,closed-won,2023-12-10,2024-01-09,10841.54
OPP_14277,Priya Nair,Starter Pack,Company_85,closed-lost,2024-10-04,2024-10-18,
OPP_14278,Priya Nair,Analytics Pro,,closed-won,2023-08-24,2023-10-09,90961.84
OPP_14279,Lisa Park,Starter Pack,Company_976,closed-lost,2023-10-23,2023-11-15,
OPP_14280,Mike Torres,Analytics Pro,Company_725,closed-won,2024-02-12,2024-04-01,67353.19
OPP_14281,Anita Rao,Analytics Pro,Company_763,closed-lost,2023-04-08,2023-06-12,
OPP_14282,Lisa Park,Analytics Pro,Company_524,closed-lost,2024-04-23,2024-06-03,
OPP_14283,Ryan Osei,Starter Pack,Company_256,closed-won,2024-03-28,2024-05-07,7500.0
OPP_14284,Priya Nair,Starter Pack,Company_703,closed-lost,2024-07-31,2024-08-29,
OPP_14285,Anita Rao,Analytics Pro,Company_105,closed-lost,2024-03-23,2024-04-28,
OPP_14286,Anita Rao,Starter Pack,Company_813,closed-won,2023-10-20,2023-11-09,21713.88
OPP_14287,James Wu,Enterprise Suite,Company_499,closed-lost,2024-10-12,2024-12-23,
OPP_14288,Ryan Osei,Analytics Pro,Company_433,closed-lost,2023-11-21,2023-12-20,
OPP_14289,Anita Rao,Analytics Pro,Company_637,closed-lost,2023-09-29,2023-10-27,
OPP_14290,Mike Torres,Enterprise Suite,Company_392,closed-lost,2023-11-12,2024-02-17,
OPP_14291,Ryan Osei,Starter Pack,Company_580,closed-lost,2024-05-18,2024-06-13,
OPP_14292,Carlos Webb,Analytics Pro,Company_919,closed-lost,2024-06-04,2024-07-22,
OPP_14293,Mike Torres,Analytics Pro,Company_171,closed-won,2024-04-25,2024-04-30,47277.01
OPP_14294,Sarah Chen,Enterprise Suite,Company_259,closed-lost,2023-09-29,2023-11-22,
OPP_14295,Ryan Osei,Analytics Pro,Company_618,closed-lost,2024-11-14,2024-12-20,
OPP_14296,Carlos Webb,Analytics Pro,Company_30,closed-lost,2024-05-10,2024-06-18,
OPP_14297,Mike Torres,Starter Pack,Company_828,closed-lost,2024-10-03,2024-10-24,
OPP_14298,Carlos Webb,Analytics Pro,Company_809,closed-won,2023-05-04,2023-06-19,64519.18
OPP_14299,Priya Nair,Analytics Pro,Company_251,closed-lost,2024-03-31,2024-04-20,
OPP_14300,Mike Torres,Starter Pack,Company_672,closed-won,2023-09-13,2023-10-09,8167.68
OPP_14301,Carlos Webb,Analytics Pro,,closed-won,2023-03-16,2023-04-21,65998.73
OPP_14302,Carlos Webb,Starter Pack,Company_9,closed-won,2024-09-21,2024-10-12,23368.76
OPP_14303,Carlos Webb,Enterprise Suite,Company_11,closed-lost,2023-01-07,2023-03-20,
OPP_14304,Carlos Webb,Starter Pack,Company_476,closed-won,2023-01-07,2023-01-28,
OPP_14305,Carlos Webb,Starter Pack,Company_575,closed-lost,2023-02-25,2023-04-08,
OPP_14306,Mike Torres,Analytics Pro,Company_290,closed-won,2024-11-29,2024-12-28,58836.66
OPP_14307,James Wu,Enterprise Suite,Company_222,closed-won,2024-05-30,2024-09-12,299276.41
OPP_14308,Mike Torres,Enterprise Suite,Company_284,closed-won,2023-04-05,2023-04-26,125000.0
OPP_14309,Mike Torres,Enterprise Suite,Company_914,closed-won,2023-12-17,2024-04-01,158459.61
OPP_14310,Ryan Osei,Enterprise Suite,Company_774,closed-lost,2024-04-19,2024-08-16,
OPP_14311,Ryan Osei,Analytics Pro,Company_832,closed-lost,2024-09-04,2024-10-27,
OPP_14312,Carlos Webb,Starter Pack,Company_201,closed-lost,2024-01-05,2024-02-02,
OPP_14313,Sarah Chen,Analytics Pro,Company_510,closed-lost,2024-11-18,2024-12-26,
OPP_14314,Sarah Chen,Analytics Pro,Company_431,closed-lost,2023-05-17,2023-06-24,
OPP_14315,Mike Torres,Starter Pack,Company_463,closed-won,2023-04-27,2023-05-31,20234.4
OPP_14316,Priya Nair,Enterprise Suite,Company_334,closed-lost,2023-10-20,2024-01-12,
OPP_14317,Ryan Osei,Starter Pack,Company_590,closed-won,2023-04-06,2023-05-03,14754.39
OPP_14318,Sarah Chen,Analytics Pro,Company_18,closed-lost,2023-05-31,2023-07-11,
OPP_14319,Sarah Chen,Analytics Pro,,closed-lost,2023-05-04,2023-06-12,
OPP_14320,Priya Nair,Analytics Pro,Company_37,closed-lost,2024-02-28,2024-04-09,
OPP_14321,Sarah Chen,Analytics Pro,Company_660,closed-won,2024-07-10,2024-08-26,27500.0
OPP_14322,Sarah Chen,Starter Pack,Company_481,closed-lost,2024-05-12,2024-06-01,
OPP_14323,Mike Torres,Analytics Pro,Company_740,closed-won,2023-04-02,2023-04-26,52208.36
OPP_14324,Anita Rao,Analytics Pro,Company_324,closed-won,2023-10-21,2023-12-03,51007.73
OPP_14325,Carlos Webb,Analytics Pro,Company_81,closed-lost,2023-08-31,2023-10-25,
OPP_14326,Carlos Webb,Analytics Pro,Company_627,closed-won,2024-07-17,2024-09-22,
OPP_14327,Sarah Chen,Analytics Pro,Company_305,closed-won,2024-06-04,2024-07-23,80555.91
OPP_14328,Lisa Park,Analytics Pro,Company_869,closed-lost,2023-01-26,2023-03-07,
OPP_14329,Mike Torres,Analytics Pro,Company_960,closed-lost,2023-11-23,2024-01-22,
OPP_14330,Mike Torres,Starter Pack,Company_229,closed-lost,2024-03-27,2024-04-30,
OPP_14331,Sarah Chen,Starter Pack,Company_142,closed-won,2024-04-24,2024-05-13,12567.09
OPP_14332,Mike Torres,Analytics Pro,Company_882,closed-lost,2023-01-25,2023-04-10,
OPP_14333,Ryan Osei,Starter Pack,Company_174,closed-won,2023-04-05,2023-05-17,31149.15
OPP_14334,Mike Torres,Starter Pack,Company_741,closed-lost,2024-07-30,2024-08-19,
OPP_14335,Carlos Webb,Enterprise Suite,Company_5,closed-lost,2023-06-29,2023-11-10,
OPP_14336,Sarah Chen,Analytics Pro,Company_904,closed-won,2024-11-08,2024-12-29,72326.08
OPP_14337,Sarah Chen,Starter Pack,Company_49,closed-won,2023-03-03,2023-04-06,
OPP_14338,Anita Rao,Starter Pack,Company_270,closed-lost,2024-02-19,2024-03-20,
OPP_14339,Carlos Webb,Enterprise Suite,Company_627,closed-lost,2023-09-10,2023-10-14,
OPP_14340,Ryan Osei,Analytics Pro,Company_715,closed-lost,2024-03-31,2024-05-19,
OPP_14341,Priya Nair,Starter Pack,Company_597,closed-lost,2023-05-31,2023-07-21,
OPP_14342,Lisa Park,Starter Pack,Company_129,closed-lost,2024-11-13,2024-12-06,
OPP_14343,Carlos Webb,Starter Pack,Company_771,closed-lost,2024-03-27,2024-05-10,
OPP_14344,Ryan Osei,Enterprise Suite,Company_457,closed-lost,2024-06-26,2024-09-03,
OPP_14345,Mike Torres,Enterprise Suite,Company_540,closed-lost,2024-09-12,2024-11-23,
OPP_14346,James Wu,Enterprise Suite,Company_489,closed-lost,2023-03-18,2023-07-14,
OPP_14347,Lisa Park,Analytics Pro,Company_329,closed-lost,2023-12-23,2024-02-06,
OPP_14348,Lisa Park,Starter Pack,Company_94,closed-lost,2024-03-11,2024-03-30,
OPP_14349,Anita Rao,Analytics Pro,Company_728,closed-won,2024-08-24,2024-10-05,62077.14
OPP_14350,Mike Torres,Analytics Pro,,closed-won,2024-05-23,2024-06-23,59065.51
OPP_14351,James Wu,Enterprise Suite,Company_662,closed-won,2024-10-17,2024-12-05,268121.3
OPP_14352,James Wu,Enterprise Suite,Company_79,closed-lost,2024-02-24,2024-06-17,
OPP_14353,Mike Torres,Analytics Pro,Company_61,closed-won,2023-11-13,2024-01-20,55470.36
OPP_14354,James Wu,Starter Pack,Company_686,closed-won,2023-11-07,2023-12-20,19542.07
OPP_14355,James Wu,Analytics Pro,Company_838,closed-won,2023-07-29,2023-09-15,
OPP_14356,Ryan Osei,Starter Pack,Company_499,closed-won,2023-12-09,2023-12-21,16282.89
OPP_14357,Mike Torres,Analytics Pro,Company_213,closed-lost,2024-07-13,2024-08-25,
OPP_14358,Carlos Webb,Analytics Pro,Company_725,closed-won,2024-06-09,2024-07-09,49664.84
OPP_14359,Lisa Park,Enterprise Suite,Company_157,closed-won,2023-03-25,2023-04-27,252781.54
OPP_14360,Mike Torres,Starter Pack,Company_224,closed-won,2024-04-02,2024-05-02,20144.25
OPP_14361,Carlos Webb,Analytics Pro,Company_998,closed-lost,2023-06-28,2023-08-22,
OPP_14362,Lisa Park,Enterprise Suite,Company_525,closed-lost,2023-01-30,2023-04-08,
OPP_14363,James Wu,Analytics Pro,Company_192,closed-lost,2024-03-09,2024-05-15,
OPP_14364,Mike Torres,Analytics Pro,Company_433,closed-lost,2024-07-28,2024-09-20,
OPP_14365,Priya Nair,Enterprise Suite,Company_314,closed-lost,2024-01-20,2024-04-28,
OPP_14366,Mike Torres,Starter Pack,Company_472,closed-won,2023-04-09,2023-04-15,16768.4
OPP_14367,Mike Torres,Enterprise Suite,,closed-lost,2023-04-24,2023-07-27,
OPP_14368,James Wu,Starter Pack,Company_915,closed-won,2024-06-29,2024-08-19,15731.53
OPP_14369,Lisa Park,Starter Pack,Company_273,closed-won,2023-11-02,2023-11-25,17445.67
OPP_14370,Sarah Chen,Analytics Pro,Company_677,closed-won,2023-10-20,2023-11-23,81364.05
OPP_14371,Lisa Park,Analytics Pro,Company_271,closed-won,2023-11-08,2024-01-01,51396.87
OPP_14372,Mike Torres,Enterprise Suite,Company_86,closed-won,2023-09-25,2023-12-26,233850.96
OPP_14373,Carlos Webb,Analytics Pro,Company_217,closed-lost,2024-02-14,2024-03-07,
OPP_14374,Priya Nair,Analytics Pro,Company_514,closed-lost,2024-11-02,2024-12-06,
OPP_14375,Ryan Osei,Enterprise Suite,Company_341,closed-lost,2024-03-30,2024-07-13,
OPP_14376,Sarah Chen,Analytics Pro,Company_279,closed-won,2023-08-17,2023-09-29,61810.53
OPP_14377,Carlos Webb,Starter Pack,Company_50,closed-won,2023-05-26,2023-06-24,10248.35
OPP_14378,Ryan Osei,Enterprise Suite,Company_950,closed-won,2023-03-12,2023-06-07,317991.09
OPP_14379,Ryan Osei,Starter Pack,Company_301,closed-lost,2024-03-09,2024-04-11,
OPP_14380,James Wu,Analytics Pro,Company_180,closed-won,2024-08-14,2024-10-14,62446.01
OPP_14381,Anita Rao,Enterprise Suite,Company_622,closed-lost,2023-04-29,2023-08-27,
OPP_14382,Lisa Park,Enterprise Suite,Company_443,closed-lost,2024-05-28,2024-07-28,
OPP_14383,Mike Torres,Enterprise Suite,Company_51,closed-lost,2024-09-19,2025-01-23,
OPP_14384,James Wu,Starter Pack,Company_224,closed-won,2023-09-15,2023-10-16,19472.97
OPP_14385,Mike Torres,Starter Pack,Company_916,closed-lost,2023-03-25,2023-05-02,
OPP_14386,Sarah Chen,Enterprise Suite,Company_272,closed-won,2024-10-15,2025-01-08,395868.72
OPP_14387,James Wu,Starter Pack,Company_544,closed-lost,2024-01-09,2024-02-08,
OPP_14388,Mike Torres,Analytics Pro,Company_231,closed-lost,2023-05-12,2023-06-22,
OPP_14389,Ryan Osei,Analytics Pro,Company_402,closed-won,2023-07-16,2023-08-28,66634.92
OPP_14390,Mike Torres,Starter Pack,Company_751,closed-won,2024-11-07,2024-11-25,
OPP_14391,Anita Rao,Analytics Pro,Company_210,closed-lost,2023-05-04,2023-05-20,
OPP_14392,Priya Nair,Starter Pack,Company_355,closed-won,2023-04-04,2023-05-09,20283.22
OPP_14393,Anita Rao,Enterprise Suite,Company_610,closed-lost,2024-01-15,2024-05-19,
OPP_14394,Anita Rao,Enterprise Suite,Company_3,closed-lost,2024-06-09,2024-06-30,
OPP_14395,Mike Torres,Starter Pack,Company_515,closed-lost,2024-07-10,2024-08-21,
OPP_14396,Lisa Park,Enterprise Suite,Company_312,closed-won,2024-07-14,2024-10-03,186318.92
OPP_14397,James Wu,Starter Pack,Company_322,closed-lost,2023-12-29,2024-01-21,
OPP_14398,Mike Torres,Starter Pack,Company_191,closed-won,2023-05-12,2023-06-04,18201.6
OPP_14399,Carlos Webb,Analytics Pro,Company_145,closed-lost,2024-02-20,2024-04-08,
OPP_14400,Sarah Chen,Enterprise Suite,Company_485,closed-won,2024-11-10,2025-01-11,217070.45
OPP_14401,Ryan Osei,Analytics Pro,Company_21,closed-won,2023-11-08,2023-12-16,33660.5
OPP_14402,Priya Nair,Analytics Pro,Company_902,closed-lost,2024-03-25,2024-04-13,
OPP_14403,Mike Torres,Starter Pack,Company_695,closed-lost,2023-07-31,2023-08-23,
OPP_14404,Sarah Chen,Enterprise Suite,Company_360,closed-lost,2023-05-02,2023-07-08,
OPP_14405,Lisa Park,Enterprise Suite,Company_1,closed-won,2024-07-13,2024-11-08,125000.0
OPP_14406,Lisa Park,Starter Pack,Company_483,closed-lost,2024-08-19,2024-09-09,
OPP_14407,Mike Torres,Starter Pack,Company_838,closed-won,2024-01-08,2024-01-25,19185.67
OPP_14408,Sarah Chen,Enterprise Suite,Company_696,closed-lost,2023-04-11,2023-05-26,
OPP_14409,Anita Rao,Starter Pack,Company_537,closed-won,2024-01-30,2024-03-20,12915.5
OPP_14410,Priya Nair,Starter Pack,Company_793,closed-won,2024-09-12,2024-10-14,16400.61
OPP_14411,Mike Torres,Starter Pack,Company_311,closed-lost,2024-07-20,2024-08-18,
OPP_14412,Carlos Webb,Analytics Pro,Company_502,closed-lost,2024-08-02,2024-09-30,
OPP_14413,Carlos Webb,Enterprise Suite,Company_263,closed-lost,2024-10-03,2025-01-09,
OPP_14414,Lisa Park,Analytics Pro,Company_373,closed-won,2024-09-15,2024-11-12,69082.73
OPP_14415,Lisa Park,Starter Pack,,closed-won,2024-03-11,2024-04-13,10042.97
OPP_14416,Carlos Webb,Analytics Pro,Company_727,closed-lost,2023-11-23,2024-01-08,
OPP_14417,Carlos Webb,Enterprise Suite,Company_793,closed-lost,2024-06-02,2024-07-08,
OPP_14418,Lisa Park,Starter Pack,Company_276,closed-lost,2024-11-30,2025-01-18,
OPP_14419,Sarah Chen,Starter Pack,Company_420,closed-won,2023-11-23,2023-12-23,16634.26
OPP_14420,James Wu,Enterprise Suite,Company_145,closed-lost,2024-04-16,2024-07-02,
OPP_14421,Carlos Webb,Analytics Pro,Company_31,closed-lost,2024-01-28,2024-03-13,
OPP_14422,James Wu,Enterprise Suite,Company_758,closed-lost,2024-02-13,2024-05-18,
OPP_14423,Ryan Osei,Analytics Pro,Company_211,closed-lost,2023-11-05,2023-12-15,
OPP_14424,Mike Torres,Starter Pack,Company_942,closed-won,2024-02-22,2024-03-20,7500.0
OPP_14425,Ryan Osei,Enterprise Suite,Company_110,closed-won,2023-08-16,2023-11-21,333107.18
OPP_14426,Anita Rao,Enterprise Suite,Company_695,closed-lost,2024-05-03,2024-07-21,
OPP_14427,Lisa Park,Enterprise Suite,Company_179,closed-lost,2023-06-06,2023-08-29,
OPP_14428,Anita Rao,Enterprise Suite,Company_357,closed-lost,2024-01-17,2024-05-16,
OPP_14429,Carlos Webb,Analytics Pro,Company_603,closed-won,2024-09-24,2024-10-22,50397.52
OPP_14430,Ryan Osei,Analytics Pro,Company_316,closed-lost,2023-07-24,2023-08-22,
OPP_14431,James Wu,Starter Pack,Company_593,closed-lost,2023-02-10,2023-03-19,
OPP_14432,Carlos Webb,Enterprise Suite,Company_125,closed-lost,2023-09-27,2024-01-19,
OPP_14433,Ryan Osei,Analytics Pro,Company_580,closed-won,2024-10-19,2024-11-29,40569.68
OPP_14434,Carlos Webb,Analytics Pro,Company_112,closed-lost,2024-02-01,2024-03-16,
OPP_14435,Sarah Chen,Analytics Pro,Company_949,closed-won,2024-01-12,2024-01-30,61518.05
OPP_14436,Priya Nair,Analytics Pro,Company_697,closed-won,2023-02-10,2023-03-26,63388.66
OPP_14437,Priya Nair,Enterprise Suite,Company_989,closed-lost,2023-01-18,2023-03-24,
OPP_14438,Anita Rao,Enterprise Suite,Company_571,closed-lost,2023-11-28,2024-03-05,
OPP_14439,Priya Nair,Analytics Pro,Company_498,closed-won,2024-06-04,2024-08-17,67024.6
OPP_14440,Anita Rao,Starter Pack,Company_818,closed-lost,2024-11-28,2025-01-18,
OPP_14441,Anita Rao,Starter Pack,Company_464,closed-lost,2023-01-02,2023-02-12,
OPP_14442,Sarah Chen,Starter Pack,Company_289,closed-lost,2024-11-09,2024-12-20,
OPP_14443,Mike Torres,Starter Pack,Company_500,closed-won,2024-08-21,2024-09-18,7500.0
OPP_14444,Anita Rao,Starter Pack,Company_440,closed-won,2023-09-29,2023-10-23,15543.92
OPP_14445,Carlos Webb,Enterprise Suite,Company_854,closed-lost,2024-08-14,2024-12-05,
OPP_14446,Sarah Chen,Starter Pack,Company_257,closed-lost,2024-03-05,2024-04-27,
OPP_14447,Priya Nair,Analytics Pro,Company_899,closed-lost,2024-06-30,2024-08-05,
OPP_14448,Anita Rao,Enterprise Suite,Company_681,closed-lost,2024-10-20,2025-01-14,
OPP_14449,Priya Nair,Starter Pack,Company_730,closed-won,2023-09-11,2023-10-08,11493.32
OPP_14450,Anita Rao,Starter Pack,Company_750,closed-lost,2023-08-08,2023-09-02,
OPP_14451,James Wu,Analytics Pro,Company_599,closed-won,2024-05-21,2024-06-25,64787.09
OPP_14452,Mike Torres,Analytics Pro,Company_224,closed-lost,2023-08-06,2023-09-07,
OPP_14453,Sarah Chen,Analytics Pro,Company_955,closed-won,2024-09-16,2024-10-16,47857.62
OPP_14454,Carlos Webb,Starter Pack,Company_831,closed-won,2024-09-27,2024-11-21,19221.21
OPP_14455,Ryan Osei,Analytics Pro,Company_408,closed-won,2023-12-21,2024-02-24,55243.1
OPP_14456,Mike Torres,Analytics Pro,Company_942,closed-lost,2024-06-19,2024-08-04,
OPP_14457,Anita Rao,Enterprise Suite,Company_318,closed-won,2023-11-23,2024-03-10,290485.13
OPP_14458,Priya Nair,Enterprise Suite,Company_446,closed-lost,2024-07-06,2024-10-09,
OPP_14459,Carlos Webb,Enterprise Suite,Company_142,closed-lost,2024-05-10,2024-08-16,
OPP_14460,James Wu,Analytics Pro,Company_138,closed-won,2024-05-09,2024-06-24,61819.72
OPP_14461,Ryan Osei,Enterprise Suite,Company_204,closed-lost,2024-09-03,2024-10-27,
OPP_14462,Anita Rao,Analytics Pro,Company_87,closed-lost,2023-06-10,2023-07-27,
OPP_14463,Anita Rao,Enterprise Suite,Company_949,closed-lost,2024-01-02,2024-04-05,
OPP_14464,Lisa Park,Enterprise Suite,Company_187,closed-lost,2023-03-09,2023-06-28,
OPP_14465,Ryan Osei,Analytics Pro,Company_98,closed-won,2023-11-16,2024-01-02,67371.6
OPP_14466,Priya Nair,Enterprise Suite,Company_452,closed-lost,2023-08-20,2023-12-01,
OPP_14467,Carlos Webb,Enterprise Suite,Company_957,closed-lost,2024-07-26,2024-10-25,
OPP_14468,Carlos Webb,Analytics Pro,Company_362,closed-lost,2023-10-25,2023-12-02,
OPP_14469,Ryan Osei,Analytics Pro,Company_430,closed-won,2023-12-30,2024-02-14,43048.9
OPP_14470,Ryan Osei,Analytics Pro,Company_28,closed-won,2023-05-13,2023-06-18,58735.68
OPP_14471,Sarah Chen,Analytics Pro,Company_90,closed-lost,2023-08-02,2023-09-01,
OPP_14472,Priya Nair,Enterprise Suite,Company_928,closed-lost,2024-07-10,2024-10-03,
OPP_14473,Anita Rao,Starter Pack,Company_594,closed-lost,2023-08-26,2023-09-28,
OPP_14474,Carlos Webb,Starter Pack,Company_635,closed-lost,2024-08-01,2024-08-24,
OPP_14475,Anita Rao,Starter Pack,Company_773,closed-lost,2023-08-10,2023-09-11,
OPP_14476,Ryan Osei,Starter Pack,Company_412,closed-lost,2023-05-09,2023-06-10,
OPP_14477,Sarah Chen,Analytics Pro,Company_826,closed-won,2023-09-27,2023-11-17,32112.38
OPP_14478,Lisa Park,Starter Pack,Company_86,closed-won,2024-01-25,2024-03-04,13244.21
OPP_14479,Sarah Chen,Analytics Pro,,closed-won,2023-08-03,2023-09-05,53047.77
OPP_14480,Mike Torres,Analytics Pro,Company_608,closed-won,2023-07-05,2023-08-10,59311.54
OPP_14481,Mike Torres,Analytics Pro,Company_579,closed-lost,2023-03-20,2023-05-20,
OPP_14482,Lisa Park,Enterprise Suite,Company_339,closed-lost,2023-03-07,2023-04-30,
OPP_14483,Sarah Chen,Starter Pack,Company_758,closed-lost,2023-08-19,2023-09-26,
OPP_14484,Sarah Chen,Enterprise Suite,,closed-lost,2023-09-07,2023-12-11,
OPP_14485,Priya Nair,Enterprise Suite,Company_758,closed-lost,2023-06-07,2023-09-08,
OPP_14486,Lisa Park,Starter Pack,Company_228,closed-lost,2023-08-26,2023-09-28,
OPP_14487,Priya Nair,Analytics Pro,Company_643,closed-lost,2024-02-03,2024-04-09,
OPP_14488,Anita Rao,Enterprise Suite,Company_959,closed-lost,2023-03-23,2023-07-10,
OPP_14489,Sarah Chen,Analytics Pro,Company_638,closed-lost,2023-09-30,2023-11-03,
OPP_14490,James Wu,Starter Pack,Company_68,closed-won,2023-12-07,2023-12-31,23159.44
OPP_14491,Sarah Chen,Starter Pack,Company_618,closed-lost,2023-03-02,2023-04-03,
OPP_14492,Mike Torres,Enterprise Suite,Company_99,closed-won,2023-11-29,2024-05-26,219393.8
OPP_14493,James Wu,Starter Pack,Company_106,closed-won,2024-07-30,2024-09-17,18459.11
OPP_14494,Lisa Park,Starter Pack,,closed-won,2023-01-22,2023-02-27,12489.46
OPP_14495,Lisa Park,Analytics Pro,Company_56,closed-lost,2023-07-23,2023-08-25,
OPP_14496,Mike Torres,Analytics Pro,Company_414,closed-lost,2024-08-31,2024-10-19,
OPP_14497,Lisa Park,Starter Pack,Company_839,closed-won,2024-08-19,2024-09-09,11811.09
OPP_14498,James Wu,Enterprise Suite,Company_266,closed-lost,2023-09-10,2023-12-30,
OPP_14499,Lisa Park,Enterprise Suite,Company_631,closed-won,2024-02-23,2024-05-03,200350.72
OPP_14500,Mike Torres,Analytics Pro,Company_149,closed-lost,2024-11-11,2024-12-04,
OPP_14501,Sarah Chen,Starter Pack,Company_145,closed-won,2023-12-09,2024-01-09,10293.53
OPP_14502,James Wu,Starter Pack,Company_523,closed-lost,2024-03-19,2024-04-20,
OPP_14503,James Wu,Analytics Pro,Company_491,closed-lost,2023-03-28,2023-05-15,
OPP_14504,Anita Rao,Analytics Pro,Company_683,closed-won,2023-03-26,2023-05-26,74956.78
OPP_14505,Mike Torres,Enterprise Suite,Company_504,closed-won,2023-10-11,2024-02-15,277244.98
OPP_14506,Carlos Webb,Enterprise Suite,Company_281,closed-lost,2024-01-23,2024-04-27,
OPP_14507,Ryan Osei,Analytics Pro,Company_714,closed-won,2024-05-02,2024-06-23,68765.66
OPP_14508,Mike Torres,Analytics Pro,Company_426,closed-lost,2023-08-28,2023-10-02,
OPP_14509,Ryan Osei,Starter Pack,Company_28,closed-won,2024-05-01,2024-05-21,18584.83
OPP_14510,Anita Rao,Analytics Pro,Company_123,closed-won,2023-10-25,2023-11-20,59857.59
OPP_14511,Ryan Osei,Starter Pack,Company_594,closed-won,2024-02-28,2024-03-15,18355.31
OPP_14512,Anita Rao,Starter Pack,Company_660,closed-lost,2023-08-10,2023-09-10,
OPP_14513,Lisa Park,Starter Pack,Company_929,closed-lost,2023-04-27,2023-05-16,
OPP_14514,Carlos Webb,Starter Pack,Company_479,closed-lost,2024-02-28,2024-04-09,
OPP_14515,Lisa Park,Analytics Pro,Company_9,closed-won,2023-10-01,2023-12-12,46068.63
OPP_14516,Priya Nair,Analytics Pro,Company_512,closed-lost,2024-02-10,2024-04-06,
OPP_14517,James Wu,Analytics Pro,Company_924,closed-lost,2024-02-04,2024-02-15,
OPP_14518,Ryan Osei,Enterprise Suite,Company_64,closed-lost,2023-02-28,2023-06-10,
OPP_14519,Priya Nair,Enterprise Suite,Company_155,closed-lost,2024-05-19,2024-09-09,
OPP_14520,Carlos Webb,Enterprise Suite,Company_736,closed-lost,2023-05-10,2023-07-12,
OPP_14521,Carlos Webb,Analytics Pro,Company_732,closed-lost,2023-10-04,2023-11-08,
OPP_14522,Priya Nair,Analytics Pro,Company_803,closed-lost,2024-04-15,2024-05-11,
OPP_14523,Anita Rao,Analytics Pro,Company_69,closed-lost,2023-09-03,2023-11-15,
OPP_14524,Lisa Park,Analytics Pro,Company_985,closed-lost,2023-10-29,2023-12-30,
OPP_14525,Lisa Park,Enterprise Suite,Company_674,closed-lost,2023-10-12,2023-12-31,
OPP_14526,Priya Nair,Enterprise Suite,Company_725,closed-lost,2024-07-09,2024-10-20,
OPP_14527,Anita Rao,Starter Pack,,closed-won,2023-05-22,2023-06-21,16972.72
OPP_14528,Carlos Webb,Enterprise Suite,Company_978,closed-lost,2023-09-12,2023-10-24,
OPP_14529,Carlos Webb,Enterprise Suite,Company_632,closed-lost,2023-09-24,2023-10-04,
OPP_14530,Ryan Osei,Starter Pack,Company_46,closed-lost,2024-06-12,2024-07-09,
OPP_14531,Sarah Chen,Enterprise Suite,Company_162,closed-lost,2024-09-07,2024-12-20,
OPP_14532,James Wu,Starter Pack,Company_681,closed-lost,2024-03-12,2024-04-15,
OPP_14533,Mike Torres,Analytics Pro,Company_956,closed-won,2024-07-14,2024-09-03,49591.76
OPP_14534,Lisa Park,Analytics Pro,Company_778,closed-lost,2023-04-24,2023-06-15,
OPP_14535,James Wu,Enterprise Suite,Company_814,closed-lost,2023-08-13,2023-11-08,
OPP_14536,James Wu,Starter Pack,Company_921,closed-won,2024-10-24,2024-12-01,17831.35
OPP_14537,Priya Nair,Enterprise Suite,Company_913,closed-lost,2024-01-15,2024-04-08,
OPP_14538,Ryan Osei,Analytics Pro,Company_944,closed-lost,2023-12-19,2024-02-16,
OPP_14539,Mike Torres,Starter Pack,Company_626,closed-won,2023-07-17,2023-08-26,19263.52
OPP_14540,Anita Rao,Starter Pack,Company_38,closed-lost,2024-10-25,2024-12-03,
OPP_14541,Mike Torres,Analytics Pro,Company_781,closed-lost,2023-10-23,2023-12-03,
OPP_14542,Carlos Webb,Enterprise Suite,Company_646,closed-lost,2023-10-08,2023-12-14,
OPP_14543,Sarah Chen,Starter Pack,Company_328,closed-won,2023-12-14,2024-01-16,17320.32
OPP_14544,Mike Torres,Enterprise Suite,Company_460,closed-lost,2023-02-16,2023-05-16,
OPP_14545,Ryan Osei,Starter Pack,Company_652,closed-lost,2024-05-29,2024-06-23,
OPP_14546,James Wu,Starter Pack,Company_258,closed-lost,2024-03-26,2024-05-12,
OPP_14547,Lisa Park,Analytics Pro,Company_695,closed-lost,2024-06-20,2024-06-27,
OPP_14548,Anita Rao,Starter Pack,Company_206,closed-lost,2023-01-04,2023-02-03,
OPP_14549,Priya Nair,Analytics Pro,Company_833,closed-lost,2023-12-21,2024-02-03,
OPP_14550,James Wu,Starter Pack,Company_596,closed-won,2023-07-15,2023-08-30,10699.69
OPP_14551,Sarah Chen,Enterprise Suite,Company_982,closed-won,2023-03-20,2023-06-08,245022.65
OPP_14552,Mike Torres,Starter Pack,Company_34,closed-won,2023-05-10,2023-06-07,15398.47
OPP_14553,Priya Nair,Starter Pack,Company_368,closed-lost,2024-09-18,2024-10-06,
OPP_14554,Ryan Osei,Enterprise Suite,Company_559,closed-lost,2023-01-25,2023-05-08,
OPP_14555,Mike Torres,Analytics Pro,Company_189,closed-lost,2024-10-11,2024-11-26,
OPP_14556,Lisa Park,Starter Pack,Company_852,closed-lost,2023-03-17,2023-04-14,
OPP_14557,James Wu,Enterprise Suite,Company_847,closed-lost,2024-10-23,2024-12-11,
OPP_14558,Lisa Park,Enterprise Suite,Company_360,closed-won,2024-05-16,2024-08-24,251206.16
OPP_14559,Carlos Webb,Enterprise Suite,Company_921,closed-lost,2024-04-10,2024-07-31,
OPP_14560,Priya Nair,Starter Pack,Company_449,closed-lost,2024-09-04,2024-09-29,
OPP_14561,Ryan Osei,Enterprise Suite,Company_385,closed-lost,2024-09-03,2025-01-11,
OPP_14562,Mike Torres,Enterprise Suite,Company_80,closed-won,2023-12-28,2024-03-01,308598.12
OPP_14563,Priya Nair,Enterprise Suite,Company_305,closed-lost,2024-09-30,2024-12-07,
OPP_14564,Mike Torres,Starter Pack,Company_510,closed-won,2023-08-07,2023-09-11,18249.67
OPP_14565,James Wu,Starter Pack,Company_615,closed-won,2023-05-09,2023-06-02,11507.89
OPP_14566,Carlos Webb,Starter Pack,Company_229,closed-lost,2023-06-14,2023-07-05,
OPP_14567,Anita Rao,Analytics Pro,Company_399,closed-lost,2023-03-21,2023-04-26,
OPP_14568,Carlos Webb,Starter Pack,Company_893,closed-won,2023-07-21,2023-08-04,14145.82
OPP_14569,Priya Nair,Analytics Pro,Company_76,closed-won,2024-03-14,2024-05-09,37324.81
OPP_14570,James Wu,Enterprise Suite,Company_954,closed-lost,2023-01-18,2023-03-24,
OPP_14571,Anita Rao,Analytics Pro,Company_633,closed-lost,2024-08-18,2024-09-22,
OPP_14572,Sarah Chen,Enterprise Suite,Company_714,closed-lost,2024-05-06,2024-09-02,
OPP_14573,Mike Torres,Enterprise Suite,Company_482,closed-lost,2024-04-23,2024-07-08,
OPP_14574,Anita Rao,Enterprise Suite,Company_30,closed-lost,2024-07-29,2024-10-16,
OPP_14575,Sarah Chen,Analytics Pro,Company_431,closed-won,2024-08-06,2024-09-26,59255.18
OPP_14576,Anita Rao,Starter Pack,Company_342,closed-won,2023-02-21,2023-03-17,17559.88
OPP_14577,Sarah Chen,Starter Pack,Company_209,closed-lost,2023-12-25,2024-01-24,
OPP_14578,Carlos Webb,Enterprise Suite,Company_934,closed-lost,2024-11-22,2025-01-05,
OPP_14579,Sarah Chen,Starter Pack,Company_505,closed-lost,2024-02-12,2024-03-03,
OPP_14580,Mike Torres,Enterprise Suite,Company_926,closed-lost,2024-05-23,2024-09-02,
OPP_14581,Sarah Chen,Analytics Pro,Company_72,closed-lost,2023-04-20,2023-06-05,
OPP_14582,Ryan Osei,Enterprise Suite,Company_757,closed-won,2023-09-25,2024-04-03,225234.13
OPP_14583,Mike Torres,Enterprise Suite,Company_490,closed-lost,2023-06-26,2023-08-31,
OPP_14584,Priya Nair,Analytics Pro,Company_740,closed-won,2024-08-19,2024-10-15,56473.89
OPP_14585,Sarah Chen,Starter Pack,Company_36,closed-won,2024-08-03,2024-08-29,7500.0
OPP_14586,Lisa Park,Enterprise Suite,Company_230,closed-lost,2024-01-30,2024-06-01,
OPP_14587,Carlos Webb,Analytics Pro,Company_489,closed-won,2023-12-22,2024-02-24,46791.72
OPP_14588,Anita Rao,Starter Pack,Company_21,closed-won,2023-08-08,2023-09-08,
OPP_14589,Sarah Chen,Starter Pack,Company_792,closed-won,2024-01-17,2024-02-11,15975.7
OPP_14590,James Wu,Enterprise Suite,Company_622,closed-won,2024-06-14,2024-09-10,324194.38
OPP_14591,Ryan Osei,Enterprise Suite,Company_700,closed-lost,2023-03-30,2023-06-13,
OPP_14592,Sarah Chen,Enterprise Suite,Company_493,closed-won,2024-07-26,2024-11-15,179116.85
OPP_14593,Sarah Chen,Analytics Pro,Company_784,closed-lost,2023-01-29,2023-02-18,
OPP_14594,Ryan Osei,Enterprise Suite,Company_128,closed-lost,2024-01-01,2024-06-03,
OPP_14595,Ryan Osei,Enterprise Suite,Company_437,closed-won,2024-10-10,2025-01-04,197322.55
OPP_14596,Priya Nair,Starter Pack,Company_448,closed-won,2023-11-01,2023-12-09,16281.8
OPP_14597,Mike Torres,Enterprise Suite,Company_925,closed-lost,2024-02-25,2024-05-21,
OPP_14598,Carlos Webb,Analytics Pro,Company_198,closed-lost,2023-11-18,2024-01-23,
OPP_14599,Carlos Webb,Analytics Pro,Company_940,closed-won,2023-07-04,2023-07-31,83132.79
OPP_14600,Sarah Chen,Starter Pack,,closed-lost,2023-11-19,2023-12-16,
OPP_14601,Mike Torres,Enterprise Suite,Company_10,closed-won,2023-06-09,2023-10-21,
OPP_14602,James Wu,Analytics Pro,,closed-lost,2024-04-09,2024-05-28,
OPP_14603,Sarah Chen,Starter Pack,Company_894,closed-won,2023-06-16,2023-07-13,7500.0
OPP_14604,James Wu,Starter Pack,Company_78,closed-lost,2024-03-17,2024-05-06,
OPP_14605,Sarah Chen,Starter Pack,Company_449,closed-won,2023-07-30,2023-08-27,25892.08
OPP_14606,Priya Nair,Analytics Pro,Company_44,closed-lost,2023-08-16,2023-10-04,
OPP_14607,Carlos Webb,Analytics Pro,Company_616,closed-lost,2024-09-22,2024-10-29,
OPP_14608,James Wu,Analytics Pro,Company_132,closed-lost,2023-06-02,2023-09-04,
OPP_14609,Ryan Osei,Analytics Pro,Company_673,closed-lost,2024-02-12,2024-03-21,
OPP_14610,Mike Torres,Enterprise Suite,Company_78,closed-lost,2024-05-09,2024-06-19,
OPP_14611,Mike Torres,Analytics Pro,Company_960,closed-lost,2023-09-16,2023-11-01,
OPP_14612,James Wu,Analytics Pro,Company_722,closed-lost,2023-09-18,2023-11-03,
OPP_14613,Carlos Webb,Starter Pack,Company_454,closed-won,2024-03-22,2024-04-18,19910.12
OPP_14614,Anita Rao,Analytics Pro,Company_798,closed-lost,2024-09-28,2024-11-25,
OPP_14615,Anita Rao,Enterprise Suite,Company_250,closed-lost,2023-02-26,2023-06-14,
OPP_14616,Anita Rao,Analytics Pro,Company_714,closed-lost,2024-01-30,2024-03-25,
OPP_14617,Mike Torres,Starter Pack,Company_354,closed-won,2024-03-18,2024-04-08,25538.16
OPP_14618,Ryan Osei,Enterprise Suite,Company_973,closed-lost,2024-07-10,2024-08-03,
OPP_14619,Lisa Park,Analytics Pro,Company_80,closed-lost,2024-01-21,2024-04-01,
OPP_14620,James Wu,Starter Pack,Company_861,closed-lost,2023-02-21,2023-03-18,
OPP_14621,James Wu,Analytics Pro,Company_759,closed-lost,2024-05-08,2024-06-23,
OPP_14622,James Wu,Starter Pack,Company_381,closed-won,2023-05-05,2023-05-21,7500.0
OPP_14623,Priya Nair,Starter Pack,Company_240,closed-won,2024-07-16,2024-08-16,10442.41
OPP_14624,Lisa Park,Enterprise Suite,Company_782,closed-lost,2024-05-06,2024-07-07,
OPP_14625,Lisa Park,Starter Pack,Company_21,closed-won,2023-08-13,2023-09-06,7500.0
OPP_14626,Lisa Park,Starter Pack,Company_276,closed-lost,2024-06-05,2024-07-19,
OPP_14627,Anita Rao,Enterprise Suite,Company_393,closed-lost,2023-12-06,2024-01-19,
OPP_14628,Anita Rao,Starter Pack,Company_61,closed-lost,2024-07-28,2024-08-29,
OPP_14629,Anita Rao,Enterprise Suite,Company_393,closed-lost,2024-05-05,2024-08-28,
OPP_14630,Lisa Park,Starter Pack,Company_883,closed-won,2023-12-28,2024-01-25,15683.53
OPP_14631,Ryan Osei,Analytics Pro,Company_454,closed-lost,2024-09-05,2024-10-16,
OPP_14632,Sarah Chen,Starter Pack,Company_210,closed-won,2023-05-09,2023-06-06,15423.99
OPP_14633,Ryan Osei,Starter Pack,,closed-won,2023-06-13,2023-06-29,11733.03
OPP_14634,Ryan Osei,Enterprise Suite,Company_53,closed-lost,2023-04-20,2023-06-04,
OPP_14635,Anita Rao,Starter Pack,Company_554,closed-won,2024-05-29,2024-07-02,9643.31
OPP_14636,Carlos Webb,Starter Pack,Company_931,closed-won,2024-04-24,2024-06-02,13423.75
OPP_14637,Carlos Webb,Analytics Pro,Company_829,closed-lost,2023-12-11,2024-02-05,
OPP_14638,James Wu,Starter Pack,Company_349,closed-won,2024-04-06,2024-05-21,21122.92
OPP_14639,Ryan Osei,Analytics Pro,Company_801,closed-won,2023-03-26,2023-04-04,50429.88
OPP_14640,Sarah Chen,Starter Pack,,closed-won,2024-09-06,2024-10-03,10643.36
OPP_14641,Ryan Osei,Enterprise Suite,Company_954,closed-lost,2024-01-29,2024-04-19,
OPP_14642,Anita Rao,Enterprise Suite,Company_474,closed-lost,2024-10-09,2024-11-25,
OPP_14643,Ryan Osei,Enterprise Suite,Company_736,closed-lost,2024-04-02,2024-06-11,
OPP_14644,Anita Rao,Starter Pack,,closed-lost,2023-01-22,2023-02-12,
OPP_14645,Ryan Osei,Analytics Pro,Company_763,closed-won,2024-02-12,2024-03-27,50421.09
OPP_14646,James Wu,Starter Pack,Company_929,closed-won,2024-09-28,2024-10-20,10665.37
OPP_14647,Sarah Chen,Analytics Pro,Company_818,closed-won,2024-07-07,2024-08-10,34879.63
OPP_14648,Anita Rao,Starter Pack,Company_255,closed-lost,2024-09-24,2024-10-24,
OPP_14649,Anita Rao,Analytics Pro,Company_584,closed-lost,2024-06-21,2024-08-02,
OPP_14650,Ryan Osei,Starter Pack,Company_630,closed-lost,2023-05-08,2023-05-18,
OPP_14651,Anita Rao,Analytics Pro,Company_275,closed-lost,2023-06-06,2023-07-09,
OPP_14652,Anita Rao,Enterprise Suite,Company_829,closed-lost,2024-02-29,2024-06-23,
OPP_14653,Sarah Chen,Starter Pack,Company_314,closed-won,2023-10-15,2023-11-27,13976.26
OPP_14654,Carlos Webb,Analytics Pro,Company_867,closed-lost,2023-11-13,2024-01-11,
OPP_14655,Priya Nair,Analytics Pro,Company_473,closed-won,2023-12-10,2024-01-25,69437.67
OPP_14656,Sarah Chen,Analytics Pro,Company_9,closed-lost,2023-01-21,2023-02-26,
OPP_14657,Lisa Park,Starter Pack,Company_989,closed-won,2024-01-29,2024-03-01,17178.42
OPP_14658,Carlos Webb,Analytics Pro,Company_653,closed-lost,2024-04-05,2024-05-24,
OPP_14659,James Wu,Analytics Pro,Company_59,closed-lost,2023-04-06,2023-04-22,
OPP_14660,Mike Torres,Analytics Pro,Company_918,closed-lost,2023-03-30,2023-05-16,
OPP_14661,Carlos Webb,Starter Pack,Company_451,closed-lost,2024-11-04,2024-12-01,
OPP_14662,Priya Nair,Analytics Pro,Company_784,closed-lost,2023-03-04,2023-04-04,
OPP_14663,Anita Rao,Analytics Pro,Company_889,closed-lost,2023-02-26,2023-04-17,
OPP_14664,Lisa Park,Starter Pack,Company_232,closed-lost,2024-04-10,2024-05-16,
OPP_14665,Priya Nair,Starter Pack,Company_892,closed-won,2023-10-28,2023-11-21,15508.67
OPP_14666,Sarah Chen,Starter Pack,,closed-won,2023-09-25,2023-10-04,22277.05
OPP_14667,Sarah Chen,Starter Pack,Company_700,closed-lost,2023-06-10,2023-07-09,
OPP_14668,Lisa Park,Enterprise Suite,Company_324,closed-lost,2024-03-05,2024-05-31,
OPP_14669,Sarah Chen,Enterprise Suite,Company_734,closed-lost,2024-01-07,2024-04-22,
OPP_14670,James Wu,Starter Pack,Company_974,closed-won,2023-12-05,2024-01-13,12625.88
OPP_14671,Anita Rao,Analytics Pro,Company_16,closed-won,2024-09-18,2024-10-21,51409.85
OPP_14672,Carlos Webb,Enterprise Suite,Company_735,closed-lost,2023-07-22,2023-10-01,
OPP_14673,Sarah Chen,Enterprise Suite,,closed-lost,2024-11-18,2025-04-14,
OPP_14674,Carlos Webb,Starter Pack,,closed-won,2023-07-08,2023-08-07,12536.73
OPP_14675,Lisa Park,Starter Pack,Company_523,closed-won,2023-11-27,2023-12-25,13240.69
OPP_14676,Mike Torres,Starter Pack,Company_208,closed-won,2023-11-19,2024-01-06,15235.52
OPP_14677,Carlos Webb,Enterprise Suite,Company_380,closed-lost,2024-04-03,2024-06-20,
OPP_14678,Ryan Osei,Starter Pack,Company_657,closed-lost,2023-11-29,2023-12-11,
OPP_14679,Ryan Osei,Analytics Pro,Company_146,closed-lost,2023-09-30,2023-11-12,
OPP_14680,Sarah Chen,Analytics Pro,Company_621,closed-lost,2024-09-01,2024-10-13,
OPP_14681,Carlos Webb,Analytics Pro,Company_998,closed-won,2024-06-17,2024-08-12,
OPP_14682,Ryan Osei,Enterprise Suite,Company_383,closed-lost,2023-06-23,2023-07-18,
OPP_14683,Lisa Park,Analytics Pro,Company_636,closed-lost,2023-11-26,2024-01-16,
OPP_14684,Sarah Chen,Starter Pack,Company_377,closed-won,2024-03-13,2024-04-04,15575.13
OPP_14685,Sarah Chen,Analytics Pro,Company_952,closed-won,2024-09-08,2024-10-08,43379.09
OPP_14686,Priya Nair,Enterprise Suite,Company_26,closed-won,2023-11-30,2024-03-08,291797.13
OPP_14687,Mike Torres,Enterprise Suite,Company_216,closed-lost,2023-12-05,2024-01-26,
OPP_14688,Carlos Webb,Enterprise Suite,Company_732,closed-lost,2023-09-11,2023-12-03,
OPP_14689,Carlos Webb,Starter Pack,Company_387,closed-won,2023-05-26,2023-06-25,13926.53
OPP_14690,Sarah Chen,Enterprise Suite,Company_743,closed-won,2023-12-08,2024-03-06,247886.29
OPP_14691,Priya Nair,Analytics Pro,Company_780,closed-won,2024-08-04,2024-09-03,51221.8
OPP_14692,Mike Torres,Starter Pack,Company_981,closed-lost,2023-12-05,2024-01-15,
OPP_14693,James Wu,Enterprise Suite,Company_515,closed-lost,2024-01-26,2024-06-13,
OPP_14694,Ryan Osei,Enterprise Suite,Company_750,closed-won,2023-06-21,2023-12-10,263882.24
OPP_14695,Mike Torres,Enterprise Suite,Company_817,closed-lost,2023-12-07,2024-04-07,
OPP_14696,Sarah Chen,Enterprise Suite,Company_483,closed-lost,2023-10-21,2024-01-09,
OPP_14697,Lisa Park,Analytics Pro,Company_275,closed-won,2024-09-09,2024-11-03,49482.05
OPP_14698,James Wu,Enterprise Suite,Company_300,closed-lost,2023-02-02,2023-04-25,
OPP_14699,James Wu,Analytics Pro,Company_248,closed-won,2023-06-29,2023-07-29,35477.88
OPP_14700,Carlos Webb,Starter Pack,Company_466,closed-won,2023-04-09,2023-04-20,8592.33
OPP_14701,Carlos Webb,Enterprise Suite,Company_995,closed-lost,2024-06-30,2024-08-12,
OPP_14702,Mike Torres,Enterprise Suite,Company_246,closed-lost,2023-03-16,2023-06-29,
OPP_14703,Lisa Park,Enterprise Suite,Company_980,closed-lost,2023-07-23,2023-09-29,
OPP_14704,Ryan Osei,Analytics Pro,Company_81,closed-lost,2023-05-13,2023-06-30,
OPP_14705,Carlos Webb,Enterprise Suite,Company_517,closed-lost,2023-08-25,2023-12-28,
OPP_14706,Mike Torres,Analytics Pro,Company_669,closed-lost,2024-03-26,2024-05-18,
OPP_14707,Lisa Park,Enterprise Suite,Company_235,closed-lost,2024-08-05,2024-10-13,
OPP_14708,Lisa Park,Analytics Pro,Company_235,closed-won,2024-03-16,2024-05-07,64408.1
OPP_14709,Priya Nair,Enterprise Suite,Company_250,closed-lost,2024-07-03,2024-10-26,
OPP_14710,Ryan Osei,Enterprise Suite,Company_598,closed-lost,2023-11-15,2024-02-09,
OPP_14711,Priya Nair,Enterprise Suite,Company_266,closed-won,2024-10-19,2025-02-10,193721.02
OPP_14712,Anita Rao,Analytics Pro,Company_321,closed-lost,2024-06-11,2024-07-03,
OPP_14713,Mike Torres,Starter Pack,Company_418,closed-won,2024-10-29,2024-11-25,17386.2
OPP_14714,Ryan Osei,Enterprise Suite,Company_151,closed-lost,2023-05-16,2023-07-25,
OPP_14715,Lisa Park,Enterprise Suite,Company_902,closed-won,2024-04-03,2024-07-27,365575.1
OPP_14716,James Wu,Starter Pack,Company_897,closed-won,2024-05-26,2024-06-19,21341.79
OPP_14717,Lisa Park,Starter Pack,,closed-won,2023-01-05,2023-02-15,16529.91
OPP_14718,Mike Torres,Analytics Pro,Company_269,closed-won,2023-01-30,2023-03-16,54948.11
OPP_14719,Lisa Park,Enterprise Suite,Company_103,closed-lost,2023-01-30,2023-04-23,
OPP_14720,Priya Nair,Starter Pack,Company_853,closed-lost,2023-10-14,2023-12-02,
OPP_14721,Ryan Osei,Starter Pack,Company_706,closed-won,2023-11-16,2023-12-15,15445.28
OPP_14722,Priya Nair,Starter Pack,Company_135,closed-lost,2023-01-25,2023-02-24,
OPP_14723,Ryan Osei,Analytics Pro,Company_362,closed-lost,2024-03-20,2024-05-09,
OPP_14724,Priya Nair,Analytics Pro,Company_713,closed-lost,2023-05-08,2023-06-23,
OPP_14725,James Wu,Enterprise Suite,Company_300,closed-won,2023-02-06,2023-04-28,286742.09
OPP_14726,Mike Torres,Analytics Pro,Company_918,closed-won,2023-09-09,2023-10-05,68753.94
OPP_14727,Carlos Webb,Enterprise Suite,Company_623,closed-lost,2023-03-02,2023-06-21,
OPP_14728,Mike Torres,Enterprise Suite,Company_46,closed-lost,2023-10-27,2024-03-08,
OPP_14729,Mike Torres,Enterprise Suite,Company_942,closed-won,2024-11-12,2025-02-19,334747.22
OPP_14730,Carlos Webb,Analytics Pro,Company_932,closed-won,2023-11-02,2024-01-08,48850.09
OPP_14731,Ryan Osei,Enterprise Suite,Company_460,closed-lost,2023-03-06,2023-07-18,
OPP_14732,Ryan Osei,Analytics Pro,Company_775,closed-won,2023-05-13,2023-06-19,49528.33
OPP_14733,Lisa Park,Enterprise Suite,Company_137,closed-lost,2024-07-01,2024-11-13,
OPP_14734,Priya Nair,Enterprise Suite,Company_784,closed-won,2023-08-10,2023-09-21,252421.49
OPP_14735,Mike Torres,Starter Pack,Company_917,closed-lost,2023-08-06,2023-09-01,
OPP_14736,Sarah Chen,Enterprise Suite,Company_607,closed-won,2023-05-27,2023-08-22,150754.23
OPP_14737,Carlos Webb,Enterprise Suite,Company_664,closed-lost,2024-04-04,2024-06-27,
OPP_14738,Lisa Park,Analytics Pro,Company_328,closed-lost,2023-11-23,2023-12-21,
OPP_14739,Lisa Park,Starter Pack,Company_520,closed-won,2024-02-13,2024-03-27,10624.09
OPP_14740,Anita Rao,Starter Pack,Company_237,closed-lost,2023-08-11,2023-09-10,
OPP_14741,Anita Rao,Analytics Pro,Company_349,closed-lost,2024-01-20,2024-01-25,
OPP_14742,Sarah Chen,Enterprise Suite,Company_530,closed-won,2024-10-04,2024-12-02,192018.83
OPP_14743,Ryan Osei,Analytics Pro,Company_330,closed-lost,2023-09-16,2023-11-12,
OPP_14744,Ryan Osei,Analytics Pro,Company_775,closed-won,2024-06-13,2024-07-29,57539.03
OPP_14745,Priya Nair,Starter Pack,Company_42,closed-won,2023-12-13,2023-12-25,7500.0
OPP_14746,James Wu,Analytics Pro,Company_531,closed-lost,2023-07-16,2023-09-13,
OPP_14747,Anita Rao,Enterprise Suite,Company_900,closed-lost,2024-11-27,2025-02-08,
OPP_14748,Carlos Webb,Starter Pack,Company_355,closed-lost,2024-11-09,2024-11-25,
OPP_14749,Anita Rao,Starter Pack,Company_121,closed-lost,2023-11-02,2023-12-05,
OPP_14750,Anita Rao,Analytics Pro,Company_498,closed-lost,2023-09-29,2023-10-18,
OPP_14751,Lisa Park,Starter Pack,Company_906,closed-won,2024-07-29,2024-08-16,22047.38
OPP_14752,Priya Nair,Analytics Pro,Company_961,closed-won,2024-03-18,2024-06-07,64657.78
OPP_14753,Anita Rao,Enterprise Suite,Company_771,closed-lost,2024-08-14,2024-10-18,
OPP_14754,Mike Torres,Starter Pack,Company_682,closed-won,2023-02-23,2023-03-18,20123.66
OPP_14755,Anita Rao,Starter Pack,Company_98,closed-lost,2024-01-12,2024-02-06,
OPP_14756,James Wu,Enterprise Suite,Company_858,closed-won,2024-03-14,2024-07-02,397771.44
OPP_14757,Priya Nair,Starter Pack,Company_612,closed-won,2024-07-05,2024-07-28,16452.9
OPP_14758,Sarah Chen,Enterprise Suite,Company_550,closed-won,2024-01-21,2024-03-23,158642.91
OPP_14759,James Wu,Starter Pack,Company_500,closed-won,2023-05-04,2023-06-14,11445.48
OPP_14760,Sarah Chen,Analytics Pro,Company_208,closed-lost,2023-05-08,2023-06-04,
OPP_14761,Anita Rao,Enterprise Suite,Company_436,closed-lost,2024-10-18,2025-02-07,
OPP_14762,Lisa Park,Enterprise Suite,Company_129,closed-lost,2023-02-25,2023-06-29,
OPP_14763,Lisa Park,Analytics Pro,Company_940,closed-lost,2023-10-05,2023-11-14,
OPP_14764,Mike Torres,Enterprise Suite,Company_723,closed-won,2023-08-04,2023-11-01,281820.73
OPP_14765,Mike Torres,Analytics Pro,Company_910,closed-lost,2024-07-24,2024-08-27,
OPP_14766,Ryan Osei,Analytics Pro,Company_269,closed-won,2024-05-16,2024-06-15,
OPP_14767,Mike Torres,Starter Pack,Company_285,closed-lost,2024-08-06,2024-08-29,
OPP_14768,Mike Torres,Analytics Pro,Company_822,closed-lost,2023-03-24,2023-04-23,
OPP_14769,Mike Torres,Enterprise Suite,Company_812,closed-lost,2024-08-04,2024-11-01,
OPP_14770,James Wu,Enterprise Suite,Company_76,closed-lost,2024-02-18,2024-05-12,
OPP_14771,Carlos Webb,Starter Pack,,closed-lost,2023-06-22,2023-08-03,
OPP_14772,Carlos Webb,Analytics Pro,Company_464,closed-lost,2023-04-14,2023-05-12,
OPP_14773,Mike Torres,Enterprise Suite,Company_704,closed-lost,2023-06-30,2023-09-16,
OPP_14774,Carlos Webb,Starter Pack,Company_443,closed-won,2023-06-14,2023-07-09,15127.2
OPP_14775,Mike Torres,Enterprise Suite,Company_813,closed-lost,2024-03-10,2024-05-26,
OPP_14776,Carlos Webb,Starter Pack,Company_861,closed-lost,2023-08-13,2023-09-22,
OPP_14777,Sarah Chen,Enterprise Suite,Company_642,closed-lost,2023-05-17,2023-07-31,
OPP_14778,Sarah Chen,Starter Pack,Company_140,closed-won,2024-06-11,2024-07-15,12862.89
OPP_14779,Ryan Osei,Starter Pack,Company_689,closed-won,2023-04-29,2023-05-27,14821.56
OPP_14780,James Wu,Analytics Pro,Company_481,closed-won,2024-02-06,2024-03-24,75978.1
OPP_14781,Priya Nair,Analytics Pro,Company_833,closed-lost,2024-02-28,2024-04-12,
OPP_14782,Priya Nair,Enterprise Suite,Company_508,closed-lost,2023-05-28,2023-10-01,
OPP_14783,Anita Rao,Starter Pack,Company_203,closed-won,2023-10-04,2023-11-10,10064.12
OPP_14784,Mike Torres,Enterprise Suite,Company_877,closed-lost,2023-02-22,2023-05-03,
OPP_14785,James Wu,Starter Pack,Company_444,closed-lost,2024-11-06,2024-11-21,
OPP_14786,Mike Torres,Analytics Pro,Company_571,closed-won,2023-10-10,2023-11-29,
OPP_14787,James Wu,Enterprise Suite,Company_182,closed-lost,2023-10-27,2023-12-13,
OPP_14788,Sarah Chen,Analytics Pro,Company_704,closed-lost,2024-01-20,2024-02-04,
OPP_14789,Anita Rao,Enterprise Suite,Company_389,closed-lost,2023-10-01,2024-02-27,
OPP_14790,James Wu,Enterprise Suite,Company_357,closed-won,2023-01-17,2023-05-08,170643.98
OPP_14791,Lisa Park,Enterprise Suite,Company_672,closed-lost,2024-08-06,2024-11-17,
OPP_14792,Priya Nair,Analytics Pro,Company_860,closed-won,2023-09-11,2023-10-08,70471.24
OPP_14793,James Wu,Analytics Pro,Company_684,closed-lost,2024-05-28,2024-07-16,
OPP_14794,Lisa Park,Analytics Pro,Company_815,closed-lost,2024-02-21,2024-03-31,
OPP_14795,Ryan Osei,Enterprise Suite,Company_365,closed-lost,2024-08-04,2024-10-24,
OPP_14796,Lisa Park,Analytics Pro,Company_98,closed-won,2023-06-07,2023-08-02,64169.3
OPP_14797,James Wu,Starter Pack,Company_986,closed-lost,2023-05-14,2023-06-29,
OPP_14798,Anita Rao,Analytics Pro,Company_992,closed-lost,2023-04-29,2023-06-27,
OPP_14799,Lisa Park,Analytics Pro,Company_253,closed-won,2023-07-08,2023-08-21,86736.56
OPP_14800,Ryan Osei,Starter Pack,Company_180,closed-won,2024-10-13,2024-11-13,22186.37
OPP_14801,Lisa Park,Analytics Pro,Company_676,closed-lost,2024-07-12,2024-09-05,
OPP_14802,Mike Torres,Analytics Pro,Company_713,closed-won,2023-01-10,2023-01-29,65878.6
OPP_14803,Ryan Osei,Enterprise Suite,Company_131,closed-lost,2023-05-04,2023-07-15,
OPP_14804,Lisa Park,Analytics Pro,Company_615,closed-won,2024-05-27,2024-06-21,51250.89
OPP_14805,Ryan Osei,Enterprise Suite,Company_240,closed-won,2024-09-28,2024-12-04,329120.78
OPP_14806,Sarah Chen,Analytics Pro,,closed-won,2023-11-11,2024-01-02,73104.55
OPP_14807,James Wu,Analytics Pro,Company_62,closed-won,2023-09-19,2023-10-30,61102.26
OPP_14808,Carlos Webb,Analytics Pro,Company_691,closed-lost,2024-01-23,2024-03-20,
OPP_14809,Carlos Webb,Analytics Pro,Company_400,closed-won,2024-05-26,2024-07-12,50352.37
OPP_14810,Lisa Park,Analytics Pro,Company_408,closed-won,2024-11-20,2025-01-30,38789.57
OPP_14811,Anita Rao,Starter Pack,,closed-lost,2023-07-28,2023-08-28,
OPP_14812,Lisa Park,Enterprise Suite,Company_224,closed-won,2023-01-05,2023-04-19,216104.97
OPP_14813,Carlos Webb,Enterprise Suite,Company_838,closed-lost,2023-11-03,2024-02-05,
OPP_14814,Sarah Chen,Analytics Pro,Company_458,closed-lost,2023-08-15,2023-09-24,
OPP_14815,Ryan Osei,Starter Pack,Company_586,closed-won,2024-10-23,2024-11-23,23409.1
OPP_14816,Priya Nair,Enterprise Suite,Company_211,closed-lost,2023-11-09,2024-02-13,
OPP_14817,Mike Torres,Enterprise Suite,Company_625,closed-won,2024-10-28,2025-01-05,227969.91
OPP_14818,Carlos Webb,Starter Pack,Company_619,closed-won,2024-10-20,2024-11-13,8511.87
OPP_14819,Sarah Chen,Enterprise Suite,Company_21,closed-lost,2024-11-10,2025-02-25,
OPP_14820,Ryan Osei,Starter Pack,Company_799,closed-lost,2023-04-09,2023-05-07,
OPP_14821,Carlos Webb,Analytics Pro,Company_785,closed-lost,2024-04-16,2024-05-12,
OPP_14822,Mike Torres,Enterprise Suite,Company_50,closed-lost,2023-08-20,2023-12-02,
OPP_14823,James Wu,Analytics Pro,Company_548,closed-lost,2023-12-24,2024-02-26,
OPP_14824,James Wu,Starter Pack,Company_858,closed-won,2024-05-20,2024-06-20,23548.53
OPP_14825,Ryan Osei,Enterprise Suite,Company_234,closed-lost,2024-10-16,2025-01-10,
OPP_14826,Anita Rao,Starter Pack,Company_932,closed-lost,2023-07-09,2023-07-19,
OPP_14827,Carlos Webb,Analytics Pro,Company_423,closed-won,2024-05-23,2024-07-23,56413.53
OPP_14828,James Wu,Enterprise Suite,Company_750,closed-lost,2024-06-25,2024-08-28,
OPP_14829,James Wu,Starter Pack,Company_36,closed-lost,2024-01-08,2024-01-29,
OPP_14830,Sarah Chen,Enterprise Suite,Company_104,closed-lost,2023-06-10,2023-09-12,
OPP_14831,Ryan Osei,Analytics Pro,Company_43,closed-lost,2024-05-25,2024-07-24,
OPP_14832,Priya Nair,Analytics Pro,Company_308,closed-won,2024-07-29,2024-08-14,38360.39
OPP_14833,Sarah Chen,Starter Pack,Company_646,closed-won,2023-09-03,2023-10-08,21013.34
OPP_14834,James Wu,Starter Pack,Company_278,closed-won,2024-04-22,2024-05-28,15380.18
OPP_14835,Mike Torres,Analytics Pro,Company_671,closed-won,2023-04-11,2023-05-31,50072.99
OPP_14836,Ryan Osei,Starter Pack,Company_837,closed-won,2024-07-14,2024-08-17,20099.17
OPP_14837,Anita Rao,Starter Pack,Company_78,closed-lost,2023-03-18,2023-04-08,
OPP_14838,Mike Torres,Enterprise Suite,Company_739,closed-won,2024-10-30,2025-02-28,360516.51
OPP_14839,Ryan Osei,Starter Pack,Company_15,closed-won,2024-06-19,2024-07-12,26476.06
OPP_14840,Priya Nair,Starter Pack,Company_753,closed-won,2024-02-16,2024-03-11,12276.88
OPP_14841,Ryan Osei,Starter Pack,Company_851,closed-won,2023-09-28,2023-10-26,14158.74
OPP_14842,Anita Rao,Analytics Pro,Company_435,closed-lost,2023-02-24,2023-04-01,
OPP_14843,Sarah Chen,Analytics Pro,Company_280,closed-won,2023-07-30,2023-09-26,40936.66
OPP_14844,Lisa Park,Starter Pack,Company_102,closed-lost,2023-07-31,2023-08-31,
OPP_14845,Anita Rao,Enterprise Suite,Company_590,closed-lost,2023-07-31,2023-11-29,
OPP_14846,Lisa Park,Analytics Pro,Company_298,closed-lost,2023-11-08,2023-12-27,
OPP_14847,Ryan Osei,Starter Pack,Company_227,closed-won,2023-11-05,2023-11-28,17070.06
OPP_14848,Ryan Osei,Enterprise Suite,Company_285,closed-lost,2023-10-27,2024-02-14,
OPP_14849,Lisa Park,Analytics Pro,Company_929,closed-lost,2024-03-11,2024-04-29,
OPP_14850,James Wu,Analytics Pro,Company_17,closed-won,2023-06-12,2023-08-15,64037.51
OPP_14851,Lisa Park,Enterprise Suite,Company_403,closed-lost,2024-05-12,2024-07-26,
OPP_14852,Carlos Webb,Enterprise Suite,Company_731,closed-won,2023-07-10,2023-09-03,
OPP_14853,Mike Torres,Analytics Pro,Company_229,closed-won,2024-06-07,2024-07-16,49307.81
OPP_14854,Sarah Chen,Analytics Pro,,closed-won,2024-08-08,2024-09-21,27500.0
OPP_14855,James Wu,Analytics Pro,Company_378,closed-lost,2023-03-15,2023-04-21,
OPP_14856,Lisa Park,Enterprise Suite,Company_111,closed-lost,2024-07-02,2024-07-28,
OPP_14857,Anita Rao,Analytics Pro,Company_147,closed-won,2024-11-06,2024-12-15,88422.32
OPP_14858,Mike Torres,Starter Pack,Company_574,closed-won,2023-05-27,2023-06-29,16022.29
OPP_14859,Priya Nair,Starter Pack,Company_885,closed-lost,2024-02-28,2024-03-25,
OPP_14860,Lisa Park,Enterprise Suite,Company_255,closed-lost,2024-01-05,2024-03-24,
OPP_14861,Mike Torres,Starter Pack,Company_412,closed-won,2023-05-11,2023-06-12,8435.35
OPP_14862,Lisa Park,Enterprise Suite,Company_740,closed-won,2023-05-13,2023-08-08,262810.49
OPP_14863,James Wu,Starter Pack,Company_785,closed-lost,2023-10-01,2023-10-22,
OPP_14864,Lisa Park,Analytics Pro,Company_421,closed-won,2023-04-18,2023-06-28,50034.22
OPP_14865,Anita Rao,Enterprise Suite,Company_345,closed-won,2023-04-14,2023-07-03,220905.5
OPP_14866,Priya Nair,Starter Pack,Company_329,closed-lost,2023-07-27,2023-08-29,
OPP_14867,Ryan Osei,Starter Pack,Company_274,closed-lost,2024-10-15,2024-11-13,
OPP_14868,James Wu,Enterprise Suite,Company_813,closed-won,2023-01-11,2023-03-20,200768.61
OPP_14869,Lisa Park,Enterprise Suite,Company_511,closed-lost,2024-06-09,2024-09-22,
OPP_14870,Carlos Webb,Enterprise Suite,Company_241,closed-lost,2024-06-05,2024-11-09,
OPP_14871,Carlos Webb,Analytics Pro,Company_725,closed-lost,2024-10-16,2024-12-22,
OPP_14872,Lisa Park,Enterprise Suite,Company_568,closed-lost,2024-06-12,2024-09-12,
OPP_14873,Mike Torres,Starter Pack,Company_435,closed-won,2023-11-30,2024-01-07,18246.27
OPP_14874,Mike Torres,Analytics Pro,Company_130,closed-lost,2023-12-21,2024-02-07,
OPP_14875,Sarah Chen,Starter Pack,Company_532,closed-lost,2023-08-17,2023-09-15,
OPP_14876,Mike Torres,Starter Pack,Company_202,closed-won,2024-01-02,2024-02-11,7500.0
OPP_14877,Lisa Park,Starter Pack,Company_39,closed-lost,2023-10-17,2023-12-04,
OPP_14878,Ryan Osei,Analytics Pro,Company_174,closed-lost,2024-02-26,2024-04-26,
OPP_14879,Lisa Park,Starter Pack,Company_766,closed-won,2024-11-08,2024-12-21,19318.91
OPP_14880,Ryan Osei,Analytics Pro,Company_9,closed-lost,2024-09-06,2024-10-26,
OPP_14881,Anita Rao,Starter Pack,Company_445,closed-won,2024-10-21,2024-11-25,20209.56
OPP_14882,Anita Rao,Enterprise Suite,Company_944,closed-won,2024-09-11,2024-12-17,
OPP_14883,Anita Rao,Enterprise Suite,Company_330,closed-lost,2023-08-06,2023-11-16,
OPP_14884,Carlos Webb,Enterprise Suite,Company_665,closed-lost,2023-08-09,2023-11-12,
OPP_14885,Priya Nair,Starter Pack,Company_297,closed-lost,2023-05-19,2023-06-13,
OPP_14886,James Wu,Enterprise Suite,Company_974,closed-lost,2023-08-25,2023-09-28,
OPP_14887,Carlos Webb,Enterprise Suite,Company_619,closed-won,2023-05-03,2023-07-25,241151.32
OPP_14888,Anita Rao,Analytics Pro,Company_473,closed-won,2023-10-31,2023-12-20,55864.34
OPP_14889,James Wu,Analytics Pro,Company_949,closed-lost,2024-06-01,2024-07-15,
OPP_14890,Priya Nair,Starter Pack,Company_536,closed-won,2023-07-30,2023-08-20,
OPP_14891,Lisa Park,Starter Pack,Company_325,closed-lost,2023-10-21,2023-11-21,
OPP_14892,Ryan Osei,Starter Pack,Company_153,closed-lost,2024-01-02,2024-02-04,
OPP_14893,Lisa Park,Starter Pack,Company_5,closed-won,2023-05-30,2023-07-02,11198.69
OPP_14894,Anita Rao,Enterprise Suite,Company_192,closed-lost,2024-11-10,2025-02-26,
OPP_14895,James Wu,Enterprise Suite,Company_96,closed-lost,2024-01-23,2024-04-14,
OPP_14896,Lisa Park,Analytics Pro,Company_96,closed-lost,2024-09-07,2024-10-21,
OPP_14897,Sarah Chen,Enterprise Suite,Company_479,closed-lost,2023-01-13,2023-02-24,
OPP_14898,Priya Nair,Starter Pack,Company_358,closed-lost,2024-06-23,2024-07-22,
OPP_14899,James Wu,Analytics Pro,Company_643,closed-won,2024-01-05,2024-02-29,51090.35
OPP_14900,Sarah Chen,Starter Pack,Company_281,closed-won,2024-05-20,2024-06-14,20189.76
OPP_14901,Anita Rao,Analytics Pro,Company_598,closed-lost,2023-03-22,2023-04-25,
OPP_14902,Anita Rao,Analytics Pro,Company_639,closed-lost,2023-11-11,2024-01-01,
OPP_14903,Ryan Osei,Analytics Pro,Company_574,closed-won,2023-01-09,2023-03-12,39368.42
OPP_14904,James Wu,Starter Pack,Company_606,closed-won,2024-11-10,2024-12-20,21119.16
OPP_14905,Priya Nair,Starter Pack,Company_748,closed-won,2023-02-25,2023-03-28,15318.45
OPP_14906,James Wu,Analytics Pro,Company_182,closed-lost,2023-07-21,2023-09-24,
OPP_14907,Anita Rao,Enterprise Suite,Company_104,closed-lost,2024-07-04,2024-12-20,
OPP_14908,Priya Nair,Enterprise Suite,Company_601,closed-lost,2023-11-08,2024-01-05,
OPP_14909,Ryan Osei,Analytics Pro,Company_589,closed-lost,2023-02-09,2023-04-01,
OPP_14910,Anita Rao,Enterprise Suite,Company_892,closed-won,2023-10-07,2023-12-18,188581.67
OPP_14911,Lisa Park,Starter Pack,Company_172,closed-won,2024-04-04,2024-05-02,20395.05
OPP_14912,Sarah Chen,Starter Pack,Company_221,closed-lost,2023-12-06,2024-01-09,
OPP_14913,Mike Torres,Enterprise Suite,Company_150,closed-lost,2023-05-30,2023-10-03,
OPP_14914,Priya Nair,Starter Pack,Company_486,closed-lost,2023-04-16,2023-05-31,
OPP_14915,Sarah Chen,Analytics Pro,Company_79,closed-lost,2024-06-08,2024-07-30,
OPP_14916,Sarah Chen,Starter Pack,Company_523,closed-lost,2024-11-30,2025-01-12,
OPP_14917,Lisa Park,Analytics Pro,Company_680,closed-won,2024-08-02,2024-09-05,33436.53
OPP_14918,Lisa Park,Analytics Pro,Company_309,closed-lost,2024-03-08,2024-05-27,
OPP_14919,Mike Torres,Starter Pack,Company_573,closed-won,2023-01-28,2023-02-06,19645.95
OPP_14920,Ryan Osei,Analytics Pro,,closed-won,2023-01-02,2023-01-12,55503.27
OPP_14921,Ryan Osei,Enterprise Suite,Company_485,closed-lost,2024-05-18,2024-09-30,
OPP_14922,Carlos Webb,Analytics Pro,Company_858,closed-lost,2024-09-18,2024-12-09,
OPP_14923,Carlos Webb,Enterprise Suite,Company_80,closed-lost,2023-09-03,2023-11-08,
OPP_14924,James Wu,Starter Pack,Company_968,closed-lost,2023-04-21,2023-05-15,
OPP_14925,Anita Rao,Enterprise Suite,Company_146,closed-lost,2023-08-27,2023-12-07,
OPP_14926,Ryan Osei,Enterprise Suite,Company_452,closed-lost,2024-11-05,2025-04-01,
OPP_14927,Lisa Park,Enterprise Suite,Company_807,closed-won,2024-08-07,2024-11-18,257824.0
OPP_14928,Anita Rao,Enterprise Suite,Company_123,closed-won,2023-03-29,2023-07-17,181657.28
OPP_14929,Ryan Osei,Enterprise Suite,Company_356,closed-lost,2023-01-30,2023-05-22,
OPP_14930,Priya Nair,Starter Pack,Company_886,closed-lost,2024-11-23,2024-12-11,
OPP_14931,Carlos Webb,Analytics Pro,Company_789,closed-lost,2024-08-30,2024-10-13,
OPP_14932,Carlos Webb,Enterprise Suite,Company_434,closed-lost,2024-05-03,2024-07-06,
OPP_14933,James Wu,Enterprise Suite,Company_573,closed-lost,2023-12-03,2024-02-03,
OPP_14934,James Wu,Analytics Pro,Company_383,closed-lost,2024-09-17,2024-11-07,
OPP_14935,Priya Nair,Enterprise Suite,Company_10,closed-lost,2023-04-07,2023-10-01,
OPP_14936,James Wu,Analytics Pro,Company_369,closed-won,2024-06-27,2024-07-26,42720.24
OPP_14937,James Wu,Starter Pack,,closed-lost,2023-06-15,2023-07-19,
OPP_14938,Anita Rao,Analytics Pro,,closed-lost,2023-04-15,2023-05-25,
OPP_14939,Carlos Webb,Analytics Pro,Company_514,closed-lost,2024-08-20,2024-10-03,
OPP_14940,Sarah Chen,Enterprise Suite,Company_279,closed-won,2023-03-04,2023-05-16,227198.91
OPP_14941,Sarah Chen,Enterprise Suite,Company_281,closed-lost,2023-08-20,2023-11-12,
OPP_14942,Lisa Park,Analytics Pro,Company_44,closed-lost,2024-08-28,2024-10-20,
OPP_14943,Anita Rao,Analytics Pro,Company_640,closed-won,2024-05-08,2024-07-12,38242.04
OPP_14944,Sarah Chen,Enterprise Suite,Company_843,closed-lost,2023-05-17,2023-08-30,
OPP_14945,Sarah Chen,Enterprise Suite,Company_949,closed-lost,2024-03-20,2024-06-23,
OPP_14946,Lisa Park,Enterprise Suite,,closed-lost,2024-11-15,2025-02-27,
OPP_14947,Lisa Park,Analytics Pro,Company_177,closed-lost,2024-01-09,2024-02-25,
OPP_14948,Lisa Park,Enterprise Suite,Company_895,closed-lost,2023-02-02,2023-05-02,
OPP_14949,Mike Torres,Starter Pack,Company_378,closed-won,2023-07-04,2023-07-23,26586.77
OPP_14950,Sarah Chen,Enterprise Suite,Company_915,closed-lost,2024-09-18,2025-02-06,
OPP_14951,Priya Nair,Enterprise Suite,Company_753,closed-lost,2024-07-01,2024-10-22,
OPP_14952,Priya Nair,Starter Pack,Company_84,closed-lost,2023-02-13,2023-03-15,
OPP_14953,Ryan Osei,Starter Pack,Company_57,closed-lost,2024-02-04,2024-03-10,
OPP_14954,Lisa Park,Enterprise Suite,,closed-lost,2023-05-11,2023-05-18,
OPP_14955,Sarah Chen,Analytics Pro,Company_99,closed-lost,2024-03-12,2024-05-01,
OPP_14956,Anita Rao,Starter Pack,Company_670,closed-lost,2023-02-15,2023-03-05,
OPP_14957,Sarah Chen,Analytics Pro,Company_857,closed-won,2024-11-11,2024-12-15,54416.16
OPP_14958,Carlos Webb,Enterprise Suite,Company_173,closed-lost,2023-10-01,2024-02-20,
OPP_14959,Carlos Webb,Enterprise Suite,Company_14,closed-won,2024-07-02,2024-10-16,245317.63
OPP_14960,Ryan Osei,Analytics Pro,Company_857,closed-lost,2024-07-28,2024-09-10,
OPP_14961,Sarah Chen,Starter Pack,Company_197,closed-won,2023-08-11,2023-09-17,22203.57
OPP_14962,Priya Nair,Enterprise Suite,Company_273,closed-lost,2024-05-31,2024-08-09,
OPP_14963,Mike Torres,Starter Pack,Company_454,closed-won,2024-07-04,2024-07-31,15492.0
OPP_14964,Sarah Chen,Analytics Pro,Company_623,closed-won,2024-05-13,2024-06-22,66041.83
OPP_14965,James Wu,Enterprise Suite,Company_517,closed-won,2024-09-19,2024-11-18,268506.09
OPP_14966,Ryan Osei,Starter Pack,Company_650,closed-lost,2024-01-01,2024-02-07,
OPP_14967,Sarah Chen,Analytics Pro,,closed-lost,2024-03-20,2024-04-20,
OPP_14968,Carlos Webb,Starter Pack,Company_349,closed-won,2023-04-19,2023-05-13,13002.18
OPP_14969,Lisa Park,Enterprise Suite,Company_856,closed-lost,2023-07-08,2023-10-27,
OPP_14970,Mike Torres,Enterprise Suite,Company_952,closed-won,2023-01-27,2023-04-06,252473.11
OPP_14971,Lisa Park,Starter Pack,Company_119,closed-won,2024-08-20,2024-09-15,14188.76
OPP_14972,Mike Torres,Starter Pack,Company_747,closed-lost,2024-06-07,2024-07-19,
OPP_14973,Mike Torres,Starter Pack,Company_325,closed-won,2024-06-21,2024-07-18,18627.99
OPP_14974,Sarah Chen,Starter Pack,Company_807,closed-lost,2023-01-30,2023-03-15,
OPP_14975,Sarah Chen,Starter Pack,Company_653,closed-won,2023-05-08,2023-06-22,17561.98
OPP_14976,Carlos Webb,Analytics Pro,Company_83,closed-won,2024-02-07,2024-03-31,62695.64
OPP_14977,James Wu,Analytics Pro,Company_857,closed-lost,2024-08-27,2024-10-02,
OPP_14978,James Wu,Enterprise Suite,Company_773,closed-lost,2024-05-07,2024-06-29,
OPP_14979,Priya Nair,Analytics Pro,Company_54,closed-lost,2023-10-22,2023-11-23,
OPP_14980,Ryan Osei,Enterprise Suite,Company_293,closed-lost,2023-10-29,2024-02-29,
OPP_14981,Priya Nair,Analytics Pro,Company_143,closed-lost,2023-03-21,2023-04-18,
OPP_14982,Carlos Webb,Analytics Pro,Company_231,closed-won,2024-10-15,2024-12-04,27500.0
OPP_14983,James Wu,Analytics Pro,Company_904,closed-lost,2024-05-04,2024-05-22,
OPP_14984,James Wu,Starter Pack,Company_302,closed-lost,2023-03-17,2023-04-05,
OPP_14985,Anita Rao,Enterprise Suite,Company_450,closed-lost,2024-09-22,2025-01-30,
OPP_14986,Anita Rao,Starter Pack,Company_501,closed-lost,2024-11-09,2024-12-15,
OPP_14987,Carlos Webb,Enterprise Suite,Company_372,closed-lost,2023-03-09,2023-04-23,
OPP_14988,Carlos Webb,Enterprise Suite,Company_535,closed-won,2024-10-27,2025-02-11,181047.84
OPP_14989,Lisa Park,Enterprise Suite,Company_703,closed-lost,2024-05-21,2024-09-14,
OPP_14990,Priya Nair,Starter Pack,Company_972,closed-lost,2023-07-07,2023-07-31,
OPP_14991,Ryan Osei,Starter Pack,Company_550,closed-lost,2023-11-03,2023-12-06,
OPP_14992,James Wu,Enterprise Suite,Company_444,closed-lost,2023-01-06,2023-03-05,
OPP_14993,Carlos Webb,Enterprise Suite,Company_830,closed-won,2024-07-12,2024-10-12,142017.9
OPP_14994,Anita Rao,Starter Pack,Company_350,closed-won,2024-10-16,2024-11-28,11659.25
OPP_14995,Anita Rao,Starter Pack,Company_525,closed-lost,2024-03-24,2024-04-18,
OPP_14996,James Wu,Analytics Pro,Company_223,closed-won,2023-04-04,2023-05-24,
OPP_14997,Lisa Park,Analytics Pro,Company_32,closed-won,2023-04-05,2023-05-01,38675.95
OPP_14998,Mike Torres,Enterprise Suite,Company_674,closed-lost,2024-07-28,2024-11-24,
OPP_14999,Priya Nair,Analytics Pro,Company_143,closed-won,2024-04-04,2024-05-02,71494.16
OPP_15000,Lisa Park,Enterprise Suite,Company_330,closed-lost,2024-05-22,2024-09-29,
OPP_15001,Carlos Webb,Enterprise Suite,,closed-lost,2023-07-28,2023-11-09,
OPP_15002,Sarah Chen,Analytics Pro,Company_718,closed-won,2024-01-28,2024-02-18,
OPP_15003,Mike Torres,Enterprise Suite,,closed-lost,2023-12-09,2024-03-07,
OPP_15004,Sarah Chen,Starter Pack,Company_431,closed-won,2024-02-28,2024-03-29,9387.95
OPP_15005,Lisa Park,Analytics Pro,Company_344,closed-won,2023-06-07,2023-07-30,36283.57
OPP_15006,Mike Torres,Starter Pack,Company_935,closed-won,2023-12-12,2024-02-21,10884.5
OPP_15007,Carlos Webb,Analytics Pro,Company_166,closed-lost,2024-07-03,2024-08-12,
OPP_15008,Lisa Park,Enterprise Suite,Company_190,closed-lost,2024-03-09,2024-05-20,
OPP_15009,Sarah Chen,Analytics Pro,Company_828,closed-won,2024-04-10,2024-06-03,70265.62
OPP_15010,Lisa Park,Enterprise Suite,Company_589,closed-lost,2023-11-18,2023-12-21,
OPP_15011,Ryan Osei,Enterprise Suite,Company_408,closed-won,2024-11-08,2025-01-31,218009.3
OPP_15012,Lisa Park,Starter Pack,Company_258,closed-lost,2023-02-04,2023-03-08,
OPP_15013,Carlos Webb,Enterprise Suite,Company_345,closed-lost,2024-05-08,2024-09-04,
OPP_15014,Lisa Park,Enterprise Suite,Company_410,closed-lost,2024-01-04,2024-03-04,
OPP_15015,Anita Rao,Starter Pack,Company_994,closed-lost,2023-06-24,2023-07-31,
OPP_15016,James Wu,Enterprise Suite,Company_110,closed-lost,2023-02-23,2023-06-11,
OPP_15017,Ryan Osei,Analytics Pro,Company_792,closed-won,2024-06-17,2024-08-17,
OPP_15018,Anita Rao,Enterprise Suite,Company_410,closed-lost,2023-07-03,2023-12-21,
OPP_15019,Sarah Chen,Starter Pack,Company_524,closed-won,2024-01-04,2024-02-11,12155.48
OPP_15020,Priya Nair,Analytics Pro,Company_907,closed-lost,2024-03-09,2024-04-13,
OPP_15021,James Wu,Enterprise Suite,Company_769,closed-won,2024-10-12,2025-01-06,206737.78
OPP_15022,Priya Nair,Starter Pack,Company_679,closed-won,2023-12-18,2024-01-12,8318.34
OPP_15023,Carlos Webb,Starter Pack,Company_993,closed-won,2023-10-27,2023-11-25,17947.22
OPP_15024,Mike Torres,Analytics Pro,Company_811,closed-won,2024-01-13,2024-03-19,70615.9
OPP_15025,Priya Nair,Analytics Pro,,closed-lost,2024-05-06,2024-06-25,
OPP_15026,Ryan Osei,Starter Pack,Company_471,closed-lost,2023-11-24,2024-01-05,
OPP_15027,Sarah Chen,Enterprise Suite,Company_151,closed-won,2024-10-01,2025-02-02,194870.18
OPP_15028,James Wu,Starter Pack,Company_308,closed-won,2024-07-14,2024-08-15,19692.98
OPP_15029,Anita Rao,Starter Pack,Company_189,closed-lost,2024-08-26,2024-09-21,
OPP_15030,James Wu,Starter Pack,Company_447,closed-won,2024-09-27,2024-10-24,15718.69
OPP_15031,Mike Torres,Enterprise Suite,Company_250,closed-lost,2024-03-26,2024-06-21,
OPP_15032,Priya Nair,Enterprise Suite,Company_568,closed-won,2024-01-05,2024-04-11,206626.36
OPP_15033,Carlos Webb,Starter Pack,Company_488,closed-lost,2023-07-22,2023-08-26,
OPP_15034,Priya Nair,Analytics Pro,Company_102,closed-won,2023-04-28,2023-05-13,44197.56
OPP_15035,Lisa Park,Enterprise Suite,Company_703,closed-won,2024-11-01,2025-02-25,317139.83
OPP_15036,Ryan Osei,Enterprise Suite,Company_217,closed-won,2023-05-15,2023-09-11,395817.94
OPP_15037,Lisa Park,Enterprise Suite,Company_385,closed-won,2023-07-28,2023-11-01,218734.71
OPP_15038,Lisa Park,Enterprise Suite,Company_248,closed-lost,2024-05-20,2024-08-16,
OPP_15039,Mike Torres,Analytics Pro,Company_131,closed-won,2023-04-05,2023-05-04,58497.73
OPP_15040,Carlos Webb,Starter Pack,Company_409,closed-won,2023-03-18,2023-03-29,10942.3
OPP_15041,Carlos Webb,Analytics Pro,Company_839,closed-lost,2023-07-14,2023-09-01,
OPP_15042,Ryan Osei,Enterprise Suite,Company_403,closed-lost,2023-05-21,2023-09-10,
OPP_15043,Mike Torres,Analytics Pro,Company_500,closed-lost,2023-08-24,2023-09-25,
OPP_15044,Sarah Chen,Starter Pack,Company_906,closed-lost,2024-10-25,2024-11-09,
OPP_15045,Priya Nair,Starter Pack,Company_377,closed-won,2023-06-15,2023-07-19,7626.23
OPP_15046,Carlos Webb,Analytics Pro,Company_513,closed-won,2023-09-23,2023-11-14,54407.25
OPP_15047,Sarah Chen,Enterprise Suite,Company_613,closed-lost,2023-10-05,2023-11-25,
OPP_15048,Ryan Osei,Starter Pack,Company_661,closed-won,2024-05-31,2024-07-05,21646.82
OPP_15049,James Wu,Starter Pack,Company_511,closed-won,2024-05-18,2024-06-13,14167.55
OPP_15050,James Wu,Starter Pack,Company_216,closed-won,2024-01-18,2024-01-30,9901.32
OPP_15051,Anita Rao,Analytics Pro,Company_95,closed-lost,2024-10-12,2024-12-16,
OPP_15052,Carlos Webb,Analytics Pro,Company_669,closed-won,2023-05-07,2023-06-20,66582.44
OPP_15053,Priya Nair,Analytics Pro,Company_154,closed-lost,2024-04-26,2024-06-02,
OPP_15054,Anita Rao,Analytics Pro,,closed-lost,2023-11-10,2024-01-05,
OPP_15055,Lisa Park,Starter Pack,Company_267,closed-lost,2024-04-04,2024-04-28,
OPP_15056,Ryan Osei,Starter Pack,Company_167,closed-won,2023-09-05,2023-09-29,12232.8
OPP_15057,Ryan Osei,Enterprise Suite,Company_529,closed-lost,2023-04-05,2023-07-05,
OPP_15058,Mike Torres,Analytics Pro,Company_825,closed-won,2024-01-17,2024-03-03,52242.0
OPP_15059,Mike Torres,Analytics Pro,Company_702,closed-lost,2023-02-18,2023-04-29,
OPP_15060,Mike Torres,Enterprise Suite,,closed-lost,2023-08-05,2023-10-18,
OPP_15061,Ryan Osei,Starter Pack,Company_164,closed-won,2023-04-06,2023-05-01,17225.64
OPP_15062,Carlos Webb,Starter Pack,Company_588,closed-won,2024-01-27,2024-03-05,17440.06
OPP_15063,Ryan Osei,Enterprise Suite,Company_465,closed-lost,2024-10-09,2024-12-10,
OPP_15064,Sarah Chen,Analytics Pro,Company_669,closed-won,2023-03-10,2023-04-12,48077.3
OPP_15065,Ryan Osei,Analytics Pro,Company_789,closed-lost,2023-04-02,2023-06-21,
OPP_15066,Sarah Chen,Analytics Pro,Company_435,closed-lost,2023-03-17,2023-05-22,
OPP_15067,Anita Rao,Enterprise Suite,Company_649,closed-lost,2023-01-24,2023-05-05,
OPP_15068,Mike Torres,Enterprise Suite,Company_826,closed-won,2024-09-15,2024-12-01,234910.47
OPP_15069,Lisa Park,Enterprise Suite,Company_381,closed-lost,2023-08-15,2023-11-06,
OPP_15070,Lisa Park,Enterprise Suite,Company_343,closed-lost,2023-10-15,2023-12-31,
OPP_15071,Carlos Webb,Starter Pack,Company_804,closed-won,2024-08-25,2024-09-25,15428.37
OPP_15072,Priya Nair,Analytics Pro,Company_544,closed-lost,2024-08-07,2024-09-30,
OPP_15073,Ryan Osei,Enterprise Suite,Company_81,closed-lost,2023-03-04,2023-05-10,
OPP_15074,Priya Nair,Starter Pack,Company_345,closed-won,2023-05-06,2023-05-11,10683.18
OPP_15075,Anita Rao,Starter Pack,Company_527,closed-won,2024-05-10,2024-06-15,8881.14
OPP_15076,Lisa Park,Analytics Pro,Company_49,closed-lost,2023-08-29,2023-10-20,
OPP_15077,Lisa Park,Analytics Pro,Company_40,closed-won,2023-04-16,2023-05-18,45432.57
OPP_15078,Mike Torres,Analytics Pro,Company_471,closed-lost,2023-02-11,2023-03-31,
OPP_15079,Carlos Webb,Starter Pack,Company_910,closed-lost,2024-01-19,2024-02-17,
OPP_15080,Carlos Webb,Analytics Pro,Company_435,closed-lost,2023-02-02,2023-03-17,
OPP_15081,Carlos Webb,Enterprise Suite,Company_303,closed-lost,2023-09-23,2023-12-31,
OPP_15082,Sarah Chen,Enterprise Suite,Company_273,closed-won,2024-02-17,2024-04-06,355223.21
OPP_15083,Priya Nair,Analytics Pro,Company_365,closed-won,2024-11-02,2024-12-07,52146.77
OPP_15084,Ryan Osei,Starter Pack,Company_457,closed-won,2023-06-05,2023-07-06,7500.0
OPP_15085,Carlos Webb,Analytics Pro,Company_651,closed-lost,2023-01-01,2023-02-03,
OPP_15086,Sarah Chen,Enterprise Suite,Company_114,closed-won,2024-02-19,2024-05-22,441349.87
OPP_15087,Carlos Webb,Enterprise Suite,Company_37,closed-lost,2023-08-04,2023-10-16,
OPP_15088,Ryan Osei,Starter Pack,Company_179,closed-won,2023-03-20,2023-04-16,10117.54
OPP_15089,Mike Torres,Enterprise Suite,Company_96,closed-lost,2023-04-22,2023-07-16,
OPP_15090,Priya Nair,Enterprise Suite,Company_148,closed-lost,2023-06-10,2023-08-26,
OPP_15091,Lisa Park,Analytics Pro,Company_914,closed-lost,2024-03-17,2024-05-04,
OPP_15092,Anita Rao,Analytics Pro,Company_995,closed-lost,2024-08-11,2024-09-12,
OPP_15093,Lisa Park,Enterprise Suite,Company_632,closed-lost,2023-04-04,2023-08-21,
OPP_15094,James Wu,Enterprise Suite,Company_840,closed-won,2023-01-09,2023-05-19,216768.06
OPP_15095,Lisa Park,Starter Pack,Company_78,closed-lost,2023-11-07,2023-12-08,
OPP_15096,Carlos Webb,Analytics Pro,Company_39,closed-lost,2024-07-09,2024-08-24,
OPP_15097,Priya Nair,Enterprise Suite,Company_741,closed-won,2023-12-21,2024-04-20,414718.86
OPP_15098,Mike Torres,Analytics Pro,Company_524,closed-lost,2024-10-28,2024-12-26,
OPP_15099,Mike Torres,Analytics Pro,Company_949,closed-lost,2024-06-13,2024-08-05,
OPP_15100,Anita Rao,Analytics Pro,Company_410,closed-lost,2024-07-11,2024-08-18,
OPP_15101,Sarah Chen,Starter Pack,Company_973,closed-lost,2023-02-11,2023-03-03,
OPP_15102,Anita Rao,Enterprise Suite,Company_668,closed-lost,2024-08-08,2024-09-09,
OPP_15103,Mike Torres,Analytics Pro,,closed-lost,2023-12-09,2024-01-31,
OPP_15104,Mike Torres,Starter Pack,Company_584,closed-lost,2024-01-22,2024-02-09,
OPP_15105,Anita Rao,Analytics Pro,Company_630,closed-lost,2023-08-19,2023-09-25,
OPP_15106,James Wu,Enterprise Suite,Company_818,closed-lost,2023-07-20,2023-11-22,
OPP_15107,Sarah Chen,Analytics Pro,Company_587,closed-won,2023-02-05,2023-03-19,41127.4
OPP_15108,Lisa Park,Starter Pack,Company_778,closed-lost,2024-08-01,2024-08-08,
OPP_15109,Ryan Osei,Analytics Pro,Company_764,closed-won,2023-08-16,2023-10-18,52250.25
OPP_15110,Priya Nair,Analytics Pro,Company_513,closed-lost,2024-09-26,2024-11-20,
OPP_15111,Sarah Chen,Enterprise Suite,Company_408,closed-lost,2024-08-09,2024-10-23,
OPP_15112,Priya Nair,Enterprise Suite,Company_291,closed-lost,2024-02-04,2024-04-07,
OPP_15113,Anita Rao,Starter Pack,Company_416,closed-won,2024-01-10,2024-02-04,15809.33
OPP_15114,James Wu,Starter Pack,Company_800,closed-lost,2023-05-03,2023-06-08,
OPP_15115,Ryan Osei,Enterprise Suite,Company_132,closed-won,2024-06-02,2024-08-15,188582.6
OPP_15116,Anita Rao,Analytics Pro,Company_473,closed-won,2024-03-08,2024-03-26,58913.46
OPP_15117,Carlos Webb,Starter Pack,Company_226,closed-won,2023-04-08,2023-05-10,12331.9
OPP_15118,James Wu,Starter Pack,Company_726,closed-won,2023-07-19,2023-08-15,
OPP_15119,Carlos Webb,Starter Pack,Company_65,closed-won,2024-06-29,2024-07-27,19742.77
OPP_15120,Anita Rao,Enterprise Suite,Company_729,closed-lost,2024-02-08,2024-06-23,
OPP_15121,Lisa Park,Enterprise Suite,Company_430,closed-won,2023-10-16,2023-12-04,380078.24
OPP_15122,Carlos Webb,Enterprise Suite,Company_398,closed-lost,2023-09-29,2024-01-15,
OPP_15123,Lisa Park,Enterprise Suite,Company_12,closed-lost,2024-08-08,2024-10-11,
OPP_15124,Carlos Webb,Analytics Pro,Company_327,closed-lost,2024-01-12,2024-02-12,
OPP_15125,Carlos Webb,Analytics Pro,Company_155,closed-won,2024-05-13,2024-06-21,63714.1
OPP_15126,Lisa Park,Enterprise Suite,Company_510,closed-lost,2023-01-15,2023-03-23,
OPP_15127,James Wu,Enterprise Suite,,closed-lost,2024-06-15,2024-09-13,
OPP_15128,Priya Nair,Enterprise Suite,,closed-lost,2023-03-05,2023-06-20,
OPP_15129,Anita Rao,Analytics Pro,Company_33,closed-lost,2024-08-01,2024-09-18,
OPP_15130,Mike Torres,Enterprise Suite,Company_498,closed-won,2024-11-16,2025-02-12,384868.74
OPP_15131,Carlos Webb,Starter Pack,Company_212,closed-lost,2024-06-08,2024-07-10,
OPP_15132,Carlos Webb,Analytics Pro,Company_298,closed-won,2024-07-29,2024-09-18,42577.93
OPP_15133,Carlos Webb,Analytics Pro,Company_690,closed-lost,2023-09-16,2023-10-20,
OPP_15134,Lisa Park,Starter Pack,Company_159,closed-won,2023-02-28,2023-04-10,14383.79
OPP_15135,Priya Nair,Enterprise Suite,Company_360,closed-lost,2024-07-11,2024-11-13,
OPP_15136,Ryan Osei,Analytics Pro,Company_783,closed-won,2024-01-03,2024-02-02,45133.05
OPP_15137,Sarah Chen,Analytics Pro,Company_569,closed-won,2023-01-21,2023-03-20,65123.84
OPP_15138,Lisa Park,Starter Pack,Company_384,closed-lost,2023-02-12,2023-03-27,
OPP_15139,Priya Nair,Analytics Pro,Company_621,closed-won,2023-12-11,2024-01-13,61621.2
OPP_15140,Mike Torres,Starter Pack,Company_405,closed-won,2024-02-12,2024-03-25,
OPP_15141,James Wu,Starter Pack,Company_113,closed-lost,2024-09-25,2024-10-20,
OPP_15142,Anita Rao,Starter Pack,Company_885,closed-lost,2024-01-11,2024-02-13,
OPP_15143,Priya Nair,Enterprise Suite,Company_410,closed-lost,2023-04-03,2023-06-24,
OPP_15144,Ryan Osei,Analytics Pro,Company_769,closed-lost,2024-07-17,2024-09-17,
OPP_15145,James Wu,Analytics Pro,Company_922,closed-won,2023-05-20,2023-06-25,67812.99
OPP_15146,Anita Rao,Analytics Pro,Company_788,closed-lost,2023-10-02,2023-11-18,
OPP_15147,Carlos Webb,Enterprise Suite,Company_108,closed-lost,2023-03-04,2023-05-23,
OPP_15148,Carlos Webb,Enterprise Suite,Company_548,closed-lost,2024-08-29,2024-11-08,
OPP_15149,Ryan Osei,Starter Pack,Company_879,closed-lost,2023-09-29,2023-10-18,
OPP_15150,Ryan Osei,Analytics Pro,,closed-won,2023-07-27,2023-09-05,96748.53
OPP_15151,Lisa Park,Analytics Pro,Company_845,closed-lost,2023-08-07,2023-08-19,
OPP_15152,Lisa Park,Starter Pack,Company_946,closed-lost,2023-09-08,2023-10-29,
OPP_15153,Priya Nair,Analytics Pro,Company_295,closed-lost,2023-07-15,2023-08-02,
OPP_15154,Sarah Chen,Enterprise Suite,Company_849,closed-lost,2023-03-31,2023-08-05,
OPP_15155,Carlos Webb,Analytics Pro,Company_671,closed-won,2023-04-20,2023-05-07,47097.31
OPP_15156,Priya Nair,Enterprise Suite,Company_929,closed-lost,2024-04-30,2024-08-04,
OPP_15157,Mike Torres,Analytics Pro,Company_594,closed-won,2024-07-25,2024-09-18,52765.43
OPP_15158,Ryan Osei,Analytics Pro,Company_420,closed-lost,2024-02-23,2024-03-30,
OPP_15159,James Wu,Enterprise Suite,Company_29,closed-lost,2024-04-05,2024-08-03,
OPP_15160,James Wu,Starter Pack,Company_624,closed-won,2024-06-10,2024-07-10,17671.57
OPP_15161,Mike Torres,Enterprise Suite,Company_584,closed-lost,2023-01-11,2023-03-31,
OPP_15162,Ryan Osei,Starter Pack,Company_332,closed-lost,2024-03-20,2024-04-17,
OPP_15163,James Wu,Starter Pack,Company_582,closed-lost,2024-05-19,2024-06-09,
OPP_15164,Lisa Park,Enterprise Suite,Company_93,closed-lost,2023-04-28,2023-08-21,
OPP_15165,Carlos Webb,Starter Pack,Company_760,closed-lost,2024-06-09,2024-06-18,
OPP_15166,Ryan Osei,Enterprise Suite,Company_523,closed-lost,2023-06-21,2023-10-17,
OPP_15167,James Wu,Starter Pack,Company_468,closed-lost,2023-01-24,2023-02-25,
OPP_15168,Carlos Webb,Enterprise Suite,Company_895,closed-lost,2024-09-20,2024-11-06,
OPP_15169,James Wu,Starter Pack,Company_483,closed-lost,2023-11-03,2023-12-07,
OPP_15170,James Wu,Analytics Pro,Company_135,closed-lost,2023-12-12,2024-02-02,
OPP_15171,Anita Rao,Starter Pack,Company_915,closed-won,2023-04-28,2023-05-31,11546.56
OPP_15172,Sarah Chen,Starter Pack,Company_591,closed-lost,2023-07-13,2023-07-24,
OPP_15173,Lisa Park,Analytics Pro,Company_250,closed-lost,2024-03-01,2024-04-23,
OPP_15174,Lisa Park,Starter Pack,Company_815,closed-lost,2024-02-10,2024-03-26,
OPP_15175,Priya Nair,Analytics Pro,Company_512,closed-lost,2023-04-30,2023-07-04,
OPP_15176,Mike Torres,Enterprise Suite,Company_857,closed-won,2023-07-02,2023-11-01,278252.8
OPP_15177,Carlos Webb,Starter Pack,Company_250,closed-won,2023-04-12,2023-05-04,14640.49
OPP_15178,Lisa Park,Enterprise Suite,Company_985,closed-lost,2024-09-09,2024-12-18,
OPP_15179,Mike Torres,Starter Pack,Company_766,closed-lost,2023-08-26,2023-09-29,
OPP_15180,Sarah Chen,Enterprise Suite,Company_693,closed-won,2023-12-01,2024-04-13,387972.37
OPP_15181,Ryan Osei,Enterprise Suite,Company_481,closed-won,2024-03-13,2024-04-04,393011.11
OPP_15182,Ryan Osei,Starter Pack,Company_801,closed-won,2023-05-12,2023-06-15,13955.27
OPP_15183,Ryan Osei,Analytics Pro,Company_904,closed-won,2023-04-04,2023-04-20,49848.87
OPP_15184,Mike Torres,Enterprise Suite,Company_795,closed-won,2023-08-06,2023-11-18,158506.3
OPP_15185,Sarah Chen,Analytics Pro,Company_492,closed-lost,2024-11-11,2024-12-19,
OPP_15186,Sarah Chen,Analytics Pro,Company_831,closed-won,2023-05-01,2023-06-21,27500.0
OPP_15187,Ryan Osei,Enterprise Suite,Company_787,closed-lost,2024-07-13,2024-08-23,
OPP_15188,Sarah Chen,Analytics Pro,Company_409,closed-won,2024-04-15,2024-05-15,55112.54
OPP_15189,Lisa Park,Analytics Pro,Company_806,closed-won,2023-02-28,2023-04-30,68677.0
OPP_15190,Mike Torres,Starter Pack,Company_149,closed-won,2024-07-27,2024-09-14,23452.02
OPP_15191,Anita Rao,Enterprise Suite,Company_771,closed-won,2024-10-15,2025-01-10,228974.89
OPP_15192,Mike Torres,Enterprise Suite,Company_173,closed-lost,2023-05-09,2023-08-01,
OPP_15193,Carlos Webb,Analytics Pro,Company_672,closed-lost,2023-08-23,2023-09-24,
OPP_15194,Carlos Webb,Starter Pack,Company_934,closed-won,2024-08-08,2024-09-04,16863.96
OPP_15195,James Wu,Analytics Pro,Company_215,closed-won,2024-07-07,2024-09-03,68085.55
OPP_15196,Anita Rao,Starter Pack,Company_337,closed-lost,2023-04-21,2023-05-26,
OPP_15197,Mike Torres,Analytics Pro,Company_920,closed-lost,2024-05-11,2024-06-27,
OPP_15198,Lisa Park,Starter Pack,Company_775,closed-lost,2024-07-24,2024-09-04,
OPP_15199,Anita Rao,Analytics Pro,Company_302,closed-won,2024-07-21,2024-09-10,66485.23
OPP_15200,Lisa Park,Analytics Pro,Company_806,closed-won,2024-09-03,2024-10-19,40875.63
OPP_15201,Lisa Park,Enterprise Suite,,closed-lost,2023-08-28,2023-11-10,
OPP_15202,Anita Rao,Enterprise Suite,Company_36,closed-lost,2024-10-01,2024-12-30,
OPP_15203,Priya Nair,Starter Pack,Company_534,closed-lost,2023-09-14,2023-10-07,
OPP_15204,Anita Rao,Starter Pack,Company_226,closed-lost,2023-04-22,2023-05-29,
OPP_15205,Carlos Webb,Enterprise Suite,Company_371,closed-lost,2024-08-08,2024-10-12,
OPP_15206,Anita Rao,Analytics Pro,Company_967,closed-won,2024-01-12,2024-02-06,73631.5
OPP_15207,Priya Nair,Enterprise Suite,Company_649,closed-lost,2023-08-28,2024-02-17,
OPP_15208,Anita Rao,Analytics Pro,Company_730,closed-lost,2024-06-21,2024-07-20,
OPP_15209,Lisa Park,Enterprise Suite,Company_301,closed-won,2024-11-11,2025-01-29,272484.79
OPP_15210,Priya Nair,Enterprise Suite,Company_824,closed-lost,2024-08-14,2024-09-21,
OPP_15211,Priya Nair,Starter Pack,Company_622,closed-lost,2024-06-17,2024-07-24,
OPP_15212,Anita Rao,Analytics Pro,Company_263,closed-won,2024-08-28,2024-10-03,56771.22
OPP_15213,James Wu,Starter Pack,Company_871,closed-won,2023-08-13,2023-09-08,13031.3
OPP_15214,James Wu,Enterprise Suite,Company_310,closed-lost,2024-09-24,2024-12-15,
OPP_15215,Priya Nair,Enterprise Suite,Company_12,closed-lost,2023-07-11,2023-10-23,
OPP_15216,Anita Rao,Analytics Pro,Company_738,closed-lost,2023-12-12,2024-01-29,
OPP_15217,Ryan Osei,Analytics Pro,Company_633,closed-lost,2024-05-18,2024-07-05,
OPP_15218,Priya Nair,Analytics Pro,Company_659,closed-lost,2024-01-14,2024-02-12,
OPP_15219,Priya Nair,Enterprise Suite,Company_873,closed-won,2024-01-27,2024-05-21,243333.48
OPP_15220,Carlos Webb,Enterprise Suite,Company_383,closed-lost,2024-01-14,2024-04-30,
OPP_15221,Ryan Osei,Analytics Pro,Company_663,closed-won,2024-05-23,2024-07-06,84202.33
OPP_15222,Priya Nair,Enterprise Suite,Company_493,closed-won,2024-06-21,2024-08-22,245778.92
OPP_15223,Priya Nair,Analytics Pro,Company_918,closed-won,2023-10-31,2023-11-17,62313.37
OPP_15224,Ryan Osei,Starter Pack,Company_684,closed-lost,2023-03-22,2023-04-24,
OPP_15225,Mike Torres,Analytics Pro,Company_230,closed-won,2023-05-29,2023-07-20,62392.86
OPP_15226,Anita Rao,Starter Pack,Company_229,closed-lost,2023-01-30,2023-03-05,
OPP_15227,Priya Nair,Analytics Pro,Company_623,closed-lost,2024-04-19,2024-05-24,
OPP_15228,Mike Torres,Enterprise Suite,Company_201,closed-won,2024-04-21,2024-06-24,386673.42
OPP_15229,Carlos Webb,Analytics Pro,Company_470,closed-won,2023-08-06,2023-09-30,
OPP_15230,Sarah Chen,Enterprise Suite,Company_866,closed-won,2024-05-05,2024-08-02,372361.1
OPP_15231,James Wu,Enterprise Suite,Company_207,closed-lost,2023-11-11,2023-12-29,
OPP_15232,Carlos Webb,Enterprise Suite,Company_33,closed-lost,2023-02-11,2023-06-12,
OPP_15233,Ryan Osei,Enterprise Suite,Company_101,closed-lost,2024-01-07,2024-03-15,
OPP_15234,Carlos Webb,Enterprise Suite,Company_68,closed-lost,2023-04-30,2023-09-15,
OPP_15235,Anita Rao,Enterprise Suite,Company_984,closed-lost,2023-09-19,2023-12-18,
OPP_15236,Mike Torres,Starter Pack,Company_457,closed-won,2024-06-08,2024-07-03,27375.42
OPP_15237,James Wu,Starter Pack,,closed-lost,2024-04-09,2024-05-20,
OPP_15238,Priya Nair,Enterprise Suite,Company_958,closed-lost,2023-07-16,2023-09-06,
OPP_15239,James Wu,Starter Pack,Company_706,closed-won,2024-06-21,2024-07-25,15466.83
OPP_15240,Lisa Park,Starter Pack,Company_41,closed-lost,2024-06-20,2024-08-05,
OPP_15241,Anita Rao,Enterprise Suite,Company_284,closed-won,2023-07-21,2023-10-24,
OPP_15242,Mike Torres,Enterprise Suite,Company_194,closed-lost,2023-08-10,2023-11-29,
OPP_15243,Mike Torres,Starter Pack,Company_535,closed-won,2024-07-05,2024-08-09,9452.35
OPP_15244,Anita Rao,Starter Pack,Company_212,closed-won,2024-09-23,2024-10-30,11445.41
OPP_15245,James Wu,Starter Pack,Company_599,closed-lost,2024-10-28,2024-11-10,
OPP_15246,Lisa Park,Analytics Pro,Company_100,closed-lost,2023-11-14,2023-12-03,
OPP_15247,Sarah Chen,Analytics Pro,Company_808,closed-won,2023-05-04,2023-06-05,69234.13
OPP_15248,Mike Torres,Starter Pack,Company_489,closed-won,2024-06-08,2024-06-18,14394.4
OPP_15249,Mike Torres,Analytics Pro,Company_85,closed-lost,2023-10-07,2023-11-08,
OPP_15250,Lisa Park,Starter Pack,Company_102,closed-lost,2024-02-10,2024-02-23,
OPP_15251,James Wu,Enterprise Suite,Company_498,closed-lost,2023-02-14,2023-03-30,
OPP_15252,Anita Rao,Enterprise Suite,Company_9,closed-won,2023-04-29,2023-07-08,157618.81
OPP_15253,Ryan Osei,Starter Pack,Company_737,closed-won,2024-04-29,2024-05-31,12105.57
OPP_15254,Lisa Park,Enterprise Suite,Company_199,closed-lost,2024-11-20,2025-01-13,
OPP_15255,Lisa Park,Starter Pack,Company_257,closed-lost,2024-05-08,2024-06-22,
OPP_15256,Ryan Osei,Enterprise Suite,Company_277,closed-lost,2023-02-24,2023-05-18,
OPP_15257,Lisa Park,Enterprise Suite,Company_180,closed-lost,2023-11-10,2024-03-12,
OPP_15258,Carlos Webb,Enterprise Suite,Company_494,closed-lost,2024-04-07,2024-06-06,
OPP_15259,Anita Rao,Enterprise Suite,,closed-lost,2024-09-25,2024-12-18,
OPP_15260,Anita Rao,Enterprise Suite,Company_254,closed-won,2023-10-13,2024-01-12,125000.0
OPP_15261,Carlos Webb,Analytics Pro,Company_694,closed-lost,2024-06-19,2024-07-26,
OPP_15262,Anita Rao,Enterprise Suite,Company_450,closed-lost,2024-09-28,2024-12-26,
OPP_15263,Mike Torres,Starter Pack,Company_499,closed-won,2024-07-23,2024-08-15,18350.84
OPP_15264,Sarah Chen,Analytics Pro,Company_914,closed-lost,2024-10-15,2024-12-08,
OPP_15265,Lisa Park,Analytics Pro,,closed-lost,2024-03-28,2024-06-03,
OPP_15266,Priya Nair,Starter Pack,Company_778,closed-lost,2023-06-13,2023-07-07,
OPP_15267,Ryan Osei,Enterprise Suite,Company_311,closed-won,2024-07-31,2024-12-08,155376.95
OPP_15268,Mike Torres,Analytics Pro,Company_350,closed-lost,2024-11-07,2024-12-23,
OPP_15269,Priya Nair,Starter Pack,Company_797,closed-lost,2023-10-29,2023-12-04,
OPP_15270,Mike Torres,Starter Pack,Company_218,closed-won,2024-07-23,2024-08-27,10471.33
OPP_15271,Anita Rao,Enterprise Suite,Company_312,closed-lost,2024-02-29,2024-05-17,
OPP_15272,Carlos Webb,Enterprise Suite,Company_483,closed-won,2024-02-06,2024-03-30,182980.67
OPP_15273,Mike Torres,Enterprise Suite,Company_307,closed-won,2023-01-27,2023-05-19,232570.5
OPP_15274,James Wu,Enterprise Suite,Company_688,closed-lost,2023-08-15,2023-12-05,
OPP_15275,Priya Nair,Analytics Pro,Company_160,closed-lost,2024-11-22,2025-01-14,
OPP_15276,James Wu,Analytics Pro,Company_804,closed-lost,2023-09-03,2023-10-18,
OPP_15277,Priya Nair,Starter Pack,Company_624,closed-lost,2023-05-03,2023-06-07,
OPP_15278,Priya Nair,Analytics Pro,Company_979,closed-lost,2023-10-15,2023-11-18,
OPP_15279,Lisa Park,Enterprise Suite,Company_609,closed-lost,2024-11-28,2024-12-03,
OPP_15280,Ryan Osei,Enterprise Suite,Company_275,closed-lost,2024-01-24,2024-04-28,
OPP_15281,James Wu,Analytics Pro,Company_483,closed-lost,2023-09-17,2023-10-12,
OPP_15282,Anita Rao,Analytics Pro,Company_148,closed-won,2023-04-16,2023-05-27,27500.0
OPP_15283,Anita Rao,Analytics Pro,Company_744,closed-lost,2023-02-15,2023-03-29,
OPP_15284,Carlos Webb,Enterprise Suite,Company_322,closed-lost,2024-07-31,2024-10-11,
OPP_15285,Lisa Park,Analytics Pro,Company_435,closed-lost,2024-06-11,2024-07-19,
OPP_15286,Ryan Osei,Analytics Pro,Company_5,closed-lost,2024-11-20,2024-12-21,
OPP_15287,Ryan Osei,Starter Pack,Company_991,closed-won,2023-12-29,2024-01-26,
OPP_15288,Ryan Osei,Analytics Pro,Company_661,closed-lost,2024-08-12,2024-09-21,
OPP_15289,Priya Nair,Analytics Pro,Company_785,closed-lost,2023-11-06,2023-12-18,
OPP_15290,Anita Rao,Starter Pack,Company_838,closed-won,2024-06-19,2024-07-26,11494.18
OPP_15291,James Wu,Starter Pack,Company_677,closed-won,2023-05-26,2023-06-13,16059.5
OPP_15292,Anita Rao,Analytics Pro,Company_852,closed-won,2023-10-29,2023-12-23,91386.44
OPP_15293,Carlos Webb,Starter Pack,Company_329,closed-won,2023-04-10,2023-04-30,17944.2
OPP_15294,Ryan Osei,Analytics Pro,Company_333,closed-lost,2024-04-24,2024-05-30,
OPP_15295,James Wu,Starter Pack,Company_632,closed-won,2024-03-27,2024-04-12,20257.0
OPP_15296,Lisa Park,Analytics Pro,Company_109,closed-lost,2023-08-31,2023-10-21,
OPP_15297,Mike Torres,Starter Pack,Company_164,closed-won,2024-08-30,2024-09-26,18468.46
OPP_15298,Carlos Webb,Enterprise Suite,Company_491,closed-lost,2023-11-13,2024-01-22,
OPP_15299,Lisa Park,Starter Pack,Company_799,closed-lost,2024-01-31,2024-02-17,
OPP_15300,Ryan Osei,Enterprise Suite,Company_982,closed-won,2023-11-24,2024-03-29,150831.46
OPP_15301,Lisa Park,Starter Pack,Company_286,closed-won,2023-06-24,2023-07-23,11540.35
OPP_15302,Ryan Osei,Starter Pack,Company_103,closed-lost,2024-07-21,2024-09-06,
OPP_15303,Sarah Chen,Enterprise Suite,Company_350,closed-lost,2023-04-15,2023-06-12,
OPP_15304,Anita Rao,Enterprise Suite,Company_378,closed-lost,2023-09-24,2023-12-15,
OPP_15305,Lisa Park,Analytics Pro,Company_113,closed-lost,2023-05-07,2023-06-14,
OPP_15306,Lisa Park,Starter Pack,Company_901,closed-won,2023-05-29,2023-07-02,11296.88
OPP_15307,Mike Torres,Analytics Pro,Company_793,closed-won,2023-03-04,2023-04-07,42721.83
OPP_15308,Ryan Osei,Starter Pack,Company_894,closed-won,2024-09-03,2024-10-17,13593.86
OPP_15309,Priya Nair,Enterprise Suite,Company_306,closed-won,2024-09-18,2024-11-24,298334.2
OPP_15310,James Wu,Enterprise Suite,Company_90,closed-lost,2024-09-18,2024-11-30,
OPP_15311,Lisa Park,Starter Pack,Company_335,closed-won,2023-08-04,2023-08-26,9834.86
OPP_15312,Anita Rao,Enterprise Suite,Company_543,closed-lost,2024-10-23,2025-01-22,
OPP_15313,Anita Rao,Enterprise Suite,,closed-lost,2023-11-29,2024-01-30,
OPP_15314,Priya Nair,Starter Pack,Company_891,closed-won,2024-07-19,2024-09-04,7500.0
OPP_15315,Carlos Webb,Analytics Pro,Company_926,closed-lost,2023-08-04,2023-10-02,
OPP_15316,Lisa Park,Enterprise Suite,Company_905,closed-lost,2024-10-04,2025-02-06,
OPP_15317,James Wu,Starter Pack,Company_328,closed-won,2023-06-23,2023-07-26,18772.99
OPP_15318,Lisa Park,Starter Pack,Company_471,closed-won,2024-02-01,2024-03-02,7500.0
OPP_15319,Carlos Webb,Analytics Pro,Company_203,closed-lost,2023-06-12,2023-08-08,
OPP_15320,Anita Rao,Analytics Pro,Company_618,closed-lost,2024-07-23,2024-09-13,
OPP_15321,Sarah Chen,Starter Pack,Company_122,closed-won,2023-09-02,2023-09-30,16899.13
OPP_15322,Ryan Osei,Analytics Pro,Company_405,closed-won,2024-04-21,2024-06-08,71349.07
OPP_15323,Lisa Park,Starter Pack,Company_851,closed-won,2023-02-11,2023-03-07,15116.27
OPP_15324,Sarah Chen,Enterprise Suite,Company_382,closed-lost,2023-08-23,2023-11-23,
OPP_15325,Sarah Chen,Enterprise Suite,Company_447,closed-won,2024-09-12,2024-10-23,308259.05
OPP_15326,Sarah Chen,Enterprise Suite,Company_894,closed-lost,2024-09-07,2025-01-11,
OPP_15327,Carlos Webb,Enterprise Suite,,closed-lost,2024-04-14,2024-07-15,
OPP_15328,Anita Rao,Enterprise Suite,,closed-lost,2024-09-20,2024-11-21,
OPP_15329,Mike Torres,Enterprise Suite,Company_77,closed-lost,2023-06-09,2023-09-03,
OPP_15330,Mike Torres,Enterprise Suite,Company_799,closed-lost,2024-11-28,2025-01-30,
OPP_15331,Mike Torres,Enterprise Suite,Company_162,closed-won,2024-07-08,2024-10-28,257791.92
OPP_15332,Mike Torres,Enterprise Suite,Company_944,closed-won,2023-09-22,2024-01-14,125000.0
OPP_15333,Lisa Park,Enterprise Suite,Company_665,closed-lost,2023-06-02,2023-08-07,
OPP_15334,James Wu,Starter Pack,Company_785,closed-lost,2024-03-22,2024-04-21,
OPP_15335,Ryan Osei,Analytics Pro,Company_476,closed-won,2023-08-14,2023-10-17,50101.95
OPP_15336,Lisa Park,Enterprise Suite,Company_155,closed-lost,2023-08-21,2023-10-11,
OPP_15337,Carlos Webb,Starter Pack,Company_186,closed-won,2023-09-05,2023-10-03,9948.33
OPP_15338,Carlos Webb,Analytics Pro,Company_540,closed-won,2024-10-28,2024-12-25,62233.21
OPP_15339,Ryan Osei,Starter Pack,Company_411,closed-lost,2023-04-23,2023-05-02,
OPP_15340,Anita Rao,Starter Pack,Company_638,closed-lost,2024-06-06,2024-07-04,
OPP_15341,Ryan Osei,Starter Pack,,closed-won,2024-06-20,2024-07-23,10345.13
OPP_15342,James Wu,Analytics Pro,,closed-lost,2024-09-12,2024-11-04,
OPP_15343,Priya Nair,Analytics Pro,Company_876,closed-won,2023-10-24,2023-11-28,76040.01
OPP_15344,James Wu,Enterprise Suite,Company_690,closed-lost,2024-03-07,2024-06-16,
OPP_15345,Carlos Webb,Enterprise Suite,Company_468,closed-lost,2024-06-12,2024-06-17,
OPP_15346,James Wu,Enterprise Suite,Company_947,closed-lost,2023-02-07,2023-05-12,
OPP_15347,Carlos Webb,Enterprise Suite,Company_888,closed-lost,2024-03-01,2024-05-23,
OPP_15348,Priya Nair,Starter Pack,Company_791,closed-lost,2024-06-04,2024-07-09,
OPP_15349,Priya Nair,Starter Pack,Company_315,closed-won,2023-11-27,2023-12-15,15504.7
OPP_15350,Priya Nair,Starter Pack,Company_26,closed-lost,2024-04-25,2024-06-04,
OPP_15351,Sarah Chen,Starter Pack,Company_553,closed-won,2023-06-01,2023-06-13,13982.19
OPP_15352,Carlos Webb,Starter Pack,Company_335,closed-lost,2024-08-24,2024-09-16,
OPP_15353,Carlos Webb,Starter Pack,Company_673,closed-won,2023-08-25,2023-10-07,18436.87
OPP_15354,James Wu,Starter Pack,Company_310,closed-lost,2024-02-07,2024-03-11,
OPP_15355,Priya Nair,Analytics Pro,Company_277,closed-lost,2023-03-11,2023-03-25,
OPP_15356,James Wu,Starter Pack,Company_790,closed-lost,2023-06-05,2023-06-21,
OPP_15357,Carlos Webb,Starter Pack,Company_140,closed-won,2023-07-13,2023-08-10,14476.77
OPP_15358,Lisa Park,Starter Pack,Company_854,closed-lost,2024-05-11,2024-06-26,
OPP_15359,Ryan Osei,Starter Pack,Company_454,closed-won,2024-04-05,2024-05-20,14798.7
OPP_15360,James Wu,Analytics Pro,Company_50,closed-won,2023-02-28,2023-04-26,52285.55
OPP_15361,Lisa Park,Analytics Pro,Company_408,closed-won,2023-08-04,2023-09-19,58443.81
OPP_15362,James Wu,Starter Pack,Company_789,closed-won,2023-06-21,2023-07-18,12310.87
OPP_15363,Ryan Osei,Enterprise Suite,Company_834,closed-lost,2024-04-11,2024-08-02,
OPP_15364,Mike Torres,Starter Pack,Company_992,closed-won,2023-08-03,2023-08-22,10098.56
OPP_15365,Priya Nair,Enterprise Suite,Company_935,closed-lost,2024-04-13,2024-07-29,
OPP_15366,Mike Torres,Starter Pack,Company_774,closed-won,2023-09-18,2023-09-24,
OPP_15367,James Wu,Starter Pack,Company_963,closed-won,2024-07-26,2024-08-20,18367.29
OPP_15368,Lisa Park,Enterprise Suite,Company_619,closed-won,2024-03-02,2024-04-08,319756.24
OPP_15369,Carlos Webb,Enterprise Suite,Company_324,closed-lost,2024-02-15,2024-03-26,
OPP_15370,Ryan Osei,Starter Pack,Company_215,closed-won,2024-08-17,2024-08-27,19038.68
OPP_15371,Mike Torres,Enterprise Suite,Company_368,closed-won,2024-11-09,2025-02-17,311447.58
OPP_15372,Lisa Park,Analytics Pro,Company_520,closed-lost,2023-10-14,2023-11-26,
OPP_15373,Mike Torres,Analytics Pro,Company_16,closed-lost,2024-06-03,2024-07-13,
OPP_15374,Sarah Chen,Analytics Pro,Company_822,closed-lost,2023-01-07,2023-02-20,
OPP_15375,Ryan Osei,Analytics Pro,Company_984,closed-lost,2023-04-26,2023-05-13,
OPP_15376,Mike Torres,Analytics Pro,Company_369,closed-lost,2024-09-19,2024-11-15,
OPP_15377,Anita Rao,Starter Pack,Company_444,closed-won,2024-04-22,2024-05-27,15402.96
OPP_15378,Anita Rao,Starter Pack,Company_718,closed-lost,2023-12-23,2024-01-20,
OPP_15379,Mike Torres,Enterprise Suite,Company_659,closed-lost,2024-01-05,2024-03-11,
OPP_15380,Ryan Osei,Analytics Pro,Company_16,closed-lost,2024-09-19,2024-10-31,
OPP_15381,Anita Rao,Enterprise Suite,Company_662,closed-lost,2024-04-27,2024-06-02,
OPP_15382,Carlos Webb,Starter Pack,Company_144,closed-lost,2024-11-30,2024-12-30,
OPP_15383,James Wu,Starter Pack,Company_578,closed-lost,2023-06-07,2023-07-08,
OPP_15384,Sarah Chen,Starter Pack,,closed-won,2024-11-08,2024-12-02,24446.82
OPP_15385,Priya Nair,Starter Pack,Company_711,closed-lost,2024-09-30,2024-10-27,
OPP_15386,Lisa Park,Starter Pack,Company_62,closed-lost,2024-04-10,2024-05-15,
OPP_15387,James Wu,Enterprise Suite,Company_676,closed-lost,2023-06-21,2023-09-25,
OPP_15388,Anita Rao,Analytics Pro,Company_632,closed-lost,2023-09-30,2023-11-09,
OPP_15389,Ryan Osei,Starter Pack,Company_429,closed-won,2023-08-04,2023-08-31,16564.02
OPP_15390,Priya Nair,Starter Pack,Company_958,closed-won,2024-11-05,2024-12-15,16723.15
OPP_15391,Priya Nair,Enterprise Suite,Company_828,closed-won,2024-09-28,2025-01-25,274793.07
OPP_15392,Priya Nair,Analytics Pro,Company_900,closed-won,2024-04-17,2024-06-03,69090.45
OPP_15393,Mike Torres,Starter Pack,Company_30,closed-won,2023-02-07,2023-03-06,17933.32
OPP_15394,Lisa Park,Starter Pack,,closed-lost,2023-02-11,2023-02-24,
OPP_15395,Ryan Osei,Enterprise Suite,Company_382,closed-won,2024-02-03,2024-06-04,223854.53
OPP_15396,Anita Rao,Enterprise Suite,Company_328,closed-won,2024-04-08,2024-08-09,420464.99
OPP_15397,Sarah Chen,Starter Pack,Company_339,closed-lost,2023-02-21,2023-03-19,
OPP_15398,Sarah Chen,Analytics Pro,Company_35,closed-won,2024-02-09,2024-04-15,42210.78
OPP_15399,Priya Nair,Analytics Pro,Company_47,closed-lost,2023-10-16,2023-11-12,
OPP_15400,Ryan Osei,Enterprise Suite,Company_739,closed-lost,2023-03-01,2023-05-23,
OPP_15401,Priya Nair,Starter Pack,Company_102,closed-lost,2023-10-25,2023-11-19,
OPP_15402,Sarah Chen,Analytics Pro,Company_918,closed-won,2024-07-20,2024-08-19,73538.35
OPP_15403,James Wu,Starter Pack,Company_429,closed-lost,2023-08-28,2023-09-29,
OPP_15404,Mike Torres,Starter Pack,,closed-lost,2024-04-20,2024-05-16,
OPP_15405,Lisa Park,Analytics Pro,Company_425,closed-won,2023-09-13,2023-10-28,52913.21
OPP_15406,Lisa Park,Starter Pack,Company_877,closed-lost,2023-04-09,2023-05-09,
OPP_15407,Sarah Chen,Analytics Pro,Company_487,closed-lost,2024-01-02,2024-02-07,
OPP_15408,Lisa Park,Analytics Pro,Company_131,closed-won,2024-07-21,2024-08-19,50246.39
OPP_15409,Carlos Webb,Enterprise Suite,,closed-won,2023-08-31,2023-12-02,346562.12
OPP_15410,Carlos Webb,Enterprise Suite,Company_684,closed-lost,2023-02-05,2023-04-13,
OPP_15411,Mike Torres,Analytics Pro,Company_504,closed-won,2023-06-23,2023-08-10,76207.39
OPP_15412,James Wu,Starter Pack,Company_224,closed-lost,2024-02-16,2024-03-22,
OPP_15413,Priya Nair,Starter Pack,Company_230,closed-lost,2023-10-28,2023-11-25,
OPP_15414,Mike Torres,Enterprise Suite,Company_97,closed-lost,2024-07-04,2024-10-05,
OPP_15415,Ryan Osei,Analytics Pro,Company_908,closed-won,2023-11-04,2023-12-06,64038.03
OPP_15416,Mike Torres,Starter Pack,Company_231,closed-won,2023-06-08,2023-07-13,16049.95
OPP_15417,Anita Rao,Starter Pack,Company_747,closed-won,2023-04-17,2023-05-09,13131.19
OPP_15418,Anita Rao,Analytics Pro,Company_727,closed-lost,2024-06-10,2024-07-16,
OPP_15419,Lisa Park,Enterprise Suite,Company_604,closed-won,2024-05-01,2024-07-21,215454.62
OPP_15420,Anita Rao,Starter Pack,Company_335,closed-lost,2024-11-16,2024-12-17,
OPP_15421,Ryan Osei,Analytics Pro,Company_677,closed-lost,2024-06-10,2024-08-02,
OPP_15422,Priya Nair,Enterprise Suite,Company_754,closed-lost,2023-07-31,2023-11-04,
OPP_15423,Sarah Chen,Enterprise Suite,Company_927,closed-lost,2023-03-30,2023-04-22,
OPP_15424,Ryan Osei,Enterprise Suite,Company_49,closed-lost,2024-03-21,2024-06-16,
OPP_15425,James Wu,Starter Pack,Company_14,closed-won,2024-10-19,2024-11-20,15106.17
OPP_15426,Priya Nair,Enterprise Suite,Company_34,closed-won,2024-06-21,2024-10-23,236367.48
OPP_15427,James Wu,Starter Pack,Company_406,closed-lost,2024-02-07,2024-03-05,
OPP_15428,Carlos Webb,Starter Pack,Company_585,closed-lost,2023-07-28,2023-08-30,
OPP_15429,Lisa Park,Analytics Pro,Company_878,closed-lost,2023-01-19,2023-03-01,
OPP_15430,Carlos Webb,Starter Pack,Company_643,closed-won,2023-08-17,2023-09-03,9392.04
OPP_15431,Ryan Osei,Analytics Pro,Company_219,closed-lost,2024-02-03,2024-03-30,
OPP_15432,Lisa Park,Enterprise Suite,Company_269,closed-lost,2024-11-25,2025-03-10,
OPP_15433,Lisa Park,Starter Pack,Company_762,closed-won,2024-06-02,2024-07-14,18883.88
OPP_15434,Anita Rao,Enterprise Suite,Company_786,closed-lost,2024-02-25,2024-05-21,
OPP_15435,Carlos Webb,Analytics Pro,Company_913,closed-won,2023-01-16,2023-03-13,30617.8
OPP_15436,Priya Nair,Analytics Pro,Company_349,closed-won,2024-06-28,2024-08-26,62853.11
OPP_15437,Lisa Park,Enterprise Suite,Company_467,closed-lost,2024-06-13,2024-08-11,
OPP_15438,Mike Torres,Enterprise Suite,Company_876,closed-lost,2024-06-17,2024-08-15,
OPP_15439,Carlos Webb,Enterprise Suite,Company_269,closed-lost,2023-06-21,2023-09-21,
OPP_15440,Mike Torres,Analytics Pro,Company_436,closed-lost,2024-02-13,2024-04-10,
OPP_15441,Sarah Chen,Enterprise Suite,Company_129,closed-lost,2023-12-01,2024-02-03,
OPP_15442,Mike Torres,Starter Pack,Company_998,closed-won,2024-11-03,2024-12-01,11706.49
OPP_15443,Lisa Park,Starter Pack,Company_123,closed-lost,2024-06-05,2024-06-23,
OPP_15444,Anita Rao,Starter Pack,Company_894,closed-lost,2023-08-02,2023-09-01,
OPP_15445,Carlos Webb,Analytics Pro,Company_463,closed-won,2024-11-25,2025-02-04,48878.31
OPP_15446,Ryan Osei,Enterprise Suite,Company_962,closed-lost,2023-06-04,2023-08-22,
OPP_15447,Mike Torres,Enterprise Suite,Company_186,closed-lost,2023-09-16,2023-12-12,
OPP_15448,Ryan Osei,Enterprise Suite,Company_199,closed-lost,2024-01-29,2024-03-17,
OPP_15449,Priya Nair,Enterprise Suite,,closed-lost,2024-10-15,2024-12-20,
OPP_15450,Sarah Chen,Starter Pack,Company_751,closed-won,2024-10-15,2024-11-19,8975.76
OPP_15451,Carlos Webb,Enterprise Suite,Company_615,closed-lost,2023-04-06,2023-06-17,
OPP_15452,Priya Nair,Enterprise Suite,Company_880,closed-lost,2023-03-10,2023-05-21,
OPP_15453,Sarah Chen,Enterprise Suite,Company_371,closed-won,2023-01-07,2023-03-17,285720.49
OPP_15454,James Wu,Enterprise Suite,Company_969,closed-lost,2024-01-07,2024-04-12,
OPP_15455,Priya Nair,Analytics Pro,Company_162,closed-lost,2023-11-17,2023-12-31,
OPP_15456,Mike Torres,Enterprise Suite,Company_169,closed-won,2023-10-12,2024-02-03,214939.01
OPP_15457,James Wu,Enterprise Suite,,closed-won,2024-01-05,2024-04-02,
OPP_15458,Ryan Osei,Starter Pack,Company_285,closed-won,2023-06-04,2023-07-04,9475.81
OPP_15459,Sarah Chen,Analytics Pro,Company_303,closed-lost,2023-10-07,2023-12-13,
OPP_15460,Ryan Osei,Enterprise Suite,Company_995,closed-lost,2024-02-15,2024-05-04,
OPP_15461,Ryan Osei,Analytics Pro,Company_479,closed-won,2023-07-29,2023-08-29,37363.53
OPP_15462,Carlos Webb,Starter Pack,Company_738,closed-won,2024-10-25,2024-12-09,18847.29
OPP_15463,Anita Rao,Starter Pack,Company_76,closed-lost,2024-11-20,2024-12-31,
OPP_15464,Anita Rao,Enterprise Suite,Company_569,closed-lost,2023-05-19,2023-07-16,
OPP_15465,Anita Rao,Starter Pack,Company_945,closed-won,2024-03-14,2024-04-09,18938.35
OPP_15466,Mike Torres,Starter Pack,Company_773,closed-won,2023-11-07,2023-12-19,17498.96
OPP_15467,Ryan Osei,Starter Pack,Company_147,closed-won,2023-03-24,2023-04-18,13412.07
OPP_15468,Lisa Park,Starter Pack,Company_782,closed-lost,2023-05-28,2023-06-25,
OPP_15469,James Wu,Analytics Pro,Company_805,closed-lost,2023-11-15,2024-01-12,
OPP_15470,Priya Nair,Enterprise Suite,Company_429,closed-won,2024-09-05,2024-11-20,227722.82
OPP_15471,Ryan Osei,Enterprise Suite,Company_198,closed-lost,2024-08-05,2024-12-17,
OPP_15472,James Wu,Analytics Pro,Company_72,closed-won,2023-12-17,2024-02-23,69446.12
OPP_15473,James Wu,Analytics Pro,Company_143,closed-lost,2023-03-28,2023-06-21,
OPP_15474,Ryan Osei,Starter Pack,Company_743,closed-won,2024-09-09,2024-10-10,19008.96
OPP_15475,Priya Nair,Starter Pack,Company_454,closed-won,2023-04-25,2023-05-22,17956.6
OPP_15476,Priya Nair,Enterprise Suite,Company_282,closed-lost,2024-01-01,2024-03-04,
OPP_15477,Carlos Webb,Starter Pack,Company_652,closed-lost,2023-04-28,2023-06-09,
OPP_15478,Mike Torres,Enterprise Suite,Company_318,closed-won,2024-09-14,2024-11-15,325071.31
OPP_15479,Mike Torres,Enterprise Suite,,closed-lost,2023-04-03,2023-07-13,
OPP_15480,Lisa Park,Starter Pack,Company_676,closed-lost,2024-03-23,2024-04-27,
OPP_15481,Lisa Park,Analytics Pro,Company_841,closed-lost,2024-07-01,2024-08-14,
OPP_15482,Mike Torres,Enterprise Suite,Company_760,closed-won,2024-07-14,2024-11-03,292866.48
OPP_15483,Lisa Park,Starter Pack,Company_72,closed-won,2024-08-30,2024-10-10,17007.49
OPP_15484,Carlos Webb,Analytics Pro,Company_972,closed-lost,2023-05-28,2023-07-26,
OPP_15485,Sarah Chen,Analytics Pro,Company_858,closed-won,2024-01-15,2024-03-15,54756.52
OPP_15486,Anita Rao,Starter Pack,Company_641,closed-lost,2023-02-01,2023-03-19,
OPP_15487,Lisa Park,Analytics Pro,Company_599,closed-lost,2023-03-19,2023-05-19,
OPP_15488,Priya Nair,Enterprise Suite,Company_708,closed-lost,2023-02-26,2023-07-12,
OPP_15489,Lisa Park,Analytics Pro,Company_230,closed-lost,2023-07-06,2023-08-31,
OPP_15490,Mike Torres,Starter Pack,Company_749,closed-lost,2024-06-03,2024-06-30,
OPP_15491,Carlos Webb,Starter Pack,Company_890,closed-won,2023-02-04,2023-02-28,14858.91
OPP_15492,Lisa Park,Enterprise Suite,Company_986,closed-lost,2024-06-29,2024-09-18,
OPP_15493,Ryan Osei,Analytics Pro,Company_58,closed-lost,2024-06-08,2024-07-04,
OPP_15494,Mike Torres,Analytics Pro,Company_862,closed-lost,2023-04-14,2023-06-17,
OPP_15495,Anita Rao,Analytics Pro,Company_655,closed-lost,2023-10-17,2023-11-03,
OPP_15496,Carlos Webb,Analytics Pro,Company_682,closed-lost,2023-07-19,2023-08-18,
OPP_15497,Anita Rao,Analytics Pro,Company_85,closed-won,2024-02-28,2024-04-02,27500.0
OPP_15498,Sarah Chen,Starter Pack,Company_730,closed-lost,2023-06-04,2023-06-26,
OPP_15499,Lisa Park,Starter Pack,Company_599,closed-won,2024-11-06,2024-12-22,9681.71
OPP_15500,Lisa Park,Starter Pack,Company_605,closed-won,2023-09-23,2023-10-19,7521.98
OPP_15501,Ryan Osei,Enterprise Suite,Company_272,closed-lost,2023-11-04,2024-03-04,
OPP_15502,Mike Torres,Enterprise Suite,Company_499,closed-lost,2024-08-06,2024-10-11,
OPP_15503,Ryan Osei,Enterprise Suite,Company_531,closed-won,2023-05-17,2023-08-04,412327.19
OPP_15504,Ryan Osei,Starter Pack,Company_616,closed-lost,2023-05-13,2023-06-22,
OPP_15505,Mike Torres,Enterprise Suite,Company_858,closed-won,2024-11-29,2025-01-21,
OPP_15506,Mike Torres,Enterprise Suite,Company_97,closed-won,2023-11-12,2024-01-03,218269.0
OPP_15507,Mike Torres,Starter Pack,Company_369,closed-lost,2024-09-11,2024-09-28,
OPP_15508,Ryan Osei,Analytics Pro,Company_735,closed-won,2023-01-07,2023-02-05,63627.07
OPP_15509,Sarah Chen,Analytics Pro,Company_662,closed-won,2024-08-05,2024-08-29,62443.06
OPP_15510,Lisa Park,Analytics Pro,Company_587,closed-lost,2023-07-04,2023-09-06,
OPP_15511,Sarah Chen,Analytics Pro,Company_832,closed-won,2023-10-01,2023-11-07,
OPP_15512,Ryan Osei,Enterprise Suite,Company_929,closed-won,2024-10-16,2024-12-22,204555.07
OPP_15513,Sarah Chen,Starter Pack,,closed-won,2024-07-21,2024-08-30,18191.58
OPP_15514,Priya Nair,Starter Pack,Company_645,closed-won,2023-01-20,2023-02-24,15745.41
OPP_15515,Carlos Webb,Starter Pack,Company_299,closed-lost,2023-05-09,2023-05-27,
OPP_15516,Ryan Osei,Starter Pack,Company_746,closed-won,2023-09-17,2023-10-25,21736.2
OPP_15517,Lisa Park,Analytics Pro,Company_367,closed-lost,2023-07-26,2023-09-13,
OPP_15518,Carlos Webb,Analytics Pro,Company_996,closed-lost,2024-04-23,2024-05-25,
OPP_15519,James Wu,Analytics Pro,Company_456,closed-won,2023-12-30,2024-02-22,62249.81
OPP_15520,Sarah Chen,Analytics Pro,Company_469,closed-lost,2024-11-28,2025-01-06,
OPP_15521,Anita Rao,Starter Pack,,closed-won,2023-12-15,2024-01-12,17234.23
OPP_15522,Carlos Webb,Enterprise Suite,Company_410,closed-lost,2024-10-14,2025-01-22,
OPP_15523,Carlos Webb,Starter Pack,Company_864,closed-won,2024-07-28,2024-08-28,7500.0
OPP_15524,Lisa Park,Starter Pack,Company_341,closed-won,2024-02-15,2024-03-17,20349.46
OPP_15525,Carlos Webb,Enterprise Suite,Company_551,closed-lost,2024-03-20,2024-07-18,
OPP_15526,James Wu,Analytics Pro,Company_848,closed-won,2023-12-25,2024-02-15,60739.71
OPP_15527,Anita Rao,Starter Pack,Company_936,closed-lost,2024-09-13,2024-10-26,
OPP_15528,Mike Torres,Enterprise Suite,Company_415,closed-lost,2024-01-22,2024-03-29,
OPP_15529,Carlos Webb,Enterprise Suite,Company_509,closed-lost,2023-10-23,2024-02-29,
OPP_15530,Priya Nair,Analytics Pro,,closed-lost,2024-09-08,2024-11-13,
OPP_15531,Anita Rao,Enterprise Suite,Company_497,closed-lost,2023-01-22,2023-05-04,
OPP_15532,Carlos Webb,Analytics Pro,Company_825,closed-lost,2024-05-21,2024-06-18,
OPP_15533,Lisa Park,Analytics Pro,Company_772,closed-lost,2023-12-18,2024-01-17,
OPP_15534,Priya Nair,Starter Pack,Company_330,closed-lost,2024-06-13,2024-07-16,
OPP_15535,Sarah Chen,Starter Pack,Company_194,closed-won,2023-10-12,2023-11-17,18855.96
OPP_15536,Anita Rao,Enterprise Suite,Company_717,closed-lost,2024-06-10,2024-09-17,
OPP_15537,Anita Rao,Enterprise Suite,Company_551,closed-lost,2023-04-24,2023-05-11,
OPP_15538,Priya Nair,Analytics Pro,Company_633,closed-won,2024-03-28,2024-05-03,48220.48
OPP_15539,Mike Torres,Starter Pack,Company_95,closed-won,2024-10-09,2024-10-29,8568.86
OPP_15540,Mike Torres,Enterprise Suite,Company_612,closed-lost,2023-09-01,2023-11-05,
OPP_15541,Ryan Osei,Analytics Pro,Company_149,closed-won,2023-02-24,2023-03-31,61553.18
OPP_15542,Carlos Webb,Enterprise Suite,Company_362,closed-lost,2023-12-04,2024-01-30,
OPP_15543,Ryan Osei,Starter Pack,Company_943,closed-lost,2023-12-11,2024-01-16,
OPP_15544,Ryan Osei,Starter Pack,Company_865,closed-lost,2024-11-10,2024-11-15,
OPP_15545,Anita Rao,Enterprise Suite,Company_583,closed-lost,2023-11-05,2024-03-19,
OPP_15546,Mike Torres,Analytics Pro,Company_230,closed-lost,2024-06-17,2024-08-27,
OPP_15547,Lisa Park,Starter Pack,Company_251,closed-lost,2023-09-21,2023-09-26,
OPP_15548,Priya Nair,Enterprise Suite,Company_280,closed-lost,2023-02-14,2023-07-05,
OPP_15549,Sarah Chen,Analytics Pro,Company_229,closed-lost,2023-12-01,2024-01-15,
OPP_15550,James Wu,Starter Pack,Company_896,closed-lost,2023-03-29,2023-04-21,
OPP_15551,James Wu,Analytics Pro,Company_663,closed-lost,2024-05-28,2024-07-28,
OPP_15552,James Wu,Starter Pack,Company_12,closed-won,2024-09-19,2024-10-09,12926.73
OPP_15553,Anita Rao,Starter Pack,Company_987,closed-lost,2024-10-08,2024-11-14,
OPP_15554,Sarah Chen,Enterprise Suite,Company_494,closed-lost,2024-06-18,2024-09-09,
OPP_15555,Lisa Park,Analytics Pro,Company_569,closed-won,2023-04-06,2023-06-06,42587.37
OPP_15556,James Wu,Analytics Pro,Company_190,closed-lost,2023-09-03,2023-10-29,
OPP_15557,Ryan Osei,Enterprise Suite,Company_589,closed-lost,2023-03-24,2023-05-06,
OPP_15558,Ryan Osei,Enterprise Suite,Company_267,closed-lost,2024-11-26,2025-02-12,
OPP_15559,Carlos Webb,Analytics Pro,,closed-lost,2024-06-15,2024-07-21,
OPP_15560,Carlos Webb,Analytics Pro,Company_921,closed-lost,2024-07-22,2024-09-16,
OPP_15561,James Wu,Analytics Pro,Company_553,closed-won,2023-12-27,2024-02-06,49978.58
OPP_15562,Carlos Webb,Starter Pack,Company_981,closed-won,2023-04-24,2023-05-13,15676.88
OPP_15563,Priya Nair,Analytics Pro,Company_880,closed-lost,2024-10-25,2024-12-21,
OPP_15564,James Wu,Enterprise Suite,Company_592,closed-won,2024-11-09,2025-04-15,137744.25
OPP_15565,Priya Nair,Starter Pack,Company_939,closed-won,2023-05-04,2023-05-29,13592.47
OPP_15566,Lisa Park,Enterprise Suite,Company_321,closed-lost,2023-02-04,2023-05-21,
OPP_15567,Mike Torres,Enterprise Suite,Company_233,closed-lost,2024-03-13,2024-04-16,
OPP_15568,Carlos Webb,Enterprise Suite,,closed-lost,2023-12-25,2024-02-24,
OPP_15569,James Wu,Analytics Pro,Company_275,closed-won,2023-09-29,2023-11-09,32900.93
OPP_15570,Sarah Chen,Analytics Pro,Company_633,closed-lost,2024-10-09,2024-11-06,
OPP_15571,Lisa Park,Analytics Pro,Company_605,closed-lost,2023-03-25,2023-06-15,
OPP_15572,Ryan Osei,Starter Pack,Company_976,closed-lost,2024-08-09,2024-09-10,
OPP_15573,Priya Nair,Starter Pack,Company_573,closed-lost,2023-04-15,2023-05-27,
OPP_15574,Lisa Park,Enterprise Suite,Company_665,closed-lost,2023-05-12,2023-08-04,
OPP_15575,Sarah Chen,Analytics Pro,Company_488,closed-lost,2023-01-16,2023-03-07,
OPP_15576,Priya Nair,Starter Pack,Company_698,closed-lost,2023-05-09,2023-06-12,
OPP_15577,Carlos Webb,Starter Pack,Company_977,closed-lost,2023-06-09,2023-07-08,
OPP_15578,Anita Rao,Enterprise Suite,Company_258,closed-lost,2023-01-06,2023-04-17,
OPP_15579,Sarah Chen,Enterprise Suite,Company_612,closed-won,2023-03-13,2023-06-22,280926.61
OPP_15580,Lisa Park,Analytics Pro,Company_721,closed-won,2024-06-13,2024-08-05,63167.35
OPP_15581,Priya Nair,Analytics Pro,Company_220,closed-lost,2023-12-29,2024-02-19,
OPP_15582,Lisa Park,Analytics Pro,Company_551,closed-lost,2024-08-27,2024-11-07,
OPP_15583,Anita Rao,Analytics Pro,Company_238,closed-lost,2023-02-02,2023-04-16,
OPP_15584,Ryan Osei,Starter Pack,Company_784,closed-lost,2023-12-24,2024-01-24,
OPP_15585,Carlos Webb,Starter Pack,Company_994,closed-won,2023-01-21,2023-02-14,21452.55
OPP_15586,Sarah Chen,Enterprise Suite,Company_772,closed-won,2023-02-05,2023-04-22,125000.0
OPP_15587,Carlos Webb,Enterprise Suite,Company_122,closed-lost,2024-09-24,2024-12-29,
OPP_15588,Mike Torres,Enterprise Suite,Company_65,closed-lost,2023-03-23,2023-08-03,
OPP_15589,Ryan Osei,Enterprise Suite,Company_165,closed-won,2023-07-02,2023-10-10,182715.05
OPP_15590,James Wu,Starter Pack,Company_615,closed-lost,2023-03-14,2023-04-20,
OPP_15591,Priya Nair,Starter Pack,Company_30,closed-lost,2024-01-31,2024-02-11,
OPP_15592,Lisa Park,Enterprise Suite,,closed-lost,2023-06-12,2023-10-01,
OPP_15593,Carlos Webb,Starter Pack,,closed-lost,2023-01-23,2023-03-07,
OPP_15594,Ryan Osei,Enterprise Suite,Company_717,closed-lost,2024-02-13,2024-04-20,
OPP_15595,Ryan Osei,Analytics Pro,Company_390,closed-lost,2024-11-08,2024-12-12,
OPP_15596,Lisa Park,Starter Pack,Company_867,closed-lost,2024-04-09,2024-05-24,
OPP_15597,Carlos Webb,Starter Pack,Company_98,closed-won,2023-08-30,2023-09-23,15975.14
OPP_15598,Anita Rao,Analytics Pro,Company_181,closed-lost,2023-02-04,2023-03-20,
OPP_15599,Ryan Osei,Analytics Pro,Company_511,closed-won,2023-02-26,2023-04-29,41463.73
OPP_15600,Mike Torres,Starter Pack,Company_266,closed-won,2023-08-25,2023-09-15,8805.17
OPP_15601,Ryan Osei,Starter Pack,Company_232,closed-lost,2024-04-22,2024-05-22,
OPP_15602,Carlos Webb,Enterprise Suite,Company_648,closed-lost,2024-01-17,2024-04-26,
OPP_15603,Mike Torres,Analytics Pro,Company_462,closed-won,2024-07-18,2024-09-15,27500.0
OPP_15604,Mike Torres,Enterprise Suite,Company_263,closed-won,2024-01-30,2024-04-25,247622.89
OPP_15605,Sarah Chen,Enterprise Suite,Company_62,closed-won,2023-07-06,2023-11-28,134104.49
OPP_15606,Sarah Chen,Enterprise Suite,Company_382,closed-lost,2023-06-30,2023-11-01,
OPP_15607,Mike Torres,Starter Pack,Company_1,closed-lost,2023-09-02,2023-09-24,
OPP_15608,Sarah Chen,Starter Pack,Company_334,closed-lost,2023-01-25,2023-02-02,
OPP_15609,Ryan Osei,Analytics Pro,Company_28,closed-won,2023-02-09,2023-04-07,53729.28
OPP_15610,Carlos Webb,Starter Pack,Company_978,closed-lost,2023-01-02,2023-02-05,
OPP_15611,Priya Nair,Starter Pack,Company_651,closed-lost,2024-02-18,2024-03-23,
OPP_15612,Lisa Park,Starter Pack,Company_548,closed-won,2024-04-13,2024-05-14,
OPP_15613,James Wu,Analytics Pro,Company_99,closed-lost,2023-07-11,2023-08-21,
OPP_15614,Priya Nair,Enterprise Suite,Company_383,closed-lost,2024-08-17,2024-11-21,
OPP_15615,Priya Nair,Analytics Pro,Company_723,closed-lost,2023-02-16,2023-04-04,
OPP_15616,Priya Nair,Enterprise Suite,Company_152,closed-lost,2024-08-01,2024-10-18,
OPP_15617,Lisa Park,Starter Pack,Company_637,closed-won,2024-11-10,2024-12-15,13827.39
OPP_15618,Sarah Chen,Enterprise Suite,Company_909,closed-lost,2024-03-22,2024-07-07,
OPP_15619,Mike Torres,Analytics Pro,Company_957,closed-lost,2024-06-27,2024-08-07,
OPP_15620,Anita Rao,Starter Pack,Company_357,closed-lost,2024-06-18,2024-07-06,
OPP_15621,Priya Nair,Enterprise Suite,Company_530,closed-lost,2024-02-19,2024-03-24,
OPP_15622,Priya Nair,Starter Pack,Company_509,closed-lost,2024-05-31,2024-07-04,
OPP_15623,James Wu,Enterprise Suite,Company_158,closed-lost,2024-06-09,2024-08-22,
OPP_15624,Carlos Webb,Analytics Pro,Company_950,closed-lost,2023-04-11,2023-05-28,
OPP_15625,Ryan Osei,Analytics Pro,Company_966,closed-won,2023-11-08,2024-01-16,67771.23
OPP_15626,Mike Torres,Enterprise Suite,Company_567,closed-lost,2024-02-05,2024-06-08,
OPP_15627,Mike Torres,Analytics Pro,Company_252,closed-won,2023-11-21,2024-01-09,52654.82
OPP_15628,Carlos Webb,Starter Pack,Company_245,closed-won,2024-05-12,2024-06-09,7500.0
OPP_15629,Lisa Park,Starter Pack,Company_813,closed-won,2023-06-16,2023-07-15,13179.51
OPP_15630,Ryan Osei,Starter Pack,Company_366,closed-won,2023-11-17,2023-12-31,20431.8
OPP_15631,Sarah Chen,Analytics Pro,Company_830,closed-won,2024-02-05,2024-03-10,68373.68
OPP_15632,Mike Torres,Enterprise Suite,Company_93,closed-lost,2023-09-15,2023-12-10,
OPP_15633,Carlos Webb,Enterprise Suite,Company_576,closed-lost,2023-08-29,2023-11-28,
OPP_15634,Ryan Osei,Enterprise Suite,Company_658,closed-lost,2023-04-25,2023-07-26,
OPP_15635,James Wu,Analytics Pro,Company_328,closed-lost,2024-03-13,2024-05-08,
OPP_15636,Priya Nair,Analytics Pro,Company_781,closed-won,2023-08-27,2023-09-23,
OPP_15637,James Wu,Analytics Pro,Company_966,closed-won,2023-10-17,2023-12-20,76772.31
OPP_15638,Ryan Osei,Analytics Pro,Company_445,closed-lost,2023-09-02,2023-10-25,
OPP_15639,Ryan Osei,Starter Pack,Company_502,closed-won,2023-11-12,2023-12-10,16023.51
OPP_15640,Sarah Chen,Analytics Pro,Company_106,closed-won,2024-07-21,2024-09-22,62208.33
OPP_15641,Carlos Webb,Enterprise Suite,Company_495,closed-lost,2024-04-06,2024-06-17,
OPP_15642,Ryan Osei,Analytics Pro,Company_509,closed-lost,2024-08-08,2024-08-24,
OPP_15643,Anita Rao,Enterprise Suite,Company_715,closed-lost,2024-07-07,2024-09-21,
OPP_15644,Sarah Chen,Enterprise Suite,Company_851,closed-won,2024-11-23,2025-03-04,216355.63
OPP_15645,Sarah Chen,Starter Pack,Company_969,closed-won,2023-04-10,2023-04-30,12211.12
OPP_15646,Mike Torres,Analytics Pro,Company_913,closed-lost,2024-05-23,2024-06-24,
OPP_15647,Priya Nair,Enterprise Suite,Company_321,closed-lost,2024-01-16,2024-04-12,
OPP_15648,Sarah Chen,Enterprise Suite,Company_28,closed-lost,2024-01-11,2024-05-21,
OPP_15649,Sarah Chen,Analytics Pro,Company_394,closed-won,2024-05-22,2024-07-16,61349.85
OPP_15650,James Wu,Analytics Pro,Company_987,closed-lost,2024-05-04,2024-06-20,
OPP_15651,Sarah Chen,Enterprise Suite,Company_894,closed-lost,2023-11-27,2023-12-25,
OPP_15652,Ryan Osei,Enterprise Suite,Company_520,closed-lost,2024-06-30,2024-10-11,
OPP_15653,Priya Nair,Enterprise Suite,Company_379,closed-lost,2023-11-21,2024-03-06,
OPP_15654,Sarah Chen,Starter Pack,Company_101,closed-lost,2024-10-10,2024-11-04,
OPP_15655,Lisa Park,Starter Pack,Company_913,closed-lost,2024-05-30,2024-07-12,
OPP_15656,James Wu,Enterprise Suite,Company_327,closed-lost,2023-07-19,2023-09-21,
OPP_15657,Mike Torres,Enterprise Suite,Company_208,closed-lost,2023-06-07,2023-09-09,
OPP_15658,Lisa Park,Starter Pack,Company_584,closed-lost,2023-01-21,2023-03-05,
OPP_15659,Sarah Chen,Starter Pack,Company_944,closed-won,2024-09-15,2024-10-04,7500.0
OPP_15660,Ryan Osei,Starter Pack,Company_921,closed-won,2024-02-14,2024-03-10,11808.96
OPP_15661,Mike Torres,Analytics Pro,Company_4,closed-lost,2023-03-14,2023-05-13,
OPP_15662,James Wu,Enterprise Suite,Company_833,closed-won,2024-11-15,2025-01-10,179680.56
OPP_15663,Carlos Webb,Starter Pack,,closed-lost,2023-03-12,2023-04-06,
OPP_15664,James Wu,Analytics Pro,Company_939,closed-won,2023-01-24,2023-02-21,27500.0
OPP_15665,Ryan Osei,Starter Pack,Company_159,closed-won,2024-03-16,2024-04-07,14851.67
OPP_15666,Priya Nair,Enterprise Suite,Company_252,closed-lost,2024-04-29,2024-09-19,
OPP_15667,Anita Rao,Analytics Pro,Company_696,closed-lost,2023-09-07,2023-10-13,
OPP_15668,Anita Rao,Starter Pack,Company_962,closed-won,2023-10-28,2023-11-23,15409.48
OPP_15669,Anita Rao,Analytics Pro,Company_706,closed-won,2023-02-21,2023-04-18,77571.86
OPP_15670,Sarah Chen,Analytics Pro,Company_843,closed-lost,2024-11-16,2024-12-25,
OPP_15671,Ryan Osei,Analytics Pro,Company_284,closed-lost,2023-08-25,2023-10-31,
OPP_15672,James Wu,Analytics Pro,Company_259,closed-lost,2023-08-08,2023-09-11,
OPP_15673,Sarah Chen,Enterprise Suite,Company_709,closed-lost,2023-08-21,2023-11-20,
OPP_15674,Ryan Osei,Starter Pack,Company_712,closed-won,2024-03-01,2024-03-30,9988.73
OPP_15675,Lisa Park,Starter Pack,Company_678,closed-lost,2023-10-26,2023-12-01,
OPP_15676,James Wu,Starter Pack,Company_652,closed-won,2024-02-04,2024-02-25,13938.33
OPP_15677,Mike Torres,Starter Pack,Company_162,closed-lost,2023-01-06,2023-02-25,
OPP_15678,Lisa Park,Starter Pack,Company_187,closed-won,2024-03-23,2024-04-30,7697.46
OPP_15679,Carlos Webb,Starter Pack,Company_966,closed-won,2023-03-05,2023-04-11,16059.9
OPP_15680,Anita Rao,Enterprise Suite,Company_732,closed-lost,2024-02-25,2024-05-01,
OPP_15681,Ryan Osei,Analytics Pro,Company_549,closed-lost,2023-07-08,2023-09-19,
OPP_15682,Anita Rao,Analytics Pro,Company_876,closed-lost,2024-03-20,2024-05-04,
OPP_15683,Anita Rao,Starter Pack,,closed-lost,2024-06-18,2024-07-19,
OPP_15684,Mike Torres,Analytics Pro,Company_842,closed-lost,2023-11-01,2023-12-31,
OPP_15685,James Wu,Starter Pack,Company_568,closed-lost,2024-10-27,2024-11-28,
OPP_15686,Lisa Park,Starter Pack,Company_130,closed-won,2024-04-17,2024-05-18,22707.34
OPP_15687,Sarah Chen,Analytics Pro,,closed-won,2024-10-27,2024-11-17,59202.39
OPP_15688,Mike Torres,Starter Pack,Company_234,closed-lost,2023-12-27,2024-01-21,
OPP_15689,Sarah Chen,Analytics Pro,Company_188,closed-lost,2023-03-12,2023-04-16,
OPP_15690,Mike Torres,Enterprise Suite,Company_825,closed-won,2023-08-27,2023-11-04,337387.77
OPP_15691,Mike Torres,Starter Pack,Company_446,closed-won,2024-05-06,2024-06-05,16596.41
OPP_15692,Carlos Webb,Analytics Pro,Company_756,closed-won,2023-01-31,2023-03-24,34808.24
OPP_15693,Priya Nair,Analytics Pro,Company_611,closed-lost,2023-10-13,2023-11-11,
OPP_15694,Sarah Chen,Enterprise Suite,Company_956,closed-lost,2024-04-15,2024-07-05,
OPP_15695,James Wu,Starter Pack,Company_742,closed-lost,2023-03-19,2023-04-07,
OPP_15696,Carlos Webb,Starter Pack,Company_582,closed-won,2023-12-27,2024-02-01,14844.05
OPP_15697,Sarah Chen,Starter Pack,Company_349,closed-won,2024-05-08,2024-06-09,14939.38
OPP_15698,Anita Rao,Starter Pack,Company_358,closed-won,2024-07-27,2024-08-25,12354.44
OPP_15699,Lisa Park,Starter Pack,Company_923,closed-lost,2024-06-26,2024-07-18,
OPP_15700,Sarah Chen,Analytics Pro,Company_389,closed-won,2024-04-27,2024-06-20,52771.81
OPP_15701,Priya Nair,Analytics Pro,Company_517,closed-won,2023-11-21,2024-01-04,51602.68
OPP_15702,Mike Torres,Starter Pack,Company_188,closed-lost,2023-04-13,2023-05-19,
OPP_15703,James Wu,Analytics Pro,Company_673,closed-won,2024-01-26,2024-03-05,71636.92
OPP_15704,Lisa Park,Starter Pack,Company_892,closed-won,2023-06-07,2023-07-01,10222.41
OPP_15705,Lisa Park,Starter Pack,Company_863,closed-won,2023-01-15,2023-02-17,18795.63
OPP_15706,James Wu,Enterprise Suite,Company_541,closed-lost,2024-07-23,2024-09-19,
OPP_15707,Anita Rao,Enterprise Suite,Company_164,closed-lost,2023-01-27,2023-02-12,
OPP_15708,Priya Nair,Enterprise Suite,Company_987,closed-won,2023-09-07,2023-11-30,209160.12
OPP_15709,Carlos Webb,Starter Pack,,closed-won,2023-01-09,2023-02-04,7500.0
OPP_15710,Mike Torres,Analytics Pro,Company_530,closed-lost,2023-09-27,2023-10-25,
OPP_15711,Sarah Chen,Enterprise Suite,Company_737,closed-lost,2023-09-04,2023-11-21,
OPP_15712,Priya Nair,Enterprise Suite,Company_955,closed-won,2024-04-17,2024-08-12,268765.6
OPP_15713,Carlos Webb,Analytics Pro,Company_39,closed-lost,2023-04-20,2023-06-07,
OPP_15714,Priya Nair,Starter Pack,Company_700,closed-lost,2024-09-12,2024-09-27,
OPP_15715,James Wu,Starter Pack,Company_390,closed-lost,2023-09-27,2023-10-21,
OPP_15716,Sarah Chen,Enterprise Suite,Company_59,closed-lost,2024-01-26,2024-04-04,
OPP_15717,Ryan Osei,Enterprise Suite,Company_122,closed-lost,2023-12-07,2024-04-19,
OPP_15718,James Wu,Enterprise Suite,Company_36,closed-won,2024-03-24,2024-06-28,125000.0
OPP_15719,Mike Torres,Starter Pack,Company_664,closed-won,2024-06-26,2024-07-07,14584.48
OPP_15720,Lisa Park,Enterprise Suite,Company_660,closed-lost,2024-07-18,2024-11-02,
OPP_15721,Ryan Osei,Analytics Pro,Company_702,closed-won,2023-07-22,2023-09-08,81297.92
OPP_15722,Ryan Osei,Analytics Pro,Company_932,closed-lost,2023-04-01,2023-06-02,
OPP_15723,James Wu,Enterprise Suite,Company_502,closed-won,2023-11-12,2024-01-09,336817.98
OPP_15724,Anita Rao,Analytics Pro,Company_651,closed-won,2024-07-28,2024-09-24,61580.94
OPP_15725,Lisa Park,Analytics Pro,Company_941,closed-lost,2024-11-03,2024-12-13,
OPP_15726,Priya Nair,Analytics Pro,Company_549,closed-won,2023-08-14,2023-09-17,42120.26
OPP_15727,Carlos Webb,Starter Pack,Company_147,closed-won,2023-04-03,2023-04-30,14756.28
OPP_15728,Anita Rao,Enterprise Suite,Company_748,closed-lost,2023-01-11,2023-02-19,
OPP_15729,Priya Nair,Analytics Pro,Company_263,closed-lost,2024-06-29,2024-08-16,
OPP_15730,Priya Nair,Analytics Pro,Company_757,closed-lost,2023-01-12,2023-02-05,
OPP_15731,Sarah Chen,Analytics Pro,Company_824,closed-won,2023-01-08,2023-01-25,62647.27
OPP_15732,Anita Rao,Starter Pack,Company_43,closed-lost,2024-05-29,2024-06-29,
OPP_15733,Lisa Park,Analytics Pro,Company_727,closed-won,2024-11-29,2025-01-23,62518.63
OPP_15734,James Wu,Analytics Pro,Company_128,closed-lost,2024-09-06,2024-09-21,
OPP_15735,Carlos Webb,Starter Pack,Company_964,closed-lost,2023-06-08,2023-07-19,
OPP_15736,Ryan Osei,Analytics Pro,Company_904,closed-lost,2024-02-24,2024-03-31,
OPP_15737,Ryan Osei,Analytics Pro,Company_751,closed-won,2024-10-28,2024-12-28,45783.53
OPP_15738,Lisa Park,Analytics Pro,Company_975,closed-lost,2023-03-15,2023-05-02,
OPP_15739,Ryan Osei,Analytics Pro,Company_372,closed-won,2023-02-18,2023-03-30,63563.37
OPP_15740,Carlos Webb,Analytics Pro,Company_681,closed-won,2023-03-10,2023-04-22,62268.66
OPP_15741,Ryan Osei,Starter Pack,Company_740,closed-lost,2023-11-25,2024-01-30,
OPP_15742,James Wu,Starter Pack,Company_222,closed-won,2024-07-30,2024-08-28,10892.66
OPP_15743,James Wu,Enterprise Suite,Company_199,closed-lost,2024-03-17,2024-07-15,
OPP_15744,Carlos Webb,Analytics Pro,Company_561,closed-lost,2024-01-04,2024-02-06,
OPP_15745,Ryan Osei,Analytics Pro,Company_659,closed-won,2023-04-11,2023-05-05,45122.97
OPP_15746,Anita Rao,Starter Pack,Company_402,closed-lost,2024-11-27,2024-12-25,
OPP_15747,Priya Nair,Analytics Pro,,closed-lost,2024-05-21,2024-07-23,
OPP_15748,Lisa Park,Analytics Pro,Company_926,closed-lost,2023-04-28,2023-05-27,
OPP_15749,Ryan Osei,Starter Pack,Company_204,closed-lost,2023-03-29,2023-05-08,
OPP_15750,James Wu,Analytics Pro,Company_564,closed-lost,2023-10-22,2023-12-11,
OPP_15751,Priya Nair,Enterprise Suite,Company_393,closed-lost,2024-09-30,2025-01-04,
OPP_15752,Ryan Osei,Starter Pack,Company_965,closed-lost,2024-01-12,2024-02-09,
OPP_15753,Lisa Park,Starter Pack,Company_710,closed-won,2024-05-01,2024-06-05,13878.42
OPP_15754,James Wu,Analytics Pro,Company_581,closed-lost,2023-11-07,2023-11-28,
OPP_15755,Priya Nair,Analytics Pro,Company_763,closed-lost,2023-11-18,2023-12-20,
OPP_15756,Priya Nair,Enterprise Suite,Company_411,closed-lost,2023-10-13,2023-11-23,
OPP_15757,James Wu,Starter Pack,Company_421,closed-won,2023-05-22,2023-06-29,12817.23
OPP_15758,Carlos Webb,Analytics Pro,Company_251,closed-lost,2024-09-08,2024-10-21,
OPP_15759,Priya Nair,Analytics Pro,Company_323,closed-won,2024-05-13,2024-07-12,75534.32
OPP_15760,Sarah Chen,Enterprise Suite,Company_99,closed-won,2023-12-24,2024-04-02,207217.55
OPP_15761,Mike Torres,Starter Pack,Company_21,closed-won,2024-08-21,2024-09-09,8438.45
OPP_15762,Sarah Chen,Starter Pack,Company_339,closed-lost,2023-01-28,2023-03-06,
OPP_15763,Mike Torres,Analytics Pro,Company_953,closed-won,2023-11-14,2023-12-27,53974.26
OPP_15764,Carlos Webb,Starter Pack,Company_761,closed-lost,2023-01-18,2023-03-07,
OPP_15765,Priya Nair,Starter Pack,Company_314,closed-lost,2023-11-23,2023-12-07,
OPP_15766,Mike Torres,Analytics Pro,Company_638,closed-won,2023-11-05,2023-12-09,31844.74
OPP_15767,Carlos Webb,Enterprise Suite,Company_926,closed-won,2023-03-13,2023-04-22,301888.76
OPP_15768,Lisa Park,Analytics Pro,Company_346,closed-lost,2024-05-10,2024-07-07,
OPP_15769,Priya Nair,Analytics Pro,Company_310,closed-lost,2023-11-28,2024-01-02,
OPP_15770,Mike Torres,Enterprise Suite,Company_163,closed-won,2024-02-16,2024-05-28,
OPP_15771,Priya Nair,Starter Pack,Company_425,closed-lost,2024-06-16,2024-07-17,
OPP_15772,Mike Torres,Enterprise Suite,Company_932,closed-lost,2023-02-10,2023-05-19,
OPP_15773,Ryan Osei,Starter Pack,Company_575,closed-won,2023-04-22,2023-05-26,14660.05
OPP_15774,Lisa Park,Enterprise Suite,Company_287,closed-lost,2023-11-03,2024-01-28,
OPP_15775,James Wu,Starter Pack,Company_679,closed-won,2024-10-12,2024-10-31,19749.93
OPP_15776,Priya Nair,Analytics Pro,Company_99,closed-lost,2024-03-07,2024-05-05,
OPP_15777,Sarah Chen,Starter Pack,Company_901,closed-won,2024-05-31,2024-07-05,
OPP_15778,Ryan Osei,Analytics Pro,Company_388,closed-won,2023-04-21,2023-06-24,74915.47
OPP_15779,Lisa Park,Starter Pack,Company_785,closed-lost,2023-01-17,2023-02-18,
OPP_15780,Sarah Chen,Enterprise Suite,Company_704,closed-won,2023-05-09,2023-07-18,194043.22
OPP_15781,Carlos Webb,Analytics Pro,Company_598,closed-lost,2024-01-17,2024-03-09,
OPP_15782,Priya Nair,Analytics Pro,Company_915,closed-lost,2023-03-23,2023-05-08,
OPP_15783,Sarah Chen,Analytics Pro,Company_969,closed-lost,2024-11-21,2024-12-25,
OPP_15784,Carlos Webb,Analytics Pro,Company_87,closed-lost,2024-08-15,2024-09-23,
OPP_15785,Carlos Webb,Starter Pack,Company_181,closed-lost,2024-07-19,2024-08-05,
OPP_15786,Priya Nair,Enterprise Suite,Company_307,closed-lost,2024-09-03,2024-11-28,
OPP_15787,Ryan Osei,Starter Pack,Company_113,closed-lost,2024-03-08,2024-03-25,
OPP_15788,James Wu,Enterprise Suite,Company_328,closed-lost,2024-05-02,2024-08-30,
OPP_15789,Anita Rao,Enterprise Suite,Company_811,closed-lost,2024-03-03,2024-06-25,
OPP_15790,Mike Torres,Analytics Pro,Company_617,closed-won,2024-01-13,2024-02-14,44872.05
OPP_15791,Lisa Park,Starter Pack,Company_636,closed-lost,2023-06-04,2023-07-09,
OPP_15792,Ryan Osei,Starter Pack,Company_373,closed-won,2023-11-26,2024-01-09,8344.6
OPP_15793,Anita Rao,Starter Pack,Company_525,closed-won,2023-12-11,2024-01-10,9044.59
OPP_15794,Anita Rao,Enterprise Suite,Company_925,closed-lost,2024-03-09,2024-05-04,
OPP_15795,Sarah Chen,Analytics Pro,Company_326,closed-won,2024-05-30,2024-07-01,67268.23
OPP_15796,Priya Nair,Starter Pack,Company_664,closed-won,2024-07-28,2024-08-19,13129.48
OPP_15797,James Wu,Enterprise Suite,Company_313,closed-lost,2023-11-17,2024-01-18,
OPP_15798,Anita Rao,Analytics Pro,Company_443,closed-lost,2024-10-17,2024-11-30,
OPP_15799,Carlos Webb,Starter Pack,Company_279,closed-lost,2023-12-31,2024-01-20,
OPP_15800,Lisa Park,Enterprise Suite,Company_82,closed-lost,2024-08-13,2024-11-19,
OPP_15801,Carlos Webb,Enterprise Suite,Company_32,closed-lost,2023-05-30,2023-09-08,
OPP_15802,Priya Nair,Enterprise Suite,Company_10,closed-lost,2024-02-03,2024-05-17,
OPP_15803,Sarah Chen,Analytics Pro,Company_389,closed-won,2024-02-07,2024-03-28,45936.46
OPP_15804,James Wu,Analytics Pro,Company_389,closed-lost,2023-10-12,2023-11-21,
OPP_15805,Ryan Osei,Starter Pack,Company_711,closed-won,2023-09-07,2023-10-14,12170.96
OPP_15806,Anita Rao,Enterprise Suite,Company_384,closed-lost,2023-03-31,2023-06-16,
OPP_15807,Carlos Webb,Analytics Pro,Company_822,closed-won,2024-06-27,2024-09-06,57209.2
OPP_15808,Ryan Osei,Analytics Pro,Company_724,closed-won,2024-01-06,2024-02-11,83196.32
OPP_15809,Carlos Webb,Starter Pack,Company_965,closed-lost,2023-06-03,2023-06-30,
OPP_15810,Carlos Webb,Enterprise Suite,Company_267,closed-lost,2023-01-23,2023-04-22,
OPP_15811,James Wu,Analytics Pro,Company_288,closed-won,2023-12-05,2024-01-16,37354.27
OPP_15812,Anita Rao,Starter Pack,Company_935,closed-lost,2023-01-02,2023-01-17,
OPP_15813,Lisa Park,Enterprise Suite,Company_86,closed-lost,2023-01-07,2023-07-23,
OPP_15814,Carlos Webb,Enterprise Suite,Company_917,closed-lost,2024-11-23,2024-12-10,
OPP_15815,Mike Torres,Starter Pack,Company_830,closed-won,2023-06-06,2023-07-24,17938.88
OPP_15816,Priya Nair,Starter Pack,Company_248,closed-lost,2024-05-09,2024-05-24,
OPP_15817,Mike Torres,Starter Pack,Company_382,closed-lost,2024-01-22,2024-02-14,
OPP_15818,Mike Torres,Starter Pack,Company_585,closed-won,2024-05-03,2024-05-25,12649.97
OPP_15819,James Wu,Starter Pack,Company_884,closed-lost,2024-04-03,2024-05-06,
OPP_15820,Mike Torres,Starter Pack,Company_740,closed-lost,2024-11-12,2024-12-08,
OPP_15821,Sarah Chen,Enterprise Suite,Company_826,closed-won,2023-04-16,2023-05-27,177044.8
OPP_15822,Carlos Webb,Enterprise Suite,Company_72,closed-won,2023-06-20,2023-09-21,278447.34
OPP_15823,Priya Nair,Enterprise Suite,Company_641,closed-lost,2023-09-21,2023-12-10,
OPP_15824,Lisa Park,Enterprise Suite,Company_894,closed-lost,2024-02-25,2024-05-11,
OPP_15825,Carlos Webb,Enterprise Suite,Company_108,closed-lost,2024-11-18,2025-01-14,
OPP_15826,Mike Torres,Starter Pack,Company_721,closed-lost,2024-02-23,2024-03-25,
OPP_15827,Priya Nair,Starter Pack,Company_940,closed-won,2023-06-22,2023-07-19,13345.88
OPP_15828,Mike Torres,Starter Pack,Company_93,closed-won,2023-02-21,2023-03-26,9909.21
OPP_15829,Mike Torres,Starter Pack,Company_443,closed-lost,2024-06-01,2024-07-03,
OPP_15830,James Wu,Starter Pack,Company_51,closed-won,2023-02-12,2023-03-08,13703.36
OPP_15831,Mike Torres,Analytics Pro,Company_328,closed-lost,2023-06-18,2023-07-21,
OPP_15832,James Wu,Analytics Pro,Company_837,closed-lost,2023-10-29,2023-12-22,
OPP_15833,James Wu,Enterprise Suite,Company_507,closed-lost,2024-02-29,2024-06-27,
OPP_15834,Priya Nair,Analytics Pro,Company_294,closed-lost,2023-04-01,2023-05-06,
OPP_15835,Sarah Chen,Analytics Pro,Company_189,closed-won,2023-11-26,2024-02-09,42691.22
OPP_15836,Sarah Chen,Starter Pack,Company_180,closed-won,2023-07-28,2023-09-01,9506.62
OPP_15837,James Wu,Analytics Pro,Company_147,closed-lost,2024-03-23,2024-05-23,
OPP_15838,James Wu,Enterprise Suite,Company_126,closed-lost,2024-05-28,2024-10-15,
OPP_15839,Mike Torres,Starter Pack,Company_191,closed-won,2023-11-18,2023-12-12,12762.42
OPP_15840,Carlos Webb,Starter Pack,Company_166,closed-lost,2024-07-08,2024-08-05,
OPP_15841,Ryan Osei,Enterprise Suite,Company_856,closed-won,2023-02-08,2023-03-27,173231.42
OPP_15842,Anita Rao,Enterprise Suite,Company_422,closed-lost,2024-10-29,2025-01-21,
OPP_15843,Anita Rao,Starter Pack,Company_436,closed-won,2024-06-03,2024-07-02,16354.94
OPP_15844,Anita Rao,Analytics Pro,,closed-lost,2023-08-20,2023-11-01,
OPP_15845,James Wu,Enterprise Suite,Company_7,closed-lost,2023-03-28,2023-08-20,
OPP_15846,Anita Rao,Analytics Pro,Company_772,closed-lost,2023-12-15,2024-01-24,
OPP_15847,Priya Nair,Starter Pack,,closed-lost,2023-11-18,2023-12-26,
OPP_15848,Mike Torres,Analytics Pro,Company_352,closed-won,2024-04-07,2024-05-31,52274.76
OPP_15849,Sarah Chen,Enterprise Suite,Company_773,closed-lost,2023-09-27,2023-11-11,
OPP_15850,Ryan Osei,Starter Pack,Company_690,closed-lost,2023-11-04,2023-12-11,
OPP_15851,Lisa Park,Starter Pack,Company_762,closed-lost,2024-08-11,2024-08-30,
OPP_15852,Mike Torres,Analytics Pro,Company_602,closed-lost,2023-02-07,2023-03-25,
OPP_15853,Carlos Webb,Enterprise Suite,Company_697,closed-won,2023-06-30,2023-10-04,125000.0
OPP_15854,Mike Torres,Enterprise Suite,Company_268,closed-won,2023-04-12,2023-05-23,295220.4
OPP_15855,Carlos Webb,Analytics Pro,Company_366,closed-lost,2023-11-06,2024-01-01,
OPP_15856,Lisa Park,Analytics Pro,,closed-lost,2023-10-13,2023-11-25,
OPP_15857,Anita Rao,Analytics Pro,Company_320,closed-lost,2024-03-23,2024-06-19,
OPP_15858,James Wu,Starter Pack,Company_601,closed-lost,2024-08-30,2024-10-06,
OPP_15859,Priya Nair,Starter Pack,Company_707,closed-lost,2023-05-20,2023-06-09,
OPP_15860,Carlos Webb,Analytics Pro,Company_476,closed-won,2023-12-02,2024-01-08,57636.3
OPP_15861,Lisa Park,Analytics Pro,Company_945,closed-won,2024-04-12,2024-05-15,65933.17
OPP_15862,Ryan Osei,Analytics Pro,Company_889,closed-lost,2023-07-29,2023-09-17,
OPP_15863,Lisa Park,Analytics Pro,Company_156,closed-lost,2023-06-29,2023-08-24,
OPP_15864,Priya Nair,Enterprise Suite,Company_768,closed-lost,2024-10-20,2025-02-13,
OPP_15865,Ryan Osei,Analytics Pro,,closed-lost,2024-09-14,2024-10-19,
OPP_15866,Sarah Chen,Starter Pack,Company_807,closed-won,2024-08-21,2024-09-11,13952.59
OPP_15867,Carlos Webb,Analytics Pro,Company_891,closed-won,2023-02-14,2023-03-26,75395.51
OPP_15868,Priya Nair,Analytics Pro,Company_374,closed-won,2023-11-28,2024-01-10,68757.51
OPP_15869,Sarah Chen,Analytics Pro,Company_810,closed-won,2024-07-09,2024-08-05,34678.17
OPP_15870,Priya Nair,Starter Pack,Company_607,closed-lost,2024-10-03,2024-10-22,
OPP_15871,Priya Nair,Starter Pack,Company_97,closed-lost,2023-03-06,2023-04-13,
OPP_15872,Sarah Chen,Analytics Pro,Company_483,closed-lost,2023-06-07,2023-08-27,
OPP_15873,Priya Nair,Analytics Pro,Company_345,closed-lost,2023-08-11,2023-10-19,
OPP_15874,James Wu,Starter Pack,,closed-lost,2024-04-23,2024-05-24,
OPP_15875,Ryan Osei,Starter Pack,Company_310,closed-won,2023-11-05,2023-11-27,7500.0
OPP_15876,Anita Rao,Starter Pack,Company_194,closed-lost,2023-02-24,2023-04-01,
OPP_15877,Lisa Park,Enterprise Suite,,closed-lost,2023-02-18,2023-04-25,
OPP_15878,Lisa Park,Analytics Pro,Company_445,closed-won,2024-10-23,2025-01-02,43543.22
OPP_15879,Priya Nair,Analytics Pro,Company_992,closed-lost,2023-06-04,2023-07-04,
OPP_15880,Sarah Chen,Analytics Pro,Company_984,closed-lost,2024-07-21,2024-09-05,
OPP_15881,Mike Torres,Starter Pack,Company_975,closed-won,2024-04-30,2024-05-30,18171.26
OPP_15882,Carlos Webb,Enterprise Suite,Company_488,closed-lost,2023-07-30,2023-11-21,
OPP_15883,Anita Rao,Starter Pack,Company_240,closed-lost,2024-04-19,2024-05-20,
OPP_15884,Lisa Park,Starter Pack,Company_426,closed-won,2024-07-19,2024-08-19,19703.82
OPP_15885,Lisa Park,Starter Pack,Company_979,closed-lost,2024-03-26,2024-05-02,
OPP_15886,Anita Rao,Enterprise Suite,Company_162,closed-lost,2024-07-30,2024-10-23,
OPP_15887,Carlos Webb,Enterprise Suite,Company_318,closed-lost,2024-07-08,2024-11-01,
OPP_15888,Ryan Osei,Enterprise Suite,Company_124,closed-lost,2024-10-01,2025-01-19,
OPP_15889,Priya Nair,Enterprise Suite,Company_288,closed-lost,2024-09-16,2025-02-08,
OPP_15890,Carlos Webb,Enterprise Suite,Company_382,closed-lost,2023-04-28,2023-07-17,
OPP_15891,Priya Nair,Analytics Pro,Company_578,closed-lost,2024-07-13,2024-08-11,
OPP_15892,Lisa Park,Starter Pack,Company_18,closed-lost,2024-03-23,2024-04-23,
OPP_15893,Lisa Park,Analytics Pro,Company_427,closed-won,2023-03-31,2023-05-11,
OPP_15894,James Wu,Starter Pack,Company_967,closed-lost,2024-10-17,2024-11-07,
OPP_15895,Carlos Webb,Enterprise Suite,Company_239,closed-won,2023-09-18,2023-11-30,277055.75
OPP_15896,Carlos Webb,Enterprise Suite,Company_937,closed-lost,2024-05-13,2024-08-23,
OPP_15897,Lisa Park,Analytics Pro,Company_568,closed-lost,2023-12-14,2024-01-22,
OPP_15898,Carlos Webb,Enterprise Suite,,closed-won,2024-11-09,2025-02-12,169917.93
OPP_15899,Carlos Webb,Enterprise Suite,Company_199,closed-lost,2023-07-03,2023-10-23,
OPP_15900,Priya Nair,Analytics Pro,Company_800,closed-lost,2023-12-14,2024-01-21,
OPP_15901,James Wu,Enterprise Suite,Company_607,closed-lost,2023-09-20,2023-12-06,
OPP_15902,James Wu,Starter Pack,Company_500,closed-lost,2024-10-22,2024-11-06,
OPP_15903,Lisa Park,Starter Pack,Company_320,closed-lost,2023-06-15,2023-07-15,
OPP_15904,Mike Torres,Analytics Pro,Company_768,closed-lost,2024-01-04,2024-03-15,
OPP_15905,Priya Nair,Enterprise Suite,Company_329,closed-lost,2024-07-17,2024-10-06,
OPP_15906,Mike Torres,Enterprise Suite,Company_502,closed-lost,2023-08-15,2023-10-13,
OPP_15907,Lisa Park,Enterprise Suite,Company_922,closed-won,2023-03-05,2023-05-12,224139.44
OPP_15908,Anita Rao,Starter Pack,Company_460,closed-won,2024-06-05,2024-07-06,23989.02
OPP_15909,Ryan Osei,Starter Pack,Company_810,closed-lost,2024-08-10,2024-09-07,
OPP_15910,Anita Rao,Enterprise Suite,Company_146,closed-lost,2023-03-20,2023-08-01,
OPP_15911,Carlos Webb,Starter Pack,Company_485,closed-won,2023-03-07,2023-03-27,
OPP_15912,James Wu,Starter Pack,Company_648,closed-won,2024-03-11,2024-04-17,14304.67
OPP_15913,Sarah Chen,Analytics Pro,Company_364,closed-won,2023-03-15,2023-04-19,74109.2
OPP_15914,Lisa Park,Enterprise Suite,Company_149,closed-lost,2024-09-19,2024-11-28,
OPP_15915,Anita Rao,Analytics Pro,Company_496,closed-lost,2024-07-03,2024-08-27,
OPP_15916,Carlos Webb,Enterprise Suite,Company_904,closed-lost,2023-09-10,2023-11-07,
OPP_15917,James Wu,Enterprise Suite,Company_192,closed-lost,2023-06-06,2023-09-08,
OPP_15918,Mike Torres,Analytics Pro,Company_751,closed-lost,2024-06-18,2024-07-29,
OPP_15919,Sarah Chen,Enterprise Suite,Company_906,closed-lost,2023-11-10,2024-03-04,
OPP_15920,James Wu,Enterprise Suite,Company_818,closed-lost,2023-12-15,2024-03-26,
OPP_15921,Anita Rao,Starter Pack,Company_809,closed-won,2023-09-23,2023-10-11,16321.51
OPP_15922,Ryan Osei,Analytics Pro,Company_717,closed-won,2023-08-03,2023-09-16,73944.87
OPP_15923,Sarah Chen,Analytics Pro,Company_267,closed-lost,2023-02-05,2023-03-26,
OPP_15924,James Wu,Starter Pack,Company_303,closed-lost,2024-03-02,2024-04-05,
OPP_15925,Sarah Chen,Starter Pack,Company_667,closed-won,2023-06-29,2023-08-12,21981.8
OPP_15926,Ryan Osei,Starter Pack,Company_377,closed-lost,2023-03-13,2023-03-31,
OPP_15927,Lisa Park,Starter Pack,Company_457,closed-won,2023-05-05,2023-05-31,18369.91
OPP_15928,Ryan Osei,Enterprise Suite,Company_160,closed-won,2023-08-10,2023-11-28,376541.1
OPP_15929,Lisa Park,Analytics Pro,Company_110,closed-won,2023-05-02,2023-07-07,65413.33
OPP_15930,Anita Rao,Analytics Pro,Company_282,closed-lost,2023-07-30,2023-09-10,
OPP_15931,James Wu,Enterprise Suite,Company_621,closed-won,2024-05-04,2024-07-10,140644.87
OPP_15932,Lisa Park,Analytics Pro,,closed-won,2024-09-01,2024-11-06,58244.36
OPP_15933,Priya Nair,Analytics Pro,Company_979,closed-won,2024-11-21,2024-12-11,35317.54
OPP_15934,Sarah Chen,Starter Pack,Company_53,closed-won,2024-05-14,2024-06-20,18048.14
OPP_15935,Carlos Webb,Enterprise Suite,Company_488,closed-lost,2024-02-12,2024-05-07,
OPP_15936,Carlos Webb,Starter Pack,Company_322,closed-won,2024-05-01,2024-05-26,15056.58
OPP_15937,Ryan Osei,Enterprise Suite,Company_26,closed-lost,2023-02-27,2023-07-16,
OPP_15938,Ryan Osei,Enterprise Suite,Company_331,closed-lost,2023-04-12,2023-07-13,
OPP_15939,Ryan Osei,Starter Pack,Company_334,closed-won,2023-05-31,2023-06-29,11459.09
OPP_15940,Sarah Chen,Enterprise Suite,Company_289,closed-lost,2023-08-23,2023-11-19,
OPP_15941,Carlos Webb,Enterprise Suite,Company_774,closed-lost,2024-05-18,2024-08-26,
OPP_15942,Sarah Chen,Enterprise Suite,Company_57,closed-lost,2023-08-26,2023-09-24,
OPP_15943,Priya Nair,Analytics Pro,Company_65,closed-won,2023-11-04,2024-01-01,50694.34
OPP_15944,Mike Torres,Starter Pack,Company_155,closed-won,2023-11-23,2023-12-17,13742.82
OPP_15945,Mike Torres,Enterprise Suite,Company_167,closed-won,2024-08-31,2024-11-23,
OPP_15946,James Wu,Starter Pack,Company_772,closed-won,2023-11-10,2023-12-16,12041.76
OPP_15947,Carlos Webb,Analytics Pro,Company_346,closed-lost,2023-05-15,2023-07-12,
OPP_15948,Mike Torres,Analytics Pro,Company_351,closed-lost,2023-05-05,2023-06-07,
OPP_15949,Mike Torres,Analytics Pro,Company_410,closed-lost,2024-02-11,2024-03-08,
OPP_15950,Sarah Chen,Enterprise Suite,Company_426,closed-lost,2023-05-29,2023-08-24,
OPP_15951,Ryan Osei,Enterprise Suite,Company_158,closed-lost,2023-02-19,2023-05-14,
OPP_15952,Mike Torres,Starter Pack,Company_459,closed-won,2023-04-12,2023-05-02,21189.47
OPP_15953,Priya Nair,Starter Pack,Company_781,closed-lost,2023-12-25,2024-01-22,
OPP_15954,Anita Rao,Starter Pack,Company_245,closed-won,2024-01-23,2024-03-08,23492.54
OPP_15955,Sarah Chen,Enterprise Suite,Company_699,closed-lost,2024-03-16,2024-06-02,
OPP_15956,Sarah Chen,Starter Pack,Company_658,closed-won,2023-09-25,2023-10-23,15429.48
OPP_15957,James Wu,Analytics Pro,Company_43,closed-lost,2024-07-19,2024-08-31,
OPP_15958,Sarah Chen,Starter Pack,,closed-won,2024-01-31,2024-02-22,11606.95
OPP_15959,James Wu,Starter Pack,Company_977,closed-lost,2024-09-07,2024-10-07,
OPP_15960,Priya Nair,Enterprise Suite,Company_327,closed-lost,2023-01-28,2023-06-08,
OPP_15961,Carlos Webb,Analytics Pro,Company_774,closed-won,2023-11-22,2024-01-30,47972.2
OPP_15962,Ryan Osei,Starter Pack,Company_522,closed-won,2024-01-23,2024-02-09,9351.31
OPP_15963,Anita Rao,Analytics Pro,Company_24,closed-lost,2023-06-20,2023-09-06,
OPP_15964,Ryan Osei,Enterprise Suite,Company_69,closed-lost,2024-01-23,2024-04-24,
OPP_15965,Sarah Chen,Starter Pack,Company_603,closed-won,2024-03-28,2024-04-12,15278.88
OPP_15966,Sarah Chen,Starter Pack,Company_235,closed-won,2023-12-18,2024-01-15,11824.04
OPP_15967,Lisa Park,Starter Pack,Company_357,closed-won,2023-09-02,2023-09-29,7500.0
OPP_15968,Mike Torres,Enterprise Suite,Company_902,closed-lost,2024-06-08,2024-08-04,
OPP_15969,Carlos Webb,Enterprise Suite,Company_920,closed-lost,2023-03-01,2023-07-31,
OPP_15970,Priya Nair,Analytics Pro,Company_217,closed-lost,2024-02-12,2024-03-14,
OPP_15971,Priya Nair,Enterprise Suite,,closed-won,2023-07-02,2023-11-07,220775.71
OPP_15972,Anita Rao,Analytics Pro,Company_569,closed-lost,2023-08-24,2023-10-14,
OPP_15973,Carlos Webb,Enterprise Suite,,closed-lost,2023-04-18,2023-06-21,
OPP_15974,Priya Nair,Starter Pack,,closed-won,2023-11-23,2024-01-09,8051.51
OPP_15975,Anita Rao,Analytics Pro,Company_200,closed-lost,2023-06-29,2023-08-20,
OPP_15976,Carlos Webb,Analytics Pro,Company_402,closed-lost,2023-09-18,2023-11-08,
OPP_15977,Mike Torres,Enterprise Suite,Company_292,closed-lost,2024-09-03,2024-12-06,
OPP_15978,Lisa Park,Starter Pack,Company_456,closed-lost,2024-05-10,2024-06-14,
OPP_15979,Ryan Osei,Starter Pack,Company_189,closed-lost,2024-06-24,2024-07-18,
OPP_15980,Mike Torres,Starter Pack,Company_396,closed-won,2024-04-16,2024-05-23,22075.03
OPP_15981,Mike Torres,Enterprise Suite,Company_955,closed-lost,2023-01-30,2023-04-16,
OPP_15982,James Wu,Starter Pack,Company_777,closed-won,2023-08-15,2023-09-25,9484.7
OPP_15983,Anita Rao,Enterprise Suite,Company_690,closed-won,2023-06-08,2023-10-07,227636.52
OPP_15984,James Wu,Enterprise Suite,Company_837,closed-lost,2023-10-05,2024-01-28,
OPP_15985,Anita Rao,Analytics Pro,Company_474,closed-lost,2023-07-31,2023-09-25,
OPP_15986,Sarah Chen,Enterprise Suite,Company_641,closed-lost,2023-06-30,2023-08-23,
OPP_15987,James Wu,Enterprise Suite,Company_911,closed-lost,2024-04-01,2024-06-17,
OPP_15988,Anita Rao,Starter Pack,Company_523,closed-lost,2023-09-26,2023-10-21,
OPP_15989,Sarah Chen,Analytics Pro,Company_12,closed-won,2024-04-08,2024-05-21,43229.13
OPP_15990,James Wu,Starter Pack,Company_881,closed-lost,2023-09-25,2023-10-07,
OPP_15991,Carlos Webb,Starter Pack,Company_511,closed-lost,2023-02-28,2023-04-14,
OPP_15992,Ryan Osei,Enterprise Suite,Company_335,closed-lost,2023-06-05,2023-07-05,
OPP_15993,Lisa Park,Analytics Pro,Company_616,closed-lost,2023-03-26,2023-05-29,
OPP_15994,Priya Nair,Analytics Pro,Company_491,closed-lost,2024-08-14,2024-10-05,
OPP_15995,Anita Rao,Enterprise Suite,Company_877,closed-lost,2023-06-13,2023-10-22,
OPP_15996,James Wu,Starter Pack,Company_631,closed-won,2024-01-03,2024-01-27,15816.32
OPP_15997,Mike Torres,Starter Pack,Company_873,closed-won,2023-04-10,2023-05-02,22801.83
OPP_15998,Sarah Chen,Enterprise Suite,Company_51,closed-won,2023-06-03,2023-10-28,449033.63
OPP_15999,Sarah Chen,Analytics Pro,Company_952,closed-won,2024-09-06,2024-10-27,42716.95
OPP_16000,Sarah Chen,Analytics Pro,Company_455,closed-won,2023-06-26,2023-07-29,57280.63
OPP_16001,Ryan Osei,Enterprise Suite,Company_581,closed-lost,2024-05-23,2024-09-21,
OPP_16002,Priya Nair,Starter Pack,Company_54,closed-lost,2024-04-24,2024-05-24,
OPP_16003,Carlos Webb,Starter Pack,Company_661,closed-won,2023-01-14,2023-02-14,20987.74
OPP_16004,James Wu,Analytics Pro,Company_759,closed-won,2023-11-13,2024-01-19,54968.54
OPP_16005,Carlos Webb,Starter Pack,Company_286,closed-lost,2023-09-20,2023-11-03,
OPP_16006,Ryan Osei,Enterprise Suite,,closed-lost,2023-02-16,2023-04-26,
OPP_16007,Anita Rao,Starter Pack,Company_920,closed-won,2024-03-19,2024-04-25,16075.18
OPP_16008,Mike Torres,Analytics Pro,Company_145,closed-lost,2023-06-16,2023-08-10,
OPP_16009,Anita Rao,Analytics Pro,Company_952,closed-lost,2023-12-06,2024-01-30,
OPP_16010,James Wu,Starter Pack,Company_941,closed-won,2024-10-26,2024-11-30,10165.43
OPP_16011,Sarah Chen,Analytics Pro,Company_178,closed-won,2023-12-01,2023-12-30,53223.25
OPP_16012,Sarah Chen,Starter Pack,Company_88,closed-won,2024-07-31,2024-09-03,
OPP_16013,James Wu,Analytics Pro,Company_890,closed-lost,2023-01-30,2023-03-01,
OPP_16014,Anita Rao,Analytics Pro,Company_23,closed-lost,2024-11-11,2024-12-05,
OPP_16015,Lisa Park,Starter Pack,Company_748,closed-won,2023-07-08,2023-08-01,14824.16
OPP_16016,Priya Nair,Starter Pack,Company_66,closed-won,2024-09-10,2024-10-22,7500.0
OPP_16017,Ryan Osei,Enterprise Suite,,closed-lost,2024-07-07,2024-09-21,
OPP_16018,Sarah Chen,Starter Pack,Company_509,closed-lost,2023-10-05,2023-10-30,
OPP_16019,Ryan Osei,Analytics Pro,,closed-lost,2024-03-19,2024-05-01,
OPP_16020,Priya Nair,Starter Pack,Company_590,closed-lost,2024-04-20,2024-05-26,
OPP_16021,Sarah Chen,Enterprise Suite,Company_64,closed-lost,2023-05-11,2023-07-12,
OPP_16022,Anita Rao,Enterprise Suite,Company_288,closed-lost,2023-09-30,2024-01-14,
OPP_16023,Lisa Park,Starter Pack,Company_821,closed-won,2023-07-22,2023-08-19,17990.68
OPP_16024,Anita Rao,Starter Pack,Company_687,closed-lost,2023-12-04,2024-01-05,
OPP_16025,Anita Rao,Starter Pack,Company_240,closed-won,2024-02-13,2024-03-24,21712.32
OPP_16026,Lisa Park,Starter Pack,Company_665,closed-lost,2024-01-11,2024-01-27,
OPP_16027,Sarah Chen,Enterprise Suite,Company_855,closed-lost,2023-03-19,2023-05-16,
OPP_16028,Ryan Osei,Enterprise Suite,Company_974,closed-lost,2023-01-06,2023-03-15,
OPP_16029,Lisa Park,Starter Pack,Company_732,closed-lost,2024-03-26,2024-04-06,
OPP_16030,Sarah Chen,Analytics Pro,Company_372,closed-lost,2024-03-12,2024-04-12,
OPP_16031,Mike Torres,Enterprise Suite,Company_376,closed-won,2024-05-21,2024-09-11,125000.0
OPP_16032,Lisa Park,Analytics Pro,Company_557,closed-lost,2024-07-26,2024-09-06,
OPP_16033,Priya Nair,Analytics Pro,Company_674,closed-lost,2024-09-06,2024-11-01,
OPP_16034,Carlos Webb,Enterprise Suite,Company_564,closed-won,2023-10-26,2024-01-13,213469.16
OPP_16035,Priya Nair,Analytics Pro,Company_752,closed-lost,2023-07-24,2023-08-31,
OPP_16036,Carlos Webb,Analytics Pro,Company_178,closed-lost,2023-02-08,2023-04-05,
OPP_16037,Ryan Osei,Analytics Pro,Company_478,closed-won,2024-06-01,2024-07-16,37532.07
OPP_16038,Carlos Webb,Analytics Pro,,closed-lost,2023-03-17,2023-05-03,
OPP_16039,Lisa Park,Enterprise Suite,Company_555,closed-lost,2023-06-04,2023-09-23,
OPP_16040,Ryan Osei,Analytics Pro,Company_984,closed-lost,2023-11-13,2024-01-24,
OPP_16041,Ryan Osei,Starter Pack,Company_616,closed-won,2024-11-23,2024-12-20,17015.04
OPP_16042,Anita Rao,Starter Pack,Company_340,closed-lost,2023-02-08,2023-02-25,
OPP_16043,Carlos Webb,Enterprise Suite,,closed-lost,2024-03-27,2024-05-21,
OPP_16044,Lisa Park,Enterprise Suite,Company_882,closed-lost,2023-08-29,2023-12-09,
OPP_16045,Priya Nair,Starter Pack,Company_351,closed-won,2024-07-31,2024-09-15,18480.21
OPP_16046,Priya Nair,Enterprise Suite,Company_349,closed-won,2024-01-10,2024-04-15,324899.02
OPP_16047,Priya Nair,Enterprise Suite,Company_142,closed-lost,2024-05-03,2024-08-12,
OPP_16048,James Wu,Enterprise Suite,Company_405,closed-won,2024-09-24,2024-12-13,377015.44
OPP_16049,Mike Torres,Analytics Pro,Company_901,closed-won,2024-07-24,2024-08-15,58743.83
OPP_16050,Mike Torres,Enterprise Suite,Company_557,closed-lost,2024-07-17,2024-11-01,
OPP_16051,Sarah Chen,Enterprise Suite,Company_106,closed-lost,2024-09-06,2024-11-10,
OPP_16052,Sarah Chen,Analytics Pro,Company_956,closed-won,2023-06-26,2023-08-03,
OPP_16053,Priya Nair,Enterprise Suite,Company_232,closed-won,2024-10-24,2025-02-20,217941.14
OPP_16054,Carlos Webb,Analytics Pro,Company_119,closed-lost,2023-11-12,2023-12-22,
OPP_16055,Carlos Webb,Enterprise Suite,Company_856,closed-lost,2023-12-20,2024-05-22,
OPP_16056,Carlos Webb,Enterprise Suite,Company_959,closed-lost,2024-01-25,2024-05-16,
OPP_16057,Ryan Osei,Enterprise Suite,Company_672,closed-won,2023-06-17,2023-08-27,208956.47
OPP_16058,Ryan Osei,Starter Pack,Company_590,closed-lost,2023-10-01,2023-10-23,
OPP_16059,Carlos Webb,Enterprise Suite,Company_417,closed-lost,2023-07-01,2023-10-29,
OPP_16060,Mike Torres,Starter Pack,,closed-won,2023-08-13,2023-09-24,26207.88
OPP_16061,Lisa Park,Starter Pack,Company_854,closed-won,2023-06-22,2023-07-26,9309.13
OPP_16062,James Wu,Enterprise Suite,Company_0,closed-lost,2024-04-19,2024-06-29,
OPP_16063,Mike Torres,Analytics Pro,Company_147,closed-lost,2024-07-19,2024-09-18,
OPP_16064,Mike Torres,Enterprise Suite,Company_972,closed-lost,2023-11-25,2024-03-23,
OPP_16065,Anita Rao,Starter Pack,Company_773,closed-lost,2024-09-11,2024-10-23,
OPP_16066,Ryan Osei,Analytics Pro,Company_845,closed-won,2023-01-08,2023-03-13,82186.45
OPP_16067,James Wu,Enterprise Suite,Company_653,closed-lost,2023-01-31,2023-05-02,
OPP_16068,Mike Torres,Starter Pack,Company_24,closed-won,2023-06-14,2023-07-04,7500.0
OPP_16069,Sarah Chen,Starter Pack,Company_302,closed-lost,2024-06-17,2024-07-14,
OPP_16070,Mike Torres,Starter Pack,Company_190,closed-won,2024-05-13,2024-06-12,13822.2
OPP_16071,Mike Torres,Starter Pack,Company_259,closed-lost,2024-11-10,2024-12-03,
OPP_16072,Lisa Park,Starter Pack,Company_432,closed-lost,2023-05-06,2023-06-07,
OPP_16073,Carlos Webb,Enterprise Suite,Company_412,closed-won,2023-01-07,2023-04-22,293388.63
OPP_16074,Sarah Chen,Enterprise Suite,Company_611,closed-won,2023-04-30,2023-09-29,187159.35
OPP_16075,Anita Rao,Analytics Pro,Company_397,closed-lost,2023-10-20,2023-11-22,
OPP_16076,Carlos Webb,Starter Pack,Company_311,closed-lost,2023-09-17,2023-10-09,
OPP_16077,Ryan Osei,Enterprise Suite,Company_603,closed-lost,2024-08-14,2024-09-24,
OPP_16078,Lisa Park,Enterprise Suite,Company_629,closed-won,2023-10-11,2023-12-24,418884.64
OPP_16079,Sarah Chen,Enterprise Suite,Company_503,closed-lost,2024-08-22,2024-10-09,
OPP_16080,Sarah Chen,Analytics Pro,Company_327,closed-won,2024-03-26,2024-05-19,72590.82
OPP_16081,Carlos Webb,Starter Pack,Company_261,closed-won,2023-05-02,2023-05-24,11972.74
OPP_16082,Lisa Park,Analytics Pro,Company_770,closed-lost,2024-09-20,2024-11-19,
OPP_16083,Mike Torres,Analytics Pro,Company_705,closed-lost,2024-08-08,2024-09-10,
OPP_16084,Carlos Webb,Enterprise Suite,Company_502,closed-won,2024-04-11,2024-08-08,201700.71
OPP_16085,Sarah Chen,Analytics Pro,Company_39,closed-won,2023-08-02,2023-08-29,50790.44
OPP_16086,Lisa Park,Starter Pack,Company_486,closed-lost,2023-08-06,2023-09-16,
OPP_16087,Anita Rao,Enterprise Suite,Company_94,closed-lost,2023-11-11,2024-02-05,
OPP_16088,Mike Torres,Starter Pack,Company_741,closed-won,2024-09-24,2024-10-17,26907.46
OPP_16089,Mike Torres,Analytics Pro,Company_388,closed-lost,2023-07-10,2023-07-22,
OPP_16090,Carlos Webb,Starter Pack,Company_618,closed-lost,2023-04-26,2023-05-19,
OPP_16091,Lisa Park,Starter Pack,Company_330,closed-lost,2023-10-27,2023-11-16,
OPP_16092,Anita Rao,Enterprise Suite,Company_795,closed-lost,2024-02-11,2024-03-28,
OPP_16093,Lisa Park,Starter Pack,Company_628,closed-won,2024-06-12,2024-07-17,7500.0
OPP_16094,Ryan Osei,Starter Pack,Company_10,closed-lost,2023-12-10,2024-01-11,
OPP_16095,Priya Nair,Enterprise Suite,Company_883,closed-lost,2024-06-24,2024-10-21,
OPP_16096,Sarah Chen,Enterprise Suite,Company_455,closed-lost,2023-07-18,2023-09-23,
OPP_16097,Mike Torres,Enterprise Suite,Company_185,closed-lost,2023-05-27,2023-09-09,
OPP_16098,Lisa Park,Analytics Pro,Company_713,closed-won,2024-09-07,2024-10-09,68093.18
OPP_16099,Ryan Osei,Enterprise Suite,Company_669,closed-lost,2024-09-21,2024-11-30,
OPP_16100,Sarah Chen,Analytics Pro,Company_599,closed-won,2023-01-21,2023-03-04,44995.9
OPP_16101,Mike Torres,Enterprise Suite,Company_529,closed-won,2024-06-29,2024-08-12,447806.71
OPP_16102,Lisa Park,Starter Pack,Company_923,closed-lost,2023-01-03,2023-02-11,
OPP_16103,Lisa Park,Analytics Pro,Company_874,closed-lost,2023-07-30,2023-09-02,
OPP_16104,Priya Nair,Starter Pack,Company_297,closed-lost,2023-07-26,2023-08-22,
OPP_16105,Carlos Webb,Analytics Pro,Company_112,closed-lost,2024-11-26,2024-12-24,
OPP_16106,Priya Nair,Starter Pack,Company_203,closed-lost,2023-09-07,2023-10-16,
OPP_16107,Lisa Park,Analytics Pro,Company_255,closed-lost,2023-01-12,2023-02-25,
OPP_16108,Sarah Chen,Analytics Pro,Company_794,closed-won,2024-06-21,2024-08-03,53612.29
OPP_16109,Priya Nair,Analytics Pro,Company_44,closed-lost,2024-10-28,2024-12-12,
OPP_16110,Anita Rao,Starter Pack,,closed-lost,2023-09-14,2023-10-17,
OPP_16111,Carlos Webb,Enterprise Suite,Company_597,closed-lost,2023-12-12,2024-02-22,
OPP_16112,Lisa Park,Starter Pack,Company_730,closed-won,2023-09-30,2023-10-22,8352.42
OPP_16113,Lisa Park,Enterprise Suite,,closed-won,2024-05-15,2024-09-10,413435.59
OPP_16114,Mike Torres,Starter Pack,Company_168,closed-lost,2024-08-05,2024-09-16,
OPP_16115,Priya Nair,Starter Pack,Company_758,closed-lost,2023-01-30,2023-02-23,
OPP_16116,Sarah Chen,Analytics Pro,Company_508,closed-lost,2023-11-13,2023-12-17,
OPP_16117,Carlos Webb,Enterprise Suite,Company_440,closed-lost,2024-06-06,2024-07-02,
OPP_16118,Sarah Chen,Enterprise Suite,Company_537,closed-won,2024-06-04,2024-09-05,165232.92
OPP_16119,Carlos Webb,Enterprise Suite,,closed-lost,2023-01-10,2023-02-25,
OPP_16120,Mike Torres,Analytics Pro,Company_485,closed-lost,2024-03-12,2024-04-24,
OPP_16121,Sarah Chen,Analytics Pro,Company_446,closed-won,2023-02-27,2023-04-01,48262.26
OPP_16122,Ryan Osei,Starter Pack,Company_66,closed-won,2024-06-04,2024-07-03,11576.6
OPP_16123,Mike Torres,Analytics Pro,Company_898,closed-lost,2023-01-27,2023-02-25,
OPP_16124,Carlos Webb,Analytics Pro,Company_410,closed-won,2023-11-25,2024-01-04,86477.64
OPP_16125,James Wu,Starter Pack,Company_123,closed-lost,2024-01-17,2024-02-08,
OPP_16126,Sarah Chen,Starter Pack,Company_88,closed-won,2024-01-23,2024-03-06,9473.88
OPP_16127,Priya Nair,Enterprise Suite,Company_201,closed-lost,2023-12-08,2024-03-03,
OPP_16128,Lisa Park,Enterprise Suite,Company_559,closed-won,2023-08-22,2023-12-13,365552.37
OPP_16129,Carlos Webb,Enterprise Suite,Company_269,closed-lost,2024-01-22,2024-05-12,
OPP_16130,Lisa Park,Starter Pack,Company_994,closed-won,2024-03-30,2024-04-27,16048.86
OPP_16131,Priya Nair,Enterprise Suite,Company_423,closed-lost,2023-01-21,2023-05-19,
OPP_16132,Mike Torres,Enterprise Suite,Company_40,closed-lost,2024-01-16,2024-02-02,
OPP_16133,James Wu,Starter Pack,Company_150,closed-won,2023-06-29,2023-08-05,9446.32
OPP_16134,Anita Rao,Starter Pack,Company_764,closed-won,2023-12-09,2024-01-12,9063.9
OPP_16135,Ryan Osei,Starter Pack,Company_380,closed-won,2023-12-31,2024-01-24,16574.55
OPP_16136,Sarah Chen,Enterprise Suite,Company_807,closed-won,2024-04-30,2024-07-06,208178.73
OPP_16137,Sarah Chen,Starter Pack,Company_537,closed-won,2023-10-01,2023-11-02,11124.51
OPP_16138,Anita Rao,Enterprise Suite,Company_543,closed-lost,2023-02-19,2023-06-14,
OPP_16139,Sarah Chen,Analytics Pro,Company_901,closed-lost,2024-09-23,2024-10-31,
OPP_16140,Priya Nair,Analytics Pro,Company_942,closed-won,2024-03-29,2024-05-13,44360.47
OPP_16141,James Wu,Analytics Pro,Company_820,closed-won,2023-06-21,2023-08-06,49029.45
OPP_16142,James Wu,Starter Pack,Company_679,closed-lost,2024-06-02,2024-06-23,
OPP_16143,Lisa Park,Analytics Pro,Company_490,closed-lost,2023-08-04,2023-10-07,
OPP_16144,James Wu,Starter Pack,Company_176,closed-won,2024-09-17,2024-09-27,7500.0
OPP_16145,Ryan Osei,Enterprise Suite,Company_648,closed-lost,2024-02-06,2024-05-16,
OPP_16146,Mike Torres,Starter Pack,,closed-lost,2023-11-12,2023-12-10,
OPP_16147,Priya Nair,Enterprise Suite,Company_148,closed-lost,2024-03-25,2024-07-26,
OPP_16148,Mike Torres,Analytics Pro,Company_525,closed-lost,2024-11-17,2025-01-18,
OPP_16149,Mike Torres,Enterprise Suite,Company_168,closed-won,2023-01-26,2023-04-26,254968.89
OPP_16150,James Wu,Enterprise Suite,Company_771,closed-won,2023-07-06,2023-09-13,258579.47
OPP_16151,Ryan Osei,Enterprise Suite,Company_370,closed-won,2023-07-19,2023-09-30,
OPP_16152,James Wu,Analytics Pro,Company_416,closed-lost,2023-11-05,2023-12-01,
OPP_16153,Sarah Chen,Analytics Pro,Company_43,closed-won,2023-09-21,2023-11-14,36547.12
OPP_16154,Carlos Webb,Analytics Pro,Company_28,closed-won,2024-09-30,2024-12-05,69945.13
OPP_16155,James Wu,Enterprise Suite,Company_743,closed-lost,2024-03-16,2024-05-06,
OPP_16156,Carlos Webb,Analytics Pro,Company_460,closed-won,2024-09-24,2024-11-18,
OPP_16157,James Wu,Enterprise Suite,Company_929,closed-lost,2024-03-01,2024-05-07,
OPP_16158,Priya Nair,Analytics Pro,Company_629,closed-lost,2023-10-12,2023-11-22,
OPP_16159,Ryan Osei,Enterprise Suite,Company_892,closed-lost,2024-03-22,2024-05-26,
OPP_16160,Priya Nair,Starter Pack,Company_613,closed-lost,2023-07-30,2023-08-26,
OPP_16161,Anita Rao,Analytics Pro,Company_791,closed-lost,2023-06-11,2023-07-03,
OPP_16162,Mike Torres,Analytics Pro,Company_614,closed-won,2024-05-05,2024-06-22,85134.2
OPP_16163,Sarah Chen,Analytics Pro,Company_67,closed-won,2023-02-24,2023-04-05,39291.82
OPP_16164,Mike Torres,Enterprise Suite,Company_913,closed-won,2023-05-26,2023-09-09,125000.0
OPP_16165,Priya Nair,Enterprise Suite,Company_40,closed-lost,2023-12-25,2024-05-17,
OPP_16166,Carlos Webb,Analytics Pro,Company_402,closed-lost,2023-09-29,2023-12-04,
OPP_16167,Anita Rao,Analytics Pro,Company_665,closed-won,2023-03-18,2023-04-30,56013.85
OPP_16168,Carlos Webb,Analytics Pro,Company_856,closed-lost,2024-07-09,2024-08-09,
OPP_16169,Carlos Webb,Analytics Pro,Company_875,closed-lost,2023-12-29,2024-01-22,
OPP_16170,Lisa Park,Enterprise Suite,Company_499,closed-won,2023-01-14,2023-04-10,175720.7
OPP_16171,Ryan Osei,Enterprise Suite,Company_603,closed-lost,2024-01-23,2024-04-19,
OPP_16172,Priya Nair,Analytics Pro,Company_345,closed-lost,2023-07-22,2023-09-12,
OPP_16173,Mike Torres,Enterprise Suite,Company_501,closed-lost,2024-09-21,2024-11-26,
OPP_16174,Carlos Webb,Enterprise Suite,Company_529,closed-won,2023-07-24,2023-10-31,332654.17
OPP_16175,Mike Torres,Analytics Pro,Company_644,closed-won,2023-02-04,2023-03-06,27500.0
OPP_16176,Anita Rao,Analytics Pro,Company_895,closed-lost,2024-06-17,2024-07-17,
OPP_16177,Anita Rao,Enterprise Suite,Company_525,closed-lost,2024-01-29,2024-04-02,
OPP_16178,James Wu,Analytics Pro,Company_949,closed-won,2024-07-16,2024-08-26,38175.46
OPP_16179,Carlos Webb,Starter Pack,Company_579,closed-lost,2023-06-28,2023-07-27,
OPP_16180,James Wu,Analytics Pro,Company_995,closed-won,2024-03-19,2024-05-09,66279.99
OPP_16181,Anita Rao,Starter Pack,Company_845,closed-lost,2024-09-18,2024-10-19,
OPP_16182,Carlos Webb,Enterprise Suite,Company_692,closed-lost,2024-01-04,2024-04-14,
OPP_16183,Ryan Osei,Analytics Pro,Company_270,closed-won,2023-09-03,2023-10-13,87450.88
OPP_16184,Ryan Osei,Enterprise Suite,Company_674,closed-lost,2024-04-16,2024-06-03,
OPP_16185,James Wu,Enterprise Suite,Company_911,closed-lost,2024-06-11,2024-09-07,
OPP_16186,Priya Nair,Enterprise Suite,Company_302,closed-lost,2023-09-09,2023-12-06,
OPP_16187,James Wu,Enterprise Suite,Company_702,closed-lost,2024-08-13,2024-10-14,
OPP_16188,Carlos Webb,Enterprise Suite,Company_555,closed-won,2023-04-21,2023-07-09,
OPP_16189,Carlos Webb,Starter Pack,Company_817,closed-won,2023-03-09,2023-04-13,18218.22
OPP_16190,Lisa Park,Enterprise Suite,Company_532,closed-lost,2024-09-16,2024-11-20,
OPP_16191,Priya Nair,Starter Pack,Company_741,closed-lost,2023-08-26,2023-09-28,
OPP_16192,Anita Rao,Enterprise Suite,Company_252,closed-lost,2023-03-23,2023-05-26,
OPP_16193,James Wu,Enterprise Suite,Company_808,closed-lost,2023-07-07,2023-09-10,
OPP_16194,Carlos Webb,Starter Pack,Company_908,closed-lost,2024-02-29,2024-04-02,
OPP_16195,Lisa Park,Analytics Pro,Company_251,closed-won,2024-06-15,2024-08-06,58612.04
OPP_16196,Ryan Osei,Analytics Pro,Company_734,closed-lost,2023-04-12,2023-05-21,
OPP_16197,Anita Rao,Enterprise Suite,Company_470,closed-lost,2024-05-22,2024-10-15,
OPP_16198,Carlos Webb,Starter Pack,Company_260,closed-lost,2023-01-18,2023-02-26,
OPP_16199,Mike Torres,Analytics Pro,Company_127,closed-won,2023-08-21,2023-09-26,61353.3
OPP_16200,Ryan Osei,Enterprise Suite,Company_402,closed-lost,2023-09-06,2023-11-04,
OPP_16201,Sarah Chen,Starter Pack,Company_193,closed-won,2023-03-30,2023-04-15,15688.48
OPP_16202,Anita Rao,Analytics Pro,Company_465,closed-lost,2024-06-13,2024-07-10,
OPP_16203,Anita Rao,Enterprise Suite,Company_581,closed-lost,2024-02-23,2024-06-02,
OPP_16204,Ryan Osei,Starter Pack,Company_272,closed-won,2024-04-20,2024-05-23,13662.99
OPP_16205,Sarah Chen,Analytics Pro,Company_643,closed-lost,2023-01-21,2023-02-23,
OPP_16206,Lisa Park,Enterprise Suite,Company_110,closed-lost,2023-03-03,2023-06-07,
OPP_16207,Lisa Park,Analytics Pro,Company_396,closed-lost,2023-12-08,2024-01-31,
OPP_16208,Carlos Webb,Starter Pack,Company_143,closed-won,2024-02-19,2024-03-10,22608.61
OPP_16209,Priya Nair,Starter Pack,Company_370,closed-won,2024-10-17,2024-11-15,7500.0
OPP_16210,Sarah Chen,Starter Pack,,closed-won,2023-10-27,2023-11-26,14054.86
OPP_16211,Mike Torres,Analytics Pro,Company_110,closed-won,2023-04-03,2023-05-31,63313.24
OPP_16212,Anita Rao,Starter Pack,Company_802,closed-won,2023-02-07,2023-03-15,18393.7
OPP_16213,Mike Torres,Enterprise Suite,Company_703,closed-lost,2024-05-25,2024-09-13,
OPP_16214,Ryan Osei,Starter Pack,Company_40,closed-won,2023-06-20,2023-07-20,7884.2
OPP_16215,Sarah Chen,Starter Pack,Company_114,closed-lost,2023-10-08,2023-11-02,
OPP_16216,Carlos Webb,Enterprise Suite,Company_736,closed-won,2024-04-30,2024-09-20,276294.26
OPP_16217,Anita Rao,Analytics Pro,,closed-won,2024-11-14,2025-01-14,71096.86
OPP_16218,James Wu,Starter Pack,Company_225,closed-won,2023-03-27,2023-05-08,7500.0
OPP_16219,Anita Rao,Enterprise Suite,Company_362,closed-lost,2023-07-13,2023-09-04,
OPP_16220,James Wu,Starter Pack,Company_23,closed-won,2023-09-04,2023-10-03,21237.2
OPP_16221,Carlos Webb,Starter Pack,Company_175,closed-won,2023-04-04,2023-05-01,14778.55
OPP_16222,Ryan Osei,Starter Pack,Company_554,closed-lost,2024-10-21,2024-11-26,
OPP_16223,Sarah Chen,Starter Pack,Company_93,closed-won,2023-08-25,2023-09-16,18009.73
OPP_16224,Anita Rao,Analytics Pro,Company_127,closed-won,2023-06-07,2023-07-23,45941.71
OPP_16225,Mike Torres,Starter Pack,Company_865,closed-won,2024-05-08,2024-05-31,18641.51
OPP_16226,Ryan Osei,Starter Pack,Company_247,closed-lost,2023-04-08,2023-05-01,
OPP_16227,Lisa Park,Enterprise Suite,Company_169,closed-lost,2023-07-22,2023-12-06,
OPP_16228,Priya Nair,Starter Pack,Company_286,closed-lost,2023-12-02,2024-01-03,
OPP_16229,Mike Torres,Starter Pack,Company_244,closed-won,2024-01-27,2024-02-25,19813.42
OPP_16230,Anita Rao,Analytics Pro,Company_593,closed-lost,2023-01-22,2023-02-26,
OPP_16231,Ryan Osei,Analytics Pro,Company_218,closed-lost,2023-05-14,2023-07-19,
OPP_16232,James Wu,Starter Pack,Company_867,closed-lost,2023-02-13,2023-04-07,
OPP_16233,Mike Torres,Analytics Pro,Company_729,closed-won,2024-07-18,2024-08-30,
OPP_16234,Lisa Park,Analytics Pro,Company_153,closed-lost,2023-07-08,2023-09-08,
OPP_16235,Ryan Osei,Enterprise Suite,Company_768,closed-lost,2023-12-24,2024-04-07,
OPP_16236,Ryan Osei,Starter Pack,Company_554,closed-won,2023-12-02,2024-01-01,17939.96
OPP_16237,Anita Rao,Starter Pack,Company_902,closed-lost,2024-10-05,2024-11-15,
OPP_16238,Lisa Park,Analytics Pro,Company_808,closed-lost,2024-02-02,2024-04-07,
OPP_16239,Carlos Webb,Analytics Pro,Company_21,closed-won,2023-07-29,2023-09-02,55160.64
OPP_16240,Lisa Park,Enterprise Suite,Company_630,closed-lost,2024-01-28,2024-05-08,
OPP_16241,Ryan Osei,Analytics Pro,,closed-lost,2023-02-10,2023-03-14,
OPP_16242,James Wu,Analytics Pro,Company_147,closed-lost,2024-03-21,2024-05-04,
OPP_16243,Mike Torres,Enterprise Suite,Company_857,closed-lost,2023-06-03,2023-07-29,
OPP_16244,Ryan Osei,Starter Pack,Company_806,closed-lost,2023-04-16,2023-05-22,
OPP_16245,Ryan Osei,Starter Pack,Company_223,closed-won,2023-05-11,2023-06-15,11128.25
OPP_16246,Carlos Webb,Analytics Pro,Company_414,closed-lost,2024-09-12,2024-10-15,
OPP_16247,Anita Rao,Starter Pack,Company_732,closed-lost,2023-08-24,2023-09-14,
OPP_16248,Anita Rao,Starter Pack,Company_388,closed-won,2023-12-05,2024-01-07,18856.97
OPP_16249,Lisa Park,Starter Pack,Company_702,closed-won,2024-08-23,2024-09-07,19990.68
OPP_16250,James Wu,Enterprise Suite,Company_714,closed-lost,2023-08-20,2023-09-27,
OPP_16251,Mike Torres,Analytics Pro,Company_730,closed-won,2023-10-21,2023-12-13,58167.9
OPP_16252,Sarah Chen,Analytics Pro,Company_585,closed-won,2023-07-31,2023-09-03,60656.42
OPP_16253,Carlos Webb,Analytics Pro,Company_390,closed-lost,2024-06-01,2024-06-19,
OPP_16254,Sarah Chen,Analytics Pro,Company_446,closed-won,2024-07-28,2024-10-02,46846.61
OPP_16255,Lisa Park,Analytics Pro,Company_91,closed-lost,2023-10-21,2023-11-27,
OPP_16256,Ryan Osei,Analytics Pro,Company_356,closed-won,2023-04-15,2023-05-23,52030.46
OPP_16257,James Wu,Analytics Pro,Company_375,closed-lost,2023-08-18,2023-09-16,
OPP_16258,Anita Rao,Analytics Pro,Company_161,closed-won,2024-04-06,2024-05-10,43891.28
OPP_16259,Priya Nair,Starter Pack,Company_874,closed-won,2023-08-28,2023-10-03,11400.93
OPP_16260,James Wu,Starter Pack,Company_390,closed-lost,2024-02-27,2024-03-31,
OPP_16261,Carlos Webb,Starter Pack,Company_778,closed-won,2024-02-07,2024-03-05,19897.79
OPP_16262,James Wu,Starter Pack,Company_724,closed-won,2024-01-04,2024-02-08,17539.32
OPP_16263,Priya Nair,Starter Pack,Company_630,closed-lost,2024-07-20,2024-07-31,
OPP_16264,Sarah Chen,Analytics Pro,Company_81,closed-won,2024-08-18,2024-10-18,69462.55
OPP_16265,Anita Rao,Analytics Pro,Company_152,closed-lost,2024-02-15,2024-03-07,
OPP_16266,Anita Rao,Starter Pack,Company_879,closed-lost,2024-08-08,2024-09-12,
OPP_16267,Ryan Osei,Analytics Pro,Company_891,closed-won,2024-03-17,2024-05-19,36223.52
OPP_16268,Priya Nair,Starter Pack,Company_419,closed-lost,2024-02-08,2024-03-19,
OPP_16269,Anita Rao,Starter Pack,Company_533,closed-lost,2023-01-09,2023-01-25,
OPP_16270,Mike Torres,Starter Pack,Company_892,closed-won,2023-10-11,2023-10-24,17620.18
OPP_16271,Mike Torres,Enterprise Suite,Company_53,closed-won,2023-12-09,2024-02-08,308036.66
OPP_16272,Priya Nair,Analytics Pro,Company_561,closed-lost,2024-05-27,2024-07-09,
OPP_16273,Lisa Park,Analytics Pro,Company_916,closed-won,2023-06-27,2023-08-22,52113.21
OPP_16274,Priya Nair,Starter Pack,Company_17,closed-lost,2024-10-29,2024-12-05,
OPP_16275,James Wu,Enterprise Suite,Company_729,closed-lost,2023-02-09,2023-05-08,
OPP_16276,Mike Torres,Starter Pack,Company_791,closed-won,2024-04-03,2024-04-27,7500.0
OPP_16277,Mike Torres,Analytics Pro,Company_836,closed-won,2024-08-06,2024-09-11,57548.19
OPP_16278,Priya Nair,Enterprise Suite,Company_127,closed-lost,2023-08-03,2023-12-02,
OPP_16279,Lisa Park,Enterprise Suite,Company_779,closed-lost,2024-10-18,2025-01-05,
OPP_16280,Carlos Webb,Enterprise Suite,Company_183,closed-lost,2024-11-03,2025-01-23,
OPP_16281,Priya Nair,Enterprise Suite,Company_954,closed-lost,2023-07-06,2023-10-21,
OPP_16282,Priya Nair,Starter Pack,Company_805,closed-won,2023-06-20,2023-07-30,15868.2
OPP_16283,Sarah Chen,Analytics Pro,Company_875,closed-won,2023-01-04,2023-02-14,29651.37
OPP_16284,Priya Nair,Analytics Pro,Company_525,closed-lost,2023-10-02,2023-11-06,
OPP_16285,Sarah Chen,Enterprise Suite,Company_516,closed-won,2023-06-15,2023-10-13,125000.0
OPP_16286,Sarah Chen,Analytics Pro,Company_138,closed-won,2023-08-15,2023-10-08,
OPP_16287,Priya Nair,Starter Pack,Company_480,closed-won,2024-04-15,2024-05-19,12012.68
OPP_16288,Priya Nair,Starter Pack,Company_247,closed-won,2024-09-05,2024-09-22,19889.83
OPP_16289,Carlos Webb,Enterprise Suite,Company_801,closed-lost,2023-01-27,2023-06-10,
OPP_16290,Anita Rao,Analytics Pro,Company_251,closed-won,2024-06-26,2024-07-30,
OPP_16291,Lisa Park,Starter Pack,Company_727,closed-lost,2023-06-29,2023-07-25,
OPP_16292,Mike Torres,Enterprise Suite,Company_254,closed-won,2023-11-22,2024-01-25,244333.29
OPP_16293,Priya Nair,Enterprise Suite,Company_620,closed-lost,2023-12-31,2024-02-21,
OPP_16294,Sarah Chen,Starter Pack,Company_386,closed-won,2024-09-02,2024-10-08,20598.99
OPP_16295,Priya Nair,Starter Pack,Company_294,closed-lost,2024-01-12,2024-02-19,
OPP_16296,Lisa Park,Enterprise Suite,Company_818,closed-lost,2023-08-31,2023-11-07,
OPP_16297,Lisa Park,Enterprise Suite,Company_772,closed-won,2024-07-02,2024-10-18,202465.58
OPP_16298,Ryan Osei,Enterprise Suite,Company_554,closed-lost,2024-02-20,2024-04-26,
OPP_16299,Ryan Osei,Enterprise Suite,Company_477,closed-lost,2023-07-26,2023-09-24,
OPP_16300,Carlos Webb,Enterprise Suite,Company_591,closed-lost,2024-10-30,2024-12-19,
OPP_16301,Ryan Osei,Analytics Pro,Company_536,closed-lost,2024-06-20,2024-08-27,
OPP_16302,Ryan Osei,Starter Pack,Company_515,closed-won,2023-05-04,2023-05-31,23853.55
OPP_16303,Lisa Park,Starter Pack,Company_824,closed-lost,2024-08-07,2024-09-09,
OPP_16304,Sarah Chen,Starter Pack,Company_75,closed-won,2024-10-09,2024-11-07,9907.69
OPP_16305,Carlos Webb,Analytics Pro,Company_118,closed-lost,2023-09-21,2023-12-10,
OPP_16306,Ryan Osei,Analytics Pro,Company_384,closed-won,2023-05-12,2023-06-24,63627.96
OPP_16307,Anita Rao,Analytics Pro,Company_24,closed-lost,2023-03-16,2023-04-24,
OPP_16308,Carlos Webb,Analytics Pro,Company_203,closed-lost,2023-05-23,2023-08-09,
OPP_16309,Sarah Chen,Starter Pack,Company_445,closed-won,2024-01-11,2024-02-07,15604.98
OPP_16310,Priya Nair,Analytics Pro,Company_885,closed-lost,2024-07-13,2024-09-11,
OPP_16311,Priya Nair,Enterprise Suite,Company_812,closed-lost,2024-05-23,2024-09-05,
OPP_16312,Anita Rao,Analytics Pro,Company_250,closed-lost,2023-12-18,2024-02-06,
OPP_16313,Priya Nair,Starter Pack,Company_922,closed-lost,2024-01-26,2024-02-29,
OPP_16314,James Wu,Analytics Pro,Company_258,closed-won,2023-12-06,2024-01-12,
OPP_16315,Lisa Park,Analytics Pro,Company_477,closed-won,2023-07-17,2023-08-06,52609.62
OPP_16316,Lisa Park,Analytics Pro,Company_903,closed-lost,2024-05-15,2024-06-25,
OPP_16317,James Wu,Analytics Pro,Company_133,closed-lost,2023-06-29,2023-08-14,
OPP_16318,Ryan Osei,Starter Pack,Company_251,closed-lost,2024-03-02,2024-04-10,
OPP_16319,Priya Nair,Enterprise Suite,Company_944,closed-lost,2024-09-07,2024-10-27,
OPP_16320,Mike Torres,Analytics Pro,Company_383,closed-lost,2024-11-06,2024-12-11,
OPP_16321,Sarah Chen,Analytics Pro,Company_476,closed-won,2023-12-27,2024-02-18,47224.38
OPP_16322,Ryan Osei,Enterprise Suite,Company_893,closed-lost,2024-10-05,2024-12-15,
OPP_16323,Ryan Osei,Starter Pack,Company_612,closed-lost,2023-09-20,2023-10-04,
OPP_16324,Anita Rao,Analytics Pro,Company_840,closed-won,2024-09-11,2024-10-24,70352.69
OPP_16325,Lisa Park,Starter Pack,Company_956,closed-lost,2023-03-18,2023-04-30,
OPP_16326,Lisa Park,Starter Pack,Company_360,closed-won,2024-07-12,2024-08-17,11166.39
OPP_16327,Carlos Webb,Starter Pack,Company_317,closed-lost,2023-12-16,2024-01-20,
OPP_16328,Priya Nair,Starter Pack,Company_103,closed-won,2024-04-12,2024-05-26,7500.0
OPP_16329,Priya Nair,Enterprise Suite,Company_728,closed-lost,2023-05-08,2023-09-04,
OPP_16330,Anita Rao,Starter Pack,Company_25,closed-won,2023-12-06,2023-12-22,11683.9
OPP_16331,James Wu,Enterprise Suite,Company_533,closed-lost,2023-01-04,2023-02-24,
OPP_16332,Carlos Webb,Starter Pack,Company_459,closed-lost,2023-09-30,2023-10-29,
OPP_16333,Ryan Osei,Analytics Pro,Company_817,closed-lost,2023-01-02,2023-02-18,
OPP_16334,Lisa Park,Analytics Pro,Company_636,closed-lost,2024-11-08,2024-12-19,
OPP_16335,Carlos Webb,Analytics Pro,Company_376,closed-won,2024-04-19,2024-05-29,63796.43
OPP_16336,Sarah Chen,Enterprise Suite,,closed-won,2024-06-22,2024-11-14,237219.6
OPP_16337,Mike Torres,Analytics Pro,Company_776,closed-lost,2024-06-14,2024-07-04,
OPP_16338,Lisa Park,Analytics Pro,Company_781,closed-won,2024-11-08,2025-01-19,42589.36
OPP_16339,Sarah Chen,Enterprise Suite,Company_798,closed-won,2024-04-02,2024-08-02,181907.86
OPP_16340,Mike Torres,Starter Pack,Company_955,closed-lost,2023-07-23,2023-09-01,
OPP_16341,Ryan Osei,Analytics Pro,Company_676,closed-won,2023-04-26,2023-06-11,49111.57
OPP_16342,Lisa Park,Enterprise Suite,Company_739,closed-won,2024-01-04,2024-03-27,318019.64
OPP_16343,Anita Rao,Starter Pack,Company_145,closed-lost,2024-05-26,2024-06-11,
OPP_16344,James Wu,Starter Pack,Company_631,closed-won,2023-04-10,2023-05-18,15318.36
OPP_16345,Ryan Osei,Analytics Pro,Company_403,closed-won,2023-03-04,2023-04-12,73935.16
OPP_16346,James Wu,Starter Pack,Company_45,closed-won,2023-07-03,2023-07-30,11736.18
OPP_16347,Anita Rao,Starter Pack,Company_976,closed-lost,2023-05-20,2023-06-05,
OPP_16348,Priya Nair,Starter Pack,Company_428,closed-lost,2024-10-26,2024-12-05,
OPP_16349,James Wu,Analytics Pro,Company_818,closed-won,2024-10-03,2024-11-07,29768.42
OPP_16350,Priya Nair,Analytics Pro,Company_560,closed-lost,2024-05-08,2024-06-14,
OPP_16351,Anita Rao,Starter Pack,Company_0,closed-won,2023-03-31,2023-05-04,13726.41
OPP_16352,Mike Torres,Starter Pack,,closed-lost,2023-04-17,2023-05-15,
OPP_16353,Sarah Chen,Analytics Pro,Company_744,closed-lost,2023-04-04,2023-05-26,
OPP_16354,Lisa Park,Starter Pack,Company_224,closed-won,2024-04-01,2024-04-26,7500.0
OPP_16355,Lisa Park,Starter Pack,Company_947,closed-won,2023-02-21,2023-03-12,7535.82
OPP_16356,Lisa Park,Starter Pack,Company_81,closed-won,2024-06-28,2024-08-16,18359.94
OPP_16357,Lisa Park,Analytics Pro,Company_631,closed-lost,2024-09-30,2024-11-17,
OPP_16358,Carlos Webb,Analytics Pro,Company_978,closed-lost,2024-04-20,2024-05-30,
OPP_16359,Anita Rao,Enterprise Suite,Company_571,closed-lost,2023-04-12,2023-06-29,
OPP_16360,Carlos Webb,Enterprise Suite,Company_680,closed-lost,2023-11-20,2024-04-04,
OPP_16361,Carlos Webb,Enterprise Suite,Company_159,closed-lost,2024-03-04,2024-05-24,
OPP_16362,Anita Rao,Enterprise Suite,Company_796,closed-lost,2023-01-21,2023-05-26,
OPP_16363,James Wu,Starter Pack,Company_834,closed-won,2024-07-10,2024-08-05,21990.15
OPP_16364,Sarah Chen,Analytics Pro,Company_494,closed-won,2024-11-19,2025-01-02,
OPP_16365,Anita Rao,Analytics Pro,Company_962,closed-lost,2023-12-03,2024-01-27,
OPP_16366,Anita Rao,Analytics Pro,Company_996,closed-lost,2024-07-02,2024-09-01,
OPP_16367,Ryan Osei,Starter Pack,Company_974,closed-won,2023-12-27,2024-02-14,9981.37
OPP_16368,Anita Rao,Analytics Pro,Company_109,closed-won,2024-07-20,2024-09-11,62781.02
OPP_16369,Priya Nair,Enterprise Suite,Company_228,closed-won,2023-09-26,2024-02-04,225982.01
OPP_16370,James Wu,Starter Pack,Company_475,closed-lost,2023-06-01,2023-06-21,
OPP_16371,Priya Nair,Starter Pack,,closed-won,2023-02-01,2023-03-06,16260.96
OPP_16372,Carlos Webb,Analytics Pro,Company_760,closed-lost,2023-02-20,2023-04-18,
OPP_16373,Ryan Osei,Analytics Pro,Company_580,closed-lost,2023-02-10,2023-03-17,
OPP_16374,Carlos Webb,Analytics Pro,,closed-lost,2024-05-24,2024-07-03,
OPP_16375,James Wu,Starter Pack,Company_638,closed-won,2024-08-03,2024-09-15,18131.03
OPP_16376,Lisa Park,Enterprise Suite,Company_67,closed-won,2023-12-30,2024-03-28,291226.9
OPP_16377,Carlos Webb,Starter Pack,Company_446,closed-won,2023-01-27,2023-02-25,22502.01
OPP_16378,Ryan Osei,Analytics Pro,Company_157,closed-won,2023-02-03,2023-03-22,64004.77
OPP_16379,Ryan Osei,Analytics Pro,Company_31,closed-lost,2023-04-16,2023-06-08,
OPP_16380,Carlos Webb,Analytics Pro,Company_121,closed-won,2023-08-08,2023-10-02,69582.49
OPP_16381,Anita Rao,Starter Pack,Company_498,closed-lost,2024-08-16,2024-09-13,
OPP_16382,Lisa Park,Analytics Pro,Company_602,closed-lost,2023-08-23,2023-10-14,
OPP_16383,James Wu,Analytics Pro,Company_440,closed-lost,2023-08-18,2023-09-22,
OPP_16384,James Wu,Analytics Pro,Company_249,closed-lost,2023-09-30,2023-10-31,
OPP_16385,Priya Nair,Analytics Pro,Company_163,closed-lost,2024-07-11,2024-07-25,
OPP_16386,Carlos Webb,Enterprise Suite,Company_385,closed-lost,2023-06-06,2023-09-18,
OPP_16387,Mike Torres,Starter Pack,Company_84,closed-won,2023-10-23,2023-11-15,22592.74
OPP_16388,Mike Torres,Enterprise Suite,,closed-lost,2023-11-14,2024-02-27,
OPP_16389,Priya Nair,Enterprise Suite,Company_438,closed-lost,2024-01-16,2024-03-30,
OPP_16390,Lisa Park,Starter Pack,Company_956,closed-lost,2023-11-16,2023-12-14,
OPP_16391,Priya Nair,Starter Pack,Company_2,closed-lost,2023-04-23,2023-05-28,
OPP_16392,Lisa Park,Starter Pack,Company_33,closed-lost,2024-04-21,2024-06-12,
OPP_16393,Priya Nair,Analytics Pro,Company_863,closed-lost,2023-03-30,2023-05-23,
OPP_16394,Carlos Webb,Enterprise Suite,Company_702,closed-lost,2024-03-20,2024-07-17,
OPP_16395,Carlos Webb,Enterprise Suite,Company_585,closed-lost,2024-04-15,2024-05-26,
OPP_16396,Mike Torres,Starter Pack,Company_169,closed-won,2024-06-19,2024-08-17,
OPP_16397,Anita Rao,Analytics Pro,Company_102,closed-lost,2023-03-11,2023-05-03,
OPP_16398,Sarah Chen,Enterprise Suite,Company_84,closed-won,2024-01-13,2024-05-09,142974.38
OPP_16399,Sarah Chen,Enterprise Suite,Company_0,closed-lost,2024-08-12,2024-11-16,
OPP_16400,James Wu,Starter Pack,Company_918,closed-won,2023-01-29,2023-03-16,13175.88
OPP_16401,Ryan Osei,Analytics Pro,Company_110,closed-won,2023-07-06,2023-08-30,29262.77
OPP_16402,Anita Rao,Enterprise Suite,Company_298,closed-lost,2023-02-27,2023-04-16,
OPP_16403,Mike Torres,Enterprise Suite,Company_291,closed-lost,2023-02-15,2023-06-10,
OPP_16404,Priya Nair,Starter Pack,Company_473,closed-lost,2024-11-18,2024-12-25,
OPP_16405,Anita Rao,Starter Pack,Company_658,closed-won,2023-07-19,2023-08-17,19391.8
OPP_16406,Mike Torres,Analytics Pro,Company_621,closed-won,2023-07-18,2023-09-14,79522.92
OPP_16407,James Wu,Enterprise Suite,Company_290,closed-lost,2023-04-18,2023-09-09,
OPP_16408,Sarah Chen,Analytics Pro,Company_872,closed-lost,2023-01-09,2023-02-22,
OPP_16409,Carlos Webb,Enterprise Suite,Company_166,closed-lost,2024-02-17,2024-05-01,
OPP_16410,Lisa Park,Analytics Pro,Company_367,closed-won,2023-02-27,2023-03-31,54597.38
OPP_16411,Anita Rao,Analytics Pro,Company_669,closed-lost,2024-08-01,2024-09-12,
OPP_16412,Ryan Osei,Analytics Pro,,closed-lost,2023-03-13,2023-05-04,
OPP_16413,James Wu,Analytics Pro,Company_682,closed-lost,2023-02-25,2023-05-04,
OPP_16414,Carlos Webb,Starter Pack,Company_246,closed-won,2023-10-18,2023-11-27,16767.78
OPP_16415,Lisa Park,Starter Pack,Company_720,closed-lost,2023-09-07,2023-10-07,
OPP_16416,Priya Nair,Starter Pack,Company_81,closed-lost,2024-09-27,2024-10-10,
OPP_16417,Sarah Chen,Enterprise Suite,Company_896,closed-won,2023-11-15,2024-03-12,362779.58
OPP_16418,Mike Torres,Starter Pack,Company_110,closed-won,2023-09-09,2023-09-29,19001.88
OPP_16419,Lisa Park,Starter Pack,Company_152,closed-won,2024-01-25,2024-03-11,20975.42
OPP_16420,Mike Torres,Analytics Pro,Company_788,closed-lost,2024-02-18,2024-03-30,
OPP_16421,Carlos Webb,Enterprise Suite,Company_327,closed-lost,2024-03-26,2024-05-20,
OPP_16422,James Wu,Enterprise Suite,Company_493,closed-lost,2024-05-23,2024-07-26,
OPP_16423,Ryan Osei,Analytics Pro,Company_125,closed-won,2024-07-03,2024-08-20,46759.64
OPP_16424,Anita Rao,Enterprise Suite,Company_214,closed-lost,2024-08-29,2024-11-14,
OPP_16425,Lisa Park,Enterprise Suite,Company_34,closed-won,2024-05-10,2024-08-20,235752.0
OPP_16426,Carlos Webb,Starter Pack,Company_400,closed-won,2024-03-06,2024-03-30,14541.05
OPP_16427,James Wu,Analytics Pro,Company_67,closed-lost,2023-07-22,2023-10-03,
OPP_16428,Sarah Chen,Starter Pack,Company_861,closed-won,2024-11-30,2024-12-22,20999.28
OPP_16429,Anita Rao,Analytics Pro,Company_191,closed-lost,2023-11-27,2024-01-07,
OPP_16430,Lisa Park,Analytics Pro,Company_674,closed-won,2023-06-09,2023-07-22,57836.49
OPP_16431,Ryan Osei,Enterprise Suite,Company_883,closed-lost,2023-06-16,2023-08-24,
OPP_16432,Carlos Webb,Analytics Pro,Company_136,closed-lost,2023-07-29,2023-09-28,
OPP_16433,Carlos Webb,Enterprise Suite,Company_989,closed-lost,2023-08-23,2023-11-30,
OPP_16434,Ryan Osei,Enterprise Suite,Company_322,closed-won,2024-01-25,2024-06-01,292085.8
OPP_16435,Priya Nair,Starter Pack,Company_890,closed-lost,2024-09-26,2024-10-29,
OPP_16436,Priya Nair,Analytics Pro,Company_425,closed-won,2024-04-30,2024-06-26,66896.12
OPP_16437,Mike Torres,Analytics Pro,Company_896,closed-lost,2023-07-01,2023-08-14,
OPP_16438,Carlos Webb,Starter Pack,Company_43,closed-lost,2023-10-22,2023-11-11,
OPP_16439,Priya Nair,Starter Pack,Company_525,closed-lost,2024-02-06,2024-03-12,
OPP_16440,Lisa Park,Analytics Pro,Company_929,closed-won,2023-06-11,2023-08-06,38499.26
OPP_16441,James Wu,Enterprise Suite,Company_184,closed-lost,2023-08-16,2023-11-04,
OPP_16442,Ryan Osei,Starter Pack,Company_789,closed-won,2023-03-09,2023-04-10,23333.25
OPP_16443,Sarah Chen,Enterprise Suite,Company_369,closed-won,2024-08-29,2024-10-16,202360.77
OPP_16444,Carlos Webb,Enterprise Suite,Company_381,closed-lost,2024-07-29,2024-11-11,
OPP_16445,Carlos Webb,Starter Pack,Company_107,closed-won,2024-04-03,2024-04-13,18261.77
OPP_16446,Lisa Park,Enterprise Suite,,closed-lost,2024-10-22,2025-01-11,
OPP_16447,James Wu,Starter Pack,Company_340,closed-lost,2023-10-20,2023-11-24,
OPP_16448,Anita Rao,Enterprise Suite,Company_400,closed-lost,2024-11-12,2025-02-12,
OPP_16449,James Wu,Analytics Pro,Company_788,closed-lost,2023-11-20,2023-12-28,
OPP_16450,Sarah Chen,Analytics Pro,Company_987,closed-won,2024-03-24,2024-04-13,34801.85
OPP_16451,Anita Rao,Enterprise Suite,Company_773,closed-lost,2023-03-22,2023-05-16,
OPP_16452,Lisa Park,Starter Pack,Company_291,closed-lost,2023-08-24,2023-09-30,
OPP_16453,Carlos Webb,Starter Pack,Company_417,closed-lost,2023-02-25,2023-04-02,
OPP_16454,Mike Torres,Analytics Pro,Company_849,closed-won,2023-10-20,2023-11-17,53527.64
OPP_16455,Ryan Osei,Analytics Pro,Company_936,closed-won,2023-01-17,2023-02-12,44187.55
OPP_16456,James Wu,Analytics Pro,Company_854,closed-won,2023-09-17,2023-10-23,63743.96
OPP_16457,James Wu,Analytics Pro,Company_271,closed-lost,2023-10-22,2023-11-28,
OPP_16458,Anita Rao,Enterprise Suite,Company_872,closed-lost,2023-11-24,2024-03-05,
OPP_16459,Sarah Chen,Starter Pack,Company_684,closed-won,2024-04-03,2024-04-29,12128.96
OPP_16460,Anita Rao,Analytics Pro,Company_271,closed-lost,2023-09-21,2023-10-21,
OPP_16461,Sarah Chen,Enterprise Suite,Company_234,closed-won,2023-09-03,2023-09-18,313806.17
OPP_16462,Sarah Chen,Starter Pack,Company_974,closed-won,2024-02-27,2024-03-21,13865.21
OPP_16463,Lisa Park,Starter Pack,Company_406,closed-won,2024-08-30,2024-10-10,16073.54
OPP_16464,Sarah Chen,Analytics Pro,Company_48,closed-won,2024-04-21,2024-05-24,71082.49
OPP_16465,Mike Torres,Analytics Pro,Company_548,closed-won,2024-08-02,2024-08-29,33381.6
OPP_16466,Ryan Osei,Starter Pack,Company_513,closed-won,2024-11-21,2024-12-21,23561.05
OPP_16467,Anita Rao,Enterprise Suite,Company_679,closed-lost,2024-05-19,2024-07-13,
OPP_16468,Sarah Chen,Analytics Pro,Company_594,closed-won,2024-05-15,2024-05-28,44910.38
OPP_16469,James Wu,Enterprise Suite,Company_677,closed-lost,2024-02-29,2024-05-26,
OPP_16470,Anita Rao,Starter Pack,Company_875,closed-lost,2024-10-09,2024-11-01,
OPP_16471,James Wu,Analytics Pro,Company_574,closed-won,2023-04-10,2023-06-26,68492.0
OPP_16472,Carlos Webb,Starter Pack,Company_558,closed-won,2024-10-26,2024-12-09,10731.07
OPP_16473,James Wu,Starter Pack,Company_701,closed-won,2024-11-08,2024-11-29,
OPP_16474,Ryan Osei,Starter Pack,Company_336,closed-lost,2023-07-07,2023-08-07,
OPP_16475,James Wu,Analytics Pro,Company_21,closed-won,2024-08-26,2024-10-15,90571.16
OPP_16476,Mike Torres,Starter Pack,Company_953,closed-won,2023-11-25,2023-12-23,7500.0
OPP_16477,Anita Rao,Starter Pack,Company_673,closed-won,2024-10-07,2024-11-03,10736.96
OPP_16478,Anita Rao,Enterprise Suite,Company_263,closed-lost,2024-01-09,2024-04-05,
OPP_16479,Ryan Osei,Starter Pack,Company_927,closed-lost,2024-04-19,2024-05-31,
OPP_16480,Ryan Osei,Starter Pack,Company_746,closed-lost,2023-10-22,2023-12-02,
OPP_16481,Priya Nair,Analytics Pro,Company_99,closed-lost,2024-09-08,2024-10-28,
OPP_16482,Anita Rao,Analytics Pro,,closed-won,2024-07-20,2024-09-03,54811.77
OPP_16483,Mike Torres,Starter Pack,Company_159,closed-lost,2024-03-13,2024-04-04,
OPP_16484,Mike Torres,Starter Pack,Company_976,closed-won,2023-01-10,2023-02-17,17254.1
OPP_16485,James Wu,Starter Pack,Company_797,closed-won,2024-11-04,2024-11-26,
OPP_16486,Anita Rao,Starter Pack,Company_116,closed-won,2023-04-08,2023-05-03,12533.12
OPP_16487,Lisa Park,Analytics Pro,Company_124,closed-lost,2023-02-23,2023-03-27,
OPP_16488,Lisa Park,Enterprise Suite,Company_125,closed-lost,2024-07-09,2024-10-30,
OPP_16489,Lisa Park,Enterprise Suite,Company_629,closed-won,2023-02-21,2023-05-02,357583.63
OPP_16490,Anita Rao,Starter Pack,Company_364,closed-lost,2023-04-20,2023-05-26,
OPP_16491,Mike Torres,Analytics Pro,Company_180,closed-lost,2024-11-14,2024-12-11,
OPP_16492,Ryan Osei,Starter Pack,Company_558,closed-won,2023-01-17,2023-03-07,
OPP_16493,Anita Rao,Enterprise Suite,Company_18,closed-won,2023-10-31,2023-12-28,174070.99
OPP_16494,Mike Torres,Starter Pack,Company_166,closed-won,2024-01-15,2024-02-15,14059.81
OPP_16495,Priya Nair,Analytics Pro,Company_164,closed-lost,2024-10-12,2024-12-10,
OPP_16496,James Wu,Analytics Pro,Company_946,closed-lost,2023-06-21,2023-07-20,
OPP_16497,Carlos Webb,Starter Pack,Company_348,closed-won,2024-06-12,2024-06-28,11339.38
OPP_16498,Ryan Osei,Analytics Pro,Company_106,closed-won,2023-12-12,2024-01-02,44371.82
OPP_16499,Ryan Osei,Starter Pack,Company_171,closed-lost,2023-06-25,2023-08-04,
OPP_16500,James Wu,Enterprise Suite,Company_652,closed-lost,2024-10-01,2025-01-12,
OPP_16501,Lisa Park,Enterprise Suite,Company_765,closed-won,2024-03-02,2024-06-24,332614.57
OPP_16502,Mike Torres,Enterprise Suite,Company_232,closed-won,2023-02-21,2023-03-31,160133.97
OPP_16503,Lisa Park,Enterprise Suite,Company_789,closed-lost,2024-10-16,2025-01-25,
OPP_16504,Lisa Park,Analytics Pro,Company_329,closed-lost,2023-04-11,2023-04-30,
OPP_16505,Carlos Webb,Starter Pack,Company_921,closed-lost,2023-03-21,2023-04-21,
OPP_16506,Sarah Chen,Starter Pack,Company_463,closed-won,2023-10-09,2023-11-17,22502.14
OPP_16507,James Wu,Starter Pack,Company_584,closed-won,2024-06-06,2024-06-19,17509.34
OPP_16508,Carlos Webb,Starter Pack,Company_680,closed-won,2024-08-28,2024-09-26,
OPP_16509,Carlos Webb,Enterprise Suite,Company_346,closed-lost,2023-08-21,2023-11-05,
OPP_16510,Ryan Osei,Enterprise Suite,Company_857,closed-lost,2023-11-10,2024-02-06,
OPP_16511,Sarah Chen,Analytics Pro,Company_882,closed-lost,2023-03-15,2023-04-18,
OPP_16512,Lisa Park,Starter Pack,Company_137,closed-lost,2024-02-22,2024-03-28,
OPP_16513,Mike Torres,Enterprise Suite,Company_533,closed-lost,2023-01-20,2023-04-09,
OPP_16514,Mike Torres,Enterprise Suite,Company_139,closed-lost,2024-06-28,2024-09-07,
OPP_16515,Lisa Park,Analytics Pro,Company_566,closed-lost,2023-01-14,2023-03-17,
OPP_16516,Carlos Webb,Starter Pack,Company_639,closed-won,2023-11-20,2023-12-18,17226.61
OPP_16517,Sarah Chen,Enterprise Suite,Company_324,closed-lost,2023-07-23,2023-11-14,
OPP_16518,James Wu,Analytics Pro,Company_549,closed-won,2023-08-29,2023-10-28,44025.86
OPP_16519,Ryan Osei,Analytics Pro,Company_39,closed-lost,2023-04-05,2023-05-21,
OPP_16520,Mike Torres,Starter Pack,Company_961,closed-won,2024-05-27,2024-06-13,15236.61
OPP_16521,Anita Rao,Enterprise Suite,Company_987,closed-won,2023-11-28,2024-01-04,239178.36
OPP_16522,Priya Nair,Enterprise Suite,,closed-lost,2023-04-05,2023-07-01,
OPP_16523,Ryan Osei,Starter Pack,Company_287,closed-lost,2023-11-16,2023-12-21,
OPP_16524,Carlos Webb,Analytics Pro,Company_76,closed-lost,2023-09-02,2023-10-13,
OPP_16525,Carlos Webb,Starter Pack,Company_510,closed-won,2023-05-20,2023-07-03,14739.36
OPP_16526,Anita Rao,Enterprise Suite,Company_307,closed-lost,2023-06-18,2023-09-28,
OPP_16527,Ryan Osei,Starter Pack,Company_26,closed-won,2023-04-15,2023-04-25,11584.1
OPP_16528,Anita Rao,Analytics Pro,Company_189,closed-lost,2023-10-29,2023-12-17,
OPP_16529,Mike Torres,Starter Pack,Company_953,closed-lost,2023-04-02,2023-04-29,
OPP_16530,Mike Torres,Analytics Pro,Company_116,closed-won,2024-09-10,2024-11-07,58275.09
OPP_16531,Mike Torres,Analytics Pro,Company_786,closed-lost,2023-02-07,2023-03-12,
OPP_16532,Carlos Webb,Analytics Pro,Company_909,closed-lost,2023-07-26,2023-08-31,
OPP_16533,Mike Torres,Starter Pack,Company_590,closed-lost,2024-05-22,2024-07-02,
OPP_16534,James Wu,Enterprise Suite,Company_819,closed-won,2024-07-30,2024-09-16,125000.0
OPP_16535,Mike Torres,Starter Pack,Company_50,closed-won,2023-10-27,2023-12-08,21082.67
OPP_16536,Anita Rao,Analytics Pro,Company_861,closed-lost,2024-10-05,2024-11-06,
OPP_16537,Mike Torres,Enterprise Suite,Company_562,closed-won,2023-08-31,2023-11-25,304963.29
OPP_16538,Anita Rao,Enterprise Suite,Company_673,closed-lost,2023-04-02,2023-05-17,
OPP_16539,Anita Rao,Starter Pack,Company_916,closed-won,2023-04-05,2023-05-03,11660.15
OPP_16540,Ryan Osei,Starter Pack,Company_319,closed-won,2024-11-26,2025-01-07,19687.53
OPP_16541,Ryan Osei,Starter Pack,Company_673,closed-won,2024-08-26,2024-10-04,
OPP_16542,Carlos Webb,Analytics Pro,Company_758,closed-lost,2023-07-03,2023-08-07,
OPP_16543,Sarah Chen,Starter Pack,Company_70,closed-won,2024-04-24,2024-05-17,13995.91
OPP_16544,Mike Torres,Enterprise Suite,Company_4,closed-lost,2024-05-04,2024-09-03,
OPP_16545,Mike Torres,Analytics Pro,Company_43,closed-won,2024-07-15,2024-08-09,27500.0
OPP_16546,Lisa Park,Analytics Pro,Company_415,closed-lost,2023-08-13,2023-09-30,
OPP_16547,Mike Torres,Analytics Pro,Company_162,closed-lost,2023-03-20,2023-04-22,
OPP_16548,James Wu,Starter Pack,Company_342,closed-lost,2023-06-05,2023-07-17,
OPP_16549,Priya Nair,Starter Pack,Company_664,closed-lost,2024-06-21,2024-07-12,
OPP_16550,Mike Torres,Enterprise Suite,Company_831,closed-won,2023-02-26,2023-05-19,340354.59
OPP_16551,Sarah Chen,Analytics Pro,Company_223,closed-lost,2024-07-11,2024-08-23,
OPP_16552,Priya Nair,Starter Pack,Company_755,closed-won,2024-01-14,2024-02-01,16371.06
OPP_16553,James Wu,Analytics Pro,Company_5,closed-lost,2023-08-19,2023-10-14,
OPP_16554,Anita Rao,Enterprise Suite,Company_813,closed-lost,2024-03-04,2024-04-15,
OPP_16555,James Wu,Analytics Pro,Company_560,closed-won,2023-12-24,2024-01-25,60206.57
OPP_16556,James Wu,Starter Pack,Company_440,closed-won,2024-07-15,2024-08-12,15853.14
OPP_16557,James Wu,Enterprise Suite,Company_682,closed-lost,2023-10-11,2024-01-06,
OPP_16558,Ryan Osei,Starter Pack,Company_844,closed-lost,2023-02-03,2023-02-21,
OPP_16559,Anita Rao,Analytics Pro,Company_139,closed-won,2024-05-04,2024-06-27,54783.35
OPP_16560,Ryan Osei,Enterprise Suite,Company_421,closed-lost,2024-08-21,2024-12-02,
OPP_16561,Anita Rao,Analytics Pro,Company_255,closed-lost,2023-11-07,2024-01-09,
OPP_16562,Mike Torres,Enterprise Suite,Company_430,closed-lost,2023-08-27,2023-11-26,
OPP_16563,Anita Rao,Enterprise Suite,Company_619,closed-lost,2023-12-18,2024-03-27,
OPP_16564,Lisa Park,Starter Pack,Company_117,closed-lost,2024-07-20,2024-08-10,
OPP_16565,Ryan Osei,Enterprise Suite,Company_195,closed-lost,2024-04-10,2024-07-18,
OPP_16566,Anita Rao,Enterprise Suite,Company_131,closed-lost,2024-11-12,2025-01-28,
OPP_16567,Priya Nair,Enterprise Suite,Company_594,closed-lost,2023-02-28,2023-05-12,
OPP_16568,Mike Torres,Enterprise Suite,Company_254,closed-won,2024-04-18,2024-05-28,125000.0
OPP_16569,Priya Nair,Enterprise Suite,Company_41,closed-won,2023-07-14,2023-11-01,169591.4
OPP_16570,James Wu,Starter Pack,Company_762,closed-lost,2023-11-14,2023-12-22,
OPP_16571,Sarah Chen,Enterprise Suite,Company_73,closed-lost,2024-01-11,2024-04-08,
OPP_16572,Ryan Osei,Starter Pack,Company_988,closed-lost,2024-09-13,2024-10-19,
OPP_16573,James Wu,Analytics Pro,Company_982,closed-won,2023-08-10,2023-10-04,56067.56
OPP_16574,Mike Torres,Enterprise Suite,Company_2,closed-won,2023-05-22,2023-08-10,249652.12
OPP_16575,James Wu,Enterprise Suite,Company_113,closed-lost,2023-09-29,2024-02-02,
OPP_16576,Sarah Chen,Analytics Pro,Company_109,closed-won,2023-12-10,2024-02-02,67045.71
OPP_16577,Carlos Webb,Starter Pack,Company_457,closed-won,2024-04-09,2024-05-11,21938.33
OPP_16578,Priya Nair,Starter Pack,Company_741,closed-lost,2023-07-13,2023-08-31,
OPP_16579,Mike Torres,Analytics Pro,Company_332,closed-won,2024-07-26,2024-09-11,39886.3
OPP_16580,Ryan Osei,Analytics Pro,Company_675,closed-lost,2023-04-01,2023-05-12,
OPP_16581,Anita Rao,Analytics Pro,Company_679,closed-lost,2024-11-29,2025-01-11,
OPP_16582,James Wu,Enterprise Suite,Company_149,closed-lost,2024-07-06,2024-09-03,
OPP_16583,James Wu,Analytics Pro,,closed-lost,2024-01-17,2024-03-13,
OPP_16584,James Wu,Enterprise Suite,Company_878,closed-won,2024-09-02,2025-01-24,273714.19
OPP_16585,James Wu,Analytics Pro,Company_500,closed-won,2024-10-06,2024-11-14,40656.22
OPP_16586,Anita Rao,Analytics Pro,Company_50,closed-lost,2023-09-05,2023-09-20,
OPP_16587,Anita Rao,Starter Pack,Company_443,closed-lost,2024-08-28,2024-10-10,
OPP_16588,Lisa Park,Starter Pack,Company_62,closed-lost,2024-07-05,2024-07-31,
OPP_16589,Sarah Chen,Enterprise Suite,Company_469,closed-lost,2024-09-06,2024-12-08,
OPP_16590,Anita Rao,Starter Pack,Company_423,closed-lost,2024-07-22,2024-08-14,
OPP_16591,Mike Torres,Analytics Pro,Company_144,closed-won,2024-10-14,2024-11-02,56995.31
OPP_16592,Anita Rao,Analytics Pro,Company_181,closed-lost,2023-10-29,2023-12-12,
OPP_16593,Ryan Osei,Starter Pack,Company_484,closed-won,2023-04-02,2023-05-02,14639.79
OPP_16594,Mike Torres,Enterprise Suite,Company_465,closed-won,2023-08-06,2023-11-27,307974.65
OPP_16595,Carlos Webb,Analytics Pro,Company_659,closed-won,2023-01-20,2023-03-12,
OPP_16596,James Wu,Analytics Pro,Company_205,closed-lost,2024-09-13,2024-09-23,
OPP_16597,Anita Rao,Analytics Pro,Company_986,closed-lost,2024-05-11,2024-06-18,
OPP_16598,Ryan Osei,Analytics Pro,Company_164,closed-won,2023-05-25,2023-06-27,53189.21
OPP_16599,Lisa Park,Starter Pack,Company_448,closed-won,2023-08-02,2023-09-11,
OPP_16600,Priya Nair,Starter Pack,Company_799,closed-lost,2023-03-03,2023-03-24,
OPP_16601,James Wu,Enterprise Suite,Company_497,closed-lost,2024-04-21,2024-09-25,
OPP_16602,Ryan Osei,Starter Pack,Company_971,closed-lost,2023-04-29,2023-05-29,
OPP_16603,Priya Nair,Starter Pack,Company_274,closed-lost,2023-01-18,2023-02-16,
OPP_16604,Carlos Webb,Enterprise Suite,Company_260,closed-lost,2023-03-28,2023-08-27,
OPP_16605,Mike Torres,Analytics Pro,Company_882,closed-won,2024-04-07,2024-05-15,57305.23
OPP_16606,Anita Rao,Enterprise Suite,Company_413,closed-lost,2024-11-17,2025-02-12,
OPP_16607,Sarah Chen,Starter Pack,Company_580,closed-lost,2024-04-01,2024-04-18,
OPP_16608,Mike Torres,Starter Pack,Company_920,closed-won,2023-12-16,2024-01-12,15288.5
OPP_16609,Anita Rao,Analytics Pro,Company_829,closed-lost,2023-04-05,2023-06-09,
OPP_16610,James Wu,Enterprise Suite,Company_953,closed-lost,2024-09-13,2024-12-06,
OPP_16611,Priya Nair,Enterprise Suite,Company_508,closed-lost,2024-10-22,2025-01-20,
OPP_16612,Sarah Chen,Starter Pack,Company_981,closed-lost,2023-10-10,2023-11-09,
OPP_16613,Sarah Chen,Analytics Pro,Company_786,closed-lost,2024-04-13,2024-05-31,
OPP_16614,Ryan Osei,Enterprise Suite,Company_349,closed-won,2024-07-02,2024-11-21,288202.23
OPP_16615,Sarah Chen,Analytics Pro,Company_198,closed-won,2024-04-08,2024-05-16,62466.92
OPP_16616,Priya Nair,Starter Pack,Company_750,closed-won,2024-09-29,2024-10-16,7500.0
OPP_16617,Anita Rao,Enterprise Suite,,closed-lost,2023-07-09,2023-10-04,
OPP_16618,Ryan Osei,Analytics Pro,Company_712,closed-won,2024-06-02,2024-06-25,85967.42
OPP_16619,Anita Rao,Enterprise Suite,Company_204,closed-lost,2023-04-23,2023-07-06,
OPP_16620,Ryan Osei,Enterprise Suite,,closed-lost,2024-03-17,2024-07-05,
OPP_16621,Carlos Webb,Starter Pack,Company_389,closed-won,2023-12-23,2024-01-26,11216.7
OPP_16622,Lisa Park,Enterprise Suite,Company_200,closed-won,2023-10-31,2024-02-14,151296.03
OPP_16623,James Wu,Analytics Pro,Company_46,closed-won,2024-08-16,2024-10-25,45019.96
OPP_16624,Carlos Webb,Analytics Pro,Company_482,closed-won,2024-01-17,2024-03-02,55296.78
OPP_16625,James Wu,Enterprise Suite,Company_341,closed-lost,2023-01-06,2023-03-26,
OPP_16626,Lisa Park,Starter Pack,Company_441,closed-lost,2023-06-16,2023-07-05,
OPP_16627,Sarah Chen,Enterprise Suite,Company_78,closed-won,2023-11-09,2024-02-19,276012.75
OPP_16628,Mike Torres,Enterprise Suite,Company_917,closed-won,2023-04-19,2023-06-28,185839.36
OPP_16629,Priya Nair,Starter Pack,Company_420,closed-lost,2024-07-26,2024-08-08,
OPP_16630,Sarah Chen,Starter Pack,Company_478,closed-won,2023-11-18,2023-12-07,17931.11
OPP_16631,Ryan Osei,Enterprise Suite,Company_756,closed-lost,2024-05-14,2024-08-26,
OPP_16632,Mike Torres,Starter Pack,Company_697,closed-lost,2024-08-23,2024-09-17,
OPP_16633,Lisa Park,Enterprise Suite,Company_138,closed-lost,2023-11-18,2024-03-08,
OPP_16634,James Wu,Enterprise Suite,Company_219,closed-lost,2023-07-26,2023-09-29,
OPP_16635,James Wu,Analytics Pro,Company_99,closed-won,2023-01-21,2023-03-01,49533.38
OPP_16636,Sarah Chen,Analytics Pro,Company_11,closed-won,2024-10-11,2024-12-01,64028.34
OPP_16637,Ryan Osei,Starter Pack,Company_287,closed-lost,2024-05-30,2024-06-21,
OPP_16638,Lisa Park,Starter Pack,Company_95,closed-lost,2024-08-24,2024-09-30,
OPP_16639,Carlos Webb,Starter Pack,Company_626,closed-won,2023-11-03,2023-11-14,19440.26
OPP_16640,Mike Torres,Starter Pack,Company_824,closed-lost,2023-11-14,2023-12-17,
OPP_16641,Anita Rao,Enterprise Suite,Company_549,closed-lost,2023-04-14,2023-07-20,
OPP_16642,James Wu,Starter Pack,Company_487,closed-lost,2024-07-27,2024-08-17,
OPP_16643,Anita Rao,Enterprise Suite,Company_171,closed-lost,2024-02-19,2024-05-17,
OPP_16644,Sarah Chen,Analytics Pro,Company_836,closed-lost,2024-09-06,2024-10-03,
OPP_16645,James Wu,Analytics Pro,Company_908,closed-lost,2023-09-22,2023-11-07,
OPP_16646,Carlos Webb,Starter Pack,Company_90,closed-won,2024-11-19,2024-12-18,14580.98
OPP_16647,James Wu,Enterprise Suite,Company_284,closed-lost,2024-02-10,2024-04-07,
OPP_16648,Sarah Chen,Analytics Pro,Company_713,closed-lost,2023-09-09,2023-11-13,
OPP_16649,Carlos Webb,Analytics Pro,Company_771,closed-lost,2023-09-28,2023-10-28,
OPP_16650,Lisa Park,Enterprise Suite,Company_712,closed-won,2023-11-20,2024-05-08,202111.59
OPP_16651,Priya Nair,Starter Pack,Company_756,closed-lost,2023-01-20,2023-03-06,
OPP_16652,Mike Torres,Enterprise Suite,Company_585,closed-lost,2023-01-09,2023-04-21,
OPP_16653,Sarah Chen,Enterprise Suite,,closed-lost,2023-11-15,2024-03-16,
OPP_16654,James Wu,Starter Pack,Company_842,closed-won,2023-10-19,2023-11-15,
OPP_16655,Priya Nair,Starter Pack,Company_755,closed-won,2023-09-10,2023-10-18,9854.9
OPP_16656,Sarah Chen,Enterprise Suite,Company_183,closed-lost,2024-01-28,2024-05-11,
OPP_16657,James Wu,Starter Pack,Company_202,closed-won,2024-08-07,2024-09-01,12854.51
OPP_16658,Priya Nair,Analytics Pro,Company_471,closed-won,2023-07-16,2023-09-09,42212.38
OPP_16659,Sarah Chen,Enterprise Suite,Company_460,closed-lost,2024-04-19,2024-05-26,
OPP_16660,James Wu,Enterprise Suite,Company_137,closed-lost,2024-08-03,2024-11-07,
OPP_16661,Sarah Chen,Starter Pack,Company_743,closed-won,2023-10-28,2023-11-09,18350.47
OPP_16662,James Wu,Analytics Pro,Company_642,closed-lost,2023-01-20,2023-03-07,
OPP_16663,Anita Rao,Enterprise Suite,Company_442,closed-lost,2024-03-28,2024-05-22,
OPP_16664,Priya Nair,Enterprise Suite,Company_64,closed-lost,2023-08-10,2023-10-16,
OPP_16665,Priya Nair,Analytics Pro,Company_387,closed-lost,2024-09-17,2024-10-18,
OPP_16666,Sarah Chen,Starter Pack,,closed-won,2023-09-02,2023-10-01,7500.0
OPP_16667,Sarah Chen,Enterprise Suite,,closed-lost,2024-04-20,2024-08-19,
OPP_16668,Ryan Osei,Starter Pack,Company_86,closed-won,2024-01-28,2024-03-14,9896.99
OPP_16669,Priya Nair,Starter Pack,Company_74,closed-lost,2023-07-28,2023-08-24,
OPP_16670,Priya Nair,Analytics Pro,Company_111,closed-won,2024-03-19,2024-04-15,65593.44
OPP_16671,Ryan Osei,Starter Pack,Company_716,closed-won,2023-09-06,2023-10-07,15567.59
OPP_16672,Priya Nair,Analytics Pro,Company_730,closed-won,2024-11-12,2024-12-23,51730.72
OPP_16673,Carlos Webb,Analytics Pro,Company_161,closed-lost,2023-09-16,2023-10-13,
OPP_16674,James Wu,Analytics Pro,Company_435,closed-lost,2023-06-10,2023-07-17,
OPP_16675,Priya Nair,Enterprise Suite,Company_856,closed-lost,2024-09-11,2025-01-18,
OPP_16676,Lisa Park,Analytics Pro,Company_323,closed-won,2024-09-26,2024-10-03,46128.52
OPP_16677,Anita Rao,Enterprise Suite,Company_219,closed-lost,2024-06-20,2024-08-14,
OPP_16678,Sarah Chen,Starter Pack,Company_415,closed-won,2023-06-27,2023-07-28,7500.0
OPP_16679,Anita Rao,Analytics Pro,Company_791,closed-lost,2023-08-21,2023-09-15,
OPP_16680,Lisa Park,Starter Pack,Company_895,closed-lost,2024-02-11,2024-03-03,
OPP_16681,Mike Torres,Enterprise Suite,Company_129,closed-lost,2024-09-22,2024-11-23,
OPP_16682,Sarah Chen,Starter Pack,Company_754,closed-lost,2024-07-11,2024-08-13,
OPP_16683,Mike Torres,Enterprise Suite,Company_490,closed-lost,2024-04-20,2024-07-13,
OPP_16684,Ryan Osei,Enterprise Suite,Company_594,closed-lost,2023-05-12,2023-09-26,
OPP_16685,Priya Nair,Starter Pack,Company_530,closed-won,2024-07-13,2024-08-07,14583.89
OPP_16686,Priya Nair,Enterprise Suite,Company_896,closed-lost,2024-11-06,2025-01-26,
OPP_16687,James Wu,Starter Pack,Company_246,closed-lost,2023-06-26,2023-07-22,
OPP_16688,Sarah Chen,Enterprise Suite,Company_878,closed-won,2023-07-07,2023-10-19,125000.0
OPP_16689,Mike Torres,Starter Pack,Company_551,closed-won,2023-10-16,2023-11-06,18509.78
OPP_16690,Mike Torres,Analytics Pro,Company_537,closed-lost,2024-10-01,2024-11-27,
OPP_16691,Mike Torres,Analytics Pro,Company_267,closed-lost,2023-04-14,2023-06-12,
OPP_16692,Carlos Webb,Enterprise Suite,Company_139,closed-lost,2023-08-05,2023-10-29,
OPP_16693,Priya Nair,Starter Pack,Company_437,closed-lost,2024-09-22,2024-10-18,
OPP_16694,Lisa Park,Starter Pack,Company_143,closed-lost,2024-01-07,2024-02-10,
OPP_16695,James Wu,Enterprise Suite,Company_651,closed-lost,2024-09-04,2025-01-01,
OPP_16696,Mike Torres,Enterprise Suite,Company_151,closed-won,2023-12-12,2024-04-06,262240.43
OPP_16697,Lisa Park,Starter Pack,,closed-won,2024-01-04,2024-01-22,11504.97
OPP_16698,Mike Torres,Enterprise Suite,Company_778,closed-lost,2023-03-01,2023-06-09,
OPP_16699,Carlos Webb,Analytics Pro,Company_168,closed-lost,2023-03-05,2023-04-05,
OPP_16700,Anita Rao,Analytics Pro,Company_30,closed-lost,2024-03-16,2024-05-18,
OPP_16701,Sarah Chen,Starter Pack,Company_798,closed-won,2024-04-11,2024-05-16,7500.0
OPP_16702,Sarah Chen,Enterprise Suite,Company_707,closed-lost,2023-09-01,2023-11-04,
OPP_16703,Sarah Chen,Enterprise Suite,Company_31,closed-lost,2023-04-16,2023-07-01,
OPP_16704,Mike Torres,Analytics Pro,Company_168,closed-won,2023-06-14,2023-07-15,
OPP_16705,Mike Torres,Starter Pack,Company_704,closed-won,2023-07-07,2023-07-16,15667.42
OPP_16706,James Wu,Analytics Pro,Company_975,closed-won,2024-11-24,2025-01-05,72260.55
OPP_16707,Mike Torres,Analytics Pro,Company_802,closed-lost,2024-08-21,2024-10-11,
OPP_16708,Carlos Webb,Starter Pack,Company_806,closed-lost,2024-09-10,2024-10-09,
OPP_16709,Sarah Chen,Enterprise Suite,Company_153,closed-won,2023-11-30,2024-03-26,160041.88
OPP_16710,Carlos Webb,Analytics Pro,Company_388,closed-lost,2024-06-05,2024-08-25,
OPP_16711,Mike Torres,Enterprise Suite,Company_661,closed-lost,2024-01-13,2024-05-30,
OPP_16712,Anita Rao,Analytics Pro,Company_267,closed-lost,2023-07-25,2023-09-02,
OPP_16713,Priya Nair,Starter Pack,Company_558,closed-lost,2023-09-16,2023-10-11,
OPP_16714,Priya Nair,Enterprise Suite,Company_684,closed-lost,2024-06-18,2024-11-02,
OPP_16715,Lisa Park,Analytics Pro,Company_502,closed-lost,2023-02-12,2023-03-14,
OPP_16716,Mike Torres,Starter Pack,Company_179,closed-won,2024-05-25,2024-06-24,11547.36
OPP_16717,Anita Rao,Enterprise Suite,Company_636,closed-lost,2024-03-03,2024-08-16,
OPP_16718,Sarah Chen,Analytics Pro,,closed-lost,2024-05-29,2024-07-24,
OPP_16719,Lisa Park,Starter Pack,Company_519,closed-lost,2024-02-23,2024-03-26,
OPP_16720,Ryan Osei,Analytics Pro,Company_26,closed-lost,2023-06-07,2023-08-07,
OPP_16721,Sarah Chen,Enterprise Suite,Company_50,closed-lost,2024-09-18,2025-01-05,
OPP_16722,Sarah Chen,Enterprise Suite,Company_267,closed-lost,2023-05-24,2023-09-08,
OPP_16723,James Wu,Analytics Pro,Company_353,closed-won,2024-11-27,2024-12-29,47863.64
OPP_16724,Carlos Webb,Starter Pack,Company_370,closed-lost,2023-07-29,2023-08-22,
OPP_16725,Anita Rao,Enterprise Suite,Company_153,closed-lost,2024-09-07,2024-12-28,
OPP_16726,Ryan Osei,Analytics Pro,Company_576,closed-lost,2023-04-06,2023-05-17,
OPP_16727,Mike Torres,Starter Pack,Company_422,closed-won,2024-02-27,2024-03-27,7500.0
OPP_16728,Priya Nair,Analytics Pro,Company_523,closed-lost,2024-09-08,2024-10-13,
OPP_16729,James Wu,Analytics Pro,Company_378,closed-lost,2024-08-14,2024-08-30,
OPP_16730,Sarah Chen,Analytics Pro,,closed-lost,2024-07-25,2024-09-05,
OPP_16731,Priya Nair,Enterprise Suite,Company_384,closed-won,2024-10-15,2024-12-09,261035.39
OPP_16732,Sarah Chen,Enterprise Suite,Company_731,closed-lost,2024-04-19,2024-06-19,
OPP_16733,Sarah Chen,Enterprise Suite,Company_481,closed-lost,2023-10-16,2024-02-11,
OPP_16734,Sarah Chen,Analytics Pro,Company_212,closed-lost,2023-05-04,2023-06-22,
OPP_16735,James Wu,Analytics Pro,Company_616,closed-won,2024-07-29,2024-09-02,63761.92
OPP_16736,Lisa Park,Enterprise Suite,Company_363,closed-lost,2023-05-28,2023-08-14,
OPP_16737,Sarah Chen,Enterprise Suite,Company_797,closed-lost,2023-06-08,2023-08-23,
OPP_16738,Priya Nair,Starter Pack,Company_66,closed-won,2023-08-16,2023-09-12,14661.33
OPP_16739,Sarah Chen,Analytics Pro,Company_821,closed-won,2023-09-19,2023-11-15,43010.95
OPP_16740,Sarah Chen,Starter Pack,Company_886,closed-won,2023-04-08,2023-05-05,9318.05
OPP_16741,Ryan Osei,Analytics Pro,Company_854,closed-won,2024-09-02,2024-10-04,49538.5
OPP_16742,Mike Torres,Enterprise Suite,Company_937,closed-won,2023-05-22,2023-07-11,167191.86
OPP_16743,Sarah Chen,Analytics Pro,Company_640,closed-won,2024-03-04,2024-03-25,74409.61
OPP_16744,Anita Rao,Enterprise Suite,Company_181,closed-lost,2023-06-13,2023-08-01,
OPP_16745,Lisa Park,Analytics Pro,Company_901,closed-lost,2023-10-28,2023-12-01,
OPP_16746,James Wu,Enterprise Suite,,closed-lost,2023-04-23,2023-07-09,
OPP_16747,Ryan Osei,Enterprise Suite,Company_782,closed-won,2023-04-10,2023-07-05,125000.0
OPP_16748,James Wu,Enterprise Suite,Company_663,closed-lost,2024-11-15,2025-02-21,
OPP_16749,Mike Torres,Analytics Pro,Company_274,closed-lost,2024-07-20,2024-09-04,
OPP_16750,James Wu,Starter Pack,Company_689,closed-won,2024-08-08,2024-09-12,8101.59
OPP_16751,Mike Torres,Starter Pack,Company_713,closed-won,2023-05-19,2023-06-04,7500.0
OPP_16752,Ryan Osei,Enterprise Suite,Company_694,closed-lost,2024-09-06,2024-11-29,
OPP_16753,Anita Rao,Enterprise Suite,Company_174,closed-lost,2024-04-03,2024-06-27,
OPP_16754,Anita Rao,Analytics Pro,Company_304,closed-lost,2024-02-25,2024-04-17,
OPP_16755,Priya Nair,Starter Pack,Company_248,closed-lost,2023-10-14,2023-11-06,
OPP_16756,Ryan Osei,Enterprise Suite,Company_133,closed-lost,2024-08-17,2024-10-06,
OPP_16757,Carlos Webb,Enterprise Suite,Company_742,closed-lost,2024-01-31,2024-04-27,
OPP_16758,Ryan Osei,Starter Pack,Company_106,closed-won,2023-12-14,2024-01-20,10004.05
OPP_16759,Anita Rao,Analytics Pro,Company_84,closed-lost,2023-03-02,2023-05-22,
OPP_16760,Lisa Park,Starter Pack,Company_841,closed-lost,2023-01-01,2023-02-11,
OPP_16761,Ryan Osei,Analytics Pro,,closed-lost,2024-05-24,2024-06-30,
OPP_16762,Ryan Osei,Starter Pack,Company_363,closed-won,2023-02-28,2023-03-18,15388.39
OPP_16763,Carlos Webb,Analytics Pro,Company_887,closed-lost,2023-05-06,2023-07-04,
OPP_16764,Sarah Chen,Starter Pack,Company_412,closed-won,2023-07-27,2023-08-07,13835.41
OPP_16765,James Wu,Enterprise Suite,Company_691,closed-lost,2024-01-28,2024-05-05,
OPP_16766,Carlos Webb,Analytics Pro,Company_556,closed-won,2024-04-14,2024-05-19,72025.67
OPP_16767,Priya Nair,Analytics Pro,Company_196,closed-lost,2024-08-17,2024-10-30,
OPP_16768,Sarah Chen,Enterprise Suite,Company_86,closed-won,2024-09-11,2024-11-17,217311.34
OPP_16769,Lisa Park,Analytics Pro,Company_315,closed-won,2023-05-30,2023-07-10,104030.54
OPP_16770,Ryan Osei,Analytics Pro,Company_883,closed-lost,2024-01-20,2024-03-03,
OPP_16771,Anita Rao,Enterprise Suite,Company_589,closed-won,2023-04-26,2023-08-03,338279.8
OPP_16772,Sarah Chen,Starter Pack,Company_748,closed-won,2024-02-11,2024-03-11,
OPP_16773,Mike Torres,Analytics Pro,Company_247,closed-won,2023-06-16,2023-07-16,69723.73
OPP_16774,Priya Nair,Analytics Pro,,closed-won,2024-09-07,2024-11-20,61346.84
OPP_16775,Priya Nair,Analytics Pro,Company_624,closed-lost,2024-05-14,2024-05-19,
OPP_16776,Sarah Chen,Enterprise Suite,Company_704,closed-lost,2024-03-23,2024-07-30,
OPP_16777,Carlos Webb,Starter Pack,Company_296,closed-lost,2023-03-06,2023-04-04,
OPP_16778,Sarah Chen,Analytics Pro,,closed-won,2023-01-27,2023-03-08,70173.17
OPP_16779,James Wu,Starter Pack,Company_213,closed-won,2024-04-07,2024-05-05,16332.5
OPP_16780,Carlos Webb,Starter Pack,Company_848,closed-won,2023-12-06,2024-01-05,11271.99
OPP_16781,Anita Rao,Enterprise Suite,Company_322,closed-lost,2024-08-25,2024-10-05,
OPP_16782,Mike Torres,Analytics Pro,Company_745,closed-lost,2023-10-13,2023-12-10,
OPP_16783,James Wu,Starter Pack,Company_825,closed-won,2023-03-24,2023-04-18,12618.04
OPP_16784,Mike Torres,Starter Pack,Company_96,closed-won,2023-05-15,2023-06-17,
OPP_16785,Lisa Park,Enterprise Suite,Company_477,closed-lost,2024-07-25,2024-09-07,
OPP_16786,Mike Torres,Enterprise Suite,Company_49,closed-lost,2023-03-21,2023-07-18,
OPP_16787,James Wu,Starter Pack,Company_607,closed-won,2023-11-03,2023-12-11,7500.0
OPP_16788,Mike Torres,Enterprise Suite,Company_695,closed-lost,2023-12-15,2024-03-07,
OPP_16789,James Wu,Analytics Pro,,closed-lost,2024-08-30,2024-09-07,
OPP_16790,Priya Nair,Analytics Pro,Company_659,closed-lost,2023-02-07,2023-03-28,
OPP_16791,Carlos Webb,Starter Pack,Company_40,closed-lost,2023-05-07,2023-06-08,
OPP_16792,Ryan Osei,Starter Pack,Company_740,closed-won,2024-01-20,2024-02-27,12450.64
OPP_16793,Mike Torres,Starter Pack,Company_940,closed-won,2023-04-05,2023-05-17,10192.55
OPP_16794,Lisa Park,Analytics Pro,Company_398,closed-lost,2023-07-31,2023-09-05,
OPP_16795,Mike Torres,Analytics Pro,Company_983,closed-won,2024-03-01,2024-04-13,48340.43
OPP_16796,Ryan Osei,Enterprise Suite,Company_737,closed-won,2023-01-08,2023-03-22,338079.89
OPP_16797,Sarah Chen,Starter Pack,Company_933,closed-lost,2023-09-27,2023-11-07,
OPP_16798,Priya Nair,Starter Pack,Company_840,closed-won,2023-03-14,2023-04-17,17861.18
OPP_16799,Sarah Chen,Starter Pack,Company_600,closed-won,2024-11-01,2024-11-21,
OPP_16800,Mike Torres,Analytics Pro,Company_797,closed-won,2024-04-03,2024-06-12,47654.28
OPP_16801,Ryan Osei,Starter Pack,Company_562,closed-won,2023-12-09,2023-12-29,14430.86
OPP_16802,Priya Nair,Enterprise Suite,Company_536,closed-lost,2024-10-04,2025-01-06,
OPP_16803,Sarah Chen,Starter Pack,Company_704,closed-lost,2023-12-16,2024-01-20,
OPP_16804,Ryan Osei,Analytics Pro,Company_483,closed-won,2023-06-12,2023-07-20,67045.41
OPP_16805,Lisa Park,Analytics Pro,Company_746,closed-won,2024-06-21,2024-08-11,37726.31
OPP_16806,Anita Rao,Enterprise Suite,Company_122,closed-lost,2023-08-22,2023-11-01,
OPP_16807,Ryan Osei,Starter Pack,Company_903,closed-won,2023-10-12,2023-11-07,15846.57
OPP_16808,James Wu,Analytics Pro,Company_376,closed-won,2023-12-22,2024-01-24,78527.15
OPP_16809,Carlos Webb,Starter Pack,Company_907,closed-lost,2024-05-16,2024-06-28,
OPP_16810,Sarah Chen,Starter Pack,Company_318,closed-lost,2024-11-11,2024-12-16,
OPP_16811,Mike Torres,Starter Pack,Company_891,closed-won,2024-10-25,2024-11-18,18487.13
OPP_16812,Anita Rao,Starter Pack,Company_552,closed-lost,2023-09-01,2023-09-30,
OPP_16813,Anita Rao,Starter Pack,Company_236,closed-lost,2023-01-17,2023-02-12,
OPP_16814,Ryan Osei,Enterprise Suite,Company_488,closed-lost,2023-02-15,2023-05-23,
OPP_16815,Carlos Webb,Starter Pack,Company_600,closed-won,2024-06-08,2024-07-06,7702.38
OPP_16816,Priya Nair,Analytics Pro,Company_199,closed-lost,2023-04-05,2023-04-14,
OPP_16817,Priya Nair,Enterprise Suite,Company_161,closed-won,2023-07-02,2023-09-15,335245.1
OPP_16818,James Wu,Enterprise Suite,Company_616,closed-lost,2024-05-22,2024-09-11,
OPP_16819,Priya Nair,Starter Pack,Company_245,closed-won,2024-03-09,2024-03-30,17026.57
OPP_16820,Lisa Park,Analytics Pro,Company_343,closed-won,2023-11-18,2023-11-23,48219.88
OPP_16821,Carlos Webb,Analytics Pro,Company_78,closed-won,2024-10-13,2024-12-16,46049.5
OPP_16822,Mike Torres,Analytics Pro,Company_956,closed-lost,2024-02-22,2024-04-07,
OPP_16823,Sarah Chen,Enterprise Suite,Company_763,closed-lost,2023-07-26,2023-10-23,
OPP_16824,Anita Rao,Starter Pack,Company_532,closed-lost,2023-07-08,2023-08-06,
OPP_16825,Ryan Osei,Enterprise Suite,Company_43,closed-lost,2023-01-03,2023-03-20,
OPP_16826,Carlos Webb,Enterprise Suite,Company_21,closed-lost,2023-01-03,2023-03-09,
OPP_16827,Carlos Webb,Starter Pack,Company_504,closed-lost,2024-05-17,2024-06-21,
OPP_16828,Ryan Osei,Analytics Pro,Company_445,closed-won,2024-03-14,2024-04-26,27500.0
OPP_16829,Sarah Chen,Enterprise Suite,Company_710,closed-lost,2024-09-20,2025-01-15,
OPP_16830,Mike Torres,Starter Pack,Company_764,closed-won,2023-05-21,2023-05-26,12543.53
OPP_16831,Priya Nair,Analytics Pro,Company_799,closed-lost,2023-04-06,2023-05-27,
OPP_16832,Sarah Chen,Starter Pack,Company_966,closed-lost,2024-05-06,2024-06-12,
OPP_16833,James Wu,Starter Pack,Company_532,closed-won,2023-03-30,2023-05-04,20809.55
OPP_16834,James Wu,Analytics Pro,Company_399,closed-won,2023-10-05,2023-11-15,64916.83
OPP_16835,Ryan Osei,Enterprise Suite,Company_90,closed-lost,2023-12-05,2024-02-15,
OPP_16836,Sarah Chen,Analytics Pro,Company_157,closed-lost,2023-11-13,2023-11-30,
OPP_16837,Lisa Park,Starter Pack,Company_328,closed-lost,2023-10-20,2023-11-30,
OPP_16838,James Wu,Starter Pack,Company_975,closed-won,2023-10-28,2023-11-11,9389.97
OPP_16839,Priya Nair,Starter Pack,Company_260,closed-lost,2024-11-26,2025-01-08,
OPP_16840,Carlos Webb,Analytics Pro,Company_53,closed-won,2023-02-08,2023-04-01,66931.07
OPP_16841,Ryan Osei,Enterprise Suite,Company_563,closed-lost,2023-05-15,2023-08-22,
OPP_16842,Priya Nair,Analytics Pro,Company_585,closed-lost,2024-07-04,2024-08-18,
OPP_16843,Mike Torres,Analytics Pro,Company_641,closed-lost,2024-11-06,2024-12-11,
OPP_16844,Lisa Park,Analytics Pro,Company_781,closed-lost,2023-07-09,2023-08-22,
OPP_16845,Priya Nair,Enterprise Suite,Company_215,closed-lost,2023-04-02,2023-06-13,
OPP_16846,Anita Rao,Analytics Pro,Company_767,closed-lost,2024-08-20,2024-10-14,
OPP_16847,Sarah Chen,Starter Pack,,closed-lost,2024-07-28,2024-08-23,
OPP_16848,Anita Rao,Enterprise Suite,Company_5,closed-lost,2024-05-07,2024-08-11,
OPP_16849,Lisa Park,Starter Pack,Company_350,closed-won,2023-11-02,2023-11-29,19910.6
OPP_16850,Anita Rao,Starter Pack,,closed-lost,2023-04-12,2023-05-11,
OPP_16851,Priya Nair,Analytics Pro,Company_47,closed-won,2023-10-26,2023-11-28,
OPP_16852,James Wu,Starter Pack,Company_660,closed-won,2023-01-24,2023-03-02,23939.35
OPP_16853,Carlos Webb,Enterprise Suite,,closed-lost,2023-06-03,2023-09-14,
OPP_16854,Mike Torres,Starter Pack,Company_104,closed-won,2023-07-10,2023-08-15,8237.09
OPP_16855,Carlos Webb,Analytics Pro,Company_707,closed-won,2024-07-27,2024-08-11,55300.03
OPP_16856,Sarah Chen,Enterprise Suite,Company_841,closed-won,2024-02-14,2024-04-17,
OPP_16857,Sarah Chen,Enterprise Suite,Company_377,closed-lost,2024-04-08,2024-07-18,
OPP_16858,Mike Torres,Analytics Pro,Company_292,closed-won,2024-05-02,2024-06-23,69569.96
OPP_16859,Priya Nair,Starter Pack,Company_731,closed-lost,2024-03-30,2024-04-26,
OPP_16860,Lisa Park,Analytics Pro,Company_596,closed-lost,2023-01-29,2023-02-15,
OPP_16861,Priya Nair,Analytics Pro,Company_774,closed-lost,2024-08-20,2024-10-05,
OPP_16862,Ryan Osei,Enterprise Suite,Company_586,closed-lost,2023-02-22,2023-06-05,
OPP_16863,Ryan Osei,Enterprise Suite,Company_303,closed-lost,2023-04-27,2023-09-07,
OPP_16864,Lisa Park,Starter Pack,Company_910,closed-won,2024-10-22,2024-11-23,16122.43
OPP_16865,Anita Rao,Starter Pack,Company_548,closed-lost,2023-02-01,2023-03-17,
OPP_16866,Carlos Webb,Enterprise Suite,Company_393,closed-lost,2023-02-05,2023-03-11,
OPP_16867,James Wu,Starter Pack,Company_338,closed-won,2023-09-26,2023-10-20,9627.84
OPP_16868,Mike Torres,Analytics Pro,Company_21,closed-lost,2024-02-28,2024-05-01,
OPP_16869,Anita Rao,Enterprise Suite,Company_633,closed-lost,2024-03-17,2024-06-24,
OPP_16870,James Wu,Starter Pack,Company_911,closed-won,2024-03-20,2024-04-16,18458.67
OPP_16871,James Wu,Starter Pack,Company_189,closed-lost,2024-09-03,2024-10-03,
OPP_16872,James Wu,Analytics Pro,Company_799,closed-won,2024-03-31,2024-04-14,64200.65
OPP_16873,Priya Nair,Analytics Pro,,closed-lost,2023-07-10,2023-09-13,
OPP_16874,Sarah Chen,Analytics Pro,Company_637,closed-won,2023-07-11,2023-08-29,43950.52
OPP_16875,Sarah Chen,Enterprise Suite,Company_484,closed-lost,2024-06-11,2024-09-24,
OPP_16876,Priya Nair,Analytics Pro,Company_655,closed-lost,2023-04-27,2023-06-15,
OPP_16877,Mike Torres,Analytics Pro,Company_782,closed-won,2024-09-26,2024-11-02,49834.44
OPP_16878,Ryan Osei,Starter Pack,Company_657,closed-lost,2023-05-10,2023-06-22,
OPP_16879,Lisa Park,Starter Pack,Company_767,closed-won,2023-06-16,2023-07-20,19082.06
OPP_16880,James Wu,Analytics Pro,Company_575,closed-lost,2023-05-05,2023-06-05,
OPP_16881,James Wu,Enterprise Suite,Company_621,closed-won,2024-06-04,2024-08-01,303111.45
OPP_16882,James Wu,Analytics Pro,Company_686,closed-won,2023-09-21,2023-10-06,54315.95
OPP_16883,Carlos Webb,Enterprise Suite,Company_249,closed-lost,2024-05-30,2024-10-23,
OPP_16884,Priya Nair,Enterprise Suite,Company_918,closed-lost,2024-03-26,2024-06-08,
OPP_16885,Sarah Chen,Analytics Pro,Company_847,closed-won,2024-09-05,2024-11-07,35399.96
OPP_16886,Sarah Chen,Analytics Pro,Company_983,closed-won,2023-07-09,2023-08-18,76006.47
OPP_16887,Ryan Osei,Enterprise Suite,Company_120,closed-won,2023-04-08,2023-06-10,362993.16
OPP_16888,Priya Nair,Enterprise Suite,Company_579,closed-lost,2023-05-23,2023-09-23,
OPP_16889,Ryan Osei,Analytics Pro,Company_30,closed-won,2024-04-24,2024-06-06,62782.52
OPP_16890,Priya Nair,Analytics Pro,Company_604,closed-won,2024-09-13,2024-11-16,53917.54
OPP_16891,Carlos Webb,Enterprise Suite,Company_692,closed-lost,2023-08-13,2023-11-18,
OPP_16892,Priya Nair,Analytics Pro,Company_676,closed-lost,2023-11-10,2024-01-03,
OPP_16893,Anita Rao,Starter Pack,Company_802,closed-lost,2023-05-16,2023-06-14,
OPP_16894,Ryan Osei,Enterprise Suite,Company_387,closed-lost,2024-06-08,2024-08-20,
OPP_16895,Carlos Webb,Analytics Pro,Company_645,closed-lost,2024-02-25,2024-03-19,
OPP_16896,Mike Torres,Starter Pack,Company_15,closed-lost,2024-02-12,2024-02-26,
OPP_16897,Lisa Park,Analytics Pro,Company_100,closed-lost,2024-01-17,2024-03-15,
OPP_16898,Priya Nair,Starter Pack,Company_826,closed-lost,2023-02-07,2023-03-13,
OPP_16899,Carlos Webb,Enterprise Suite,Company_344,closed-lost,2024-05-21,2024-09-27,
OPP_16900,Mike Torres,Analytics Pro,Company_863,closed-lost,2023-10-06,2023-10-26,
OPP_16901,James Wu,Analytics Pro,Company_408,closed-lost,2023-07-14,2023-09-23,
OPP_16902,Priya Nair,Starter Pack,,closed-won,2024-04-17,2024-05-12,18108.3
OPP_16903,Anita Rao,Enterprise Suite,Company_278,closed-lost,2024-11-09,2025-02-12,
OPP_16904,Sarah Chen,Starter Pack,Company_852,closed-won,2023-07-22,2023-08-25,11800.61
OPP_16905,Priya Nair,Analytics Pro,Company_770,closed-won,2024-11-20,2025-01-31,39032.0
OPP_16906,James Wu,Starter Pack,Company_6,closed-won,2023-03-03,2023-04-15,8457.25
OPP_16907,Ryan Osei,Enterprise Suite,,closed-won,2023-03-27,2023-06-22,140373.0
OPP_16908,Ryan Osei,Starter Pack,Company_56,closed-won,2024-06-09,2024-07-06,22246.95
OPP_16909,Mike Torres,Analytics Pro,Company_515,closed-won,2024-08-31,2024-11-07,33537.12
OPP_16910,James Wu,Starter Pack,Company_83,closed-won,2024-08-02,2024-08-28,19497.5
OPP_16911,James Wu,Enterprise Suite,Company_342,closed-lost,2023-03-25,2023-05-30,
OPP_16912,Sarah Chen,Starter Pack,Company_968,closed-lost,2024-08-18,2024-08-23,
OPP_16913,Mike Torres,Analytics Pro,Company_540,closed-lost,2023-02-08,2023-03-14,
OPP_16914,Sarah Chen,Enterprise Suite,Company_663,closed-lost,2023-02-10,2023-05-11,
OPP_16915,Anita Rao,Starter Pack,Company_300,closed-won,2024-07-22,2024-08-04,20313.14
OPP_16916,Mike Torres,Enterprise Suite,,closed-won,2024-02-28,2024-05-02,292270.62
OPP_16917,Sarah Chen,Analytics Pro,Company_417,closed-lost,2024-07-04,2024-09-05,
OPP_16918,Priya Nair,Enterprise Suite,Company_534,closed-won,2023-05-26,2023-09-28,175386.25
OPP_16919,James Wu,Enterprise Suite,Company_972,closed-lost,2023-10-01,2024-03-26,
OPP_16920,Lisa Park,Enterprise Suite,Company_421,closed-lost,2024-06-18,2024-10-13,
OPP_16921,Priya Nair,Starter Pack,Company_747,closed-lost,2024-08-17,2024-09-09,
OPP_16922,Carlos Webb,Starter Pack,Company_652,closed-lost,2024-04-13,2024-05-14,
OPP_16923,Anita Rao,Analytics Pro,Company_17,closed-lost,2024-02-24,2024-03-18,
OPP_16924,Lisa Park,Analytics Pro,Company_453,closed-lost,2023-04-23,2023-06-03,
OPP_16925,Anita Rao,Analytics Pro,Company_166,closed-lost,2024-09-28,2024-11-08,
OPP_16926,Sarah Chen,Enterprise Suite,Company_965,closed-lost,2024-06-11,2024-09-03,
OPP_16927,Lisa Park,Starter Pack,Company_743,closed-lost,2023-02-07,2023-03-24,
OPP_16928,Ryan Osei,Analytics Pro,Company_687,closed-lost,2023-02-19,2023-04-17,
OPP_16929,Priya Nair,Enterprise Suite,Company_140,closed-won,2024-08-21,2024-11-21,321794.83
OPP_16930,Carlos Webb,Starter Pack,Company_568,closed-lost,2023-06-03,2023-06-26,
OPP_16931,Mike Torres,Enterprise Suite,Company_893,closed-lost,2024-07-01,2024-09-21,
OPP_16932,Lisa Park,Enterprise Suite,Company_640,closed-lost,2024-02-14,2024-05-17,
OPP_16933,Lisa Park,Analytics Pro,Company_945,closed-won,2023-12-11,2024-01-26,32785.76
OPP_16934,Sarah Chen,Starter Pack,Company_578,closed-won,2023-03-31,2023-05-17,9722.05
OPP_16935,Mike Torres,Analytics Pro,Company_23,closed-lost,2024-02-06,2024-03-24,
OPP_16936,Ryan Osei,Enterprise Suite,Company_690,closed-lost,2023-06-26,2023-11-19,
OPP_16937,Anita Rao,Starter Pack,Company_993,closed-lost,2024-01-23,2024-02-25,
OPP_16938,James Wu,Starter Pack,Company_207,closed-lost,2024-03-17,2024-04-29,
OPP_16939,Lisa Park,Starter Pack,Company_91,closed-won,2023-11-03,2023-12-08,7500.0
OPP_16940,Priya Nair,Analytics Pro,Company_366,closed-lost,2024-11-20,2025-01-09,
OPP_16941,Priya Nair,Starter Pack,Company_353,closed-lost,2023-03-13,2023-04-21,
OPP_16942,Ryan Osei,Starter Pack,Company_478,closed-won,2023-09-21,2023-10-13,10535.05
OPP_16943,Mike Torres,Analytics Pro,,closed-won,2023-04-25,2023-06-11,73798.62
OPP_16944,James Wu,Starter Pack,Company_694,closed-lost,2023-12-29,2024-01-29,
OPP_16945,Mike Torres,Starter Pack,Company_617,closed-won,2024-07-19,2024-08-27,22630.22
OPP_16946,Priya Nair,Starter Pack,Company_388,closed-lost,2023-11-17,2023-12-18,
OPP_16947,Mike Torres,Starter Pack,Company_768,closed-won,2024-06-12,2024-07-11,19317.94
OPP_16948,Ryan Osei,Starter Pack,Company_844,closed-lost,2023-08-05,2023-09-04,
OPP_16949,Carlos Webb,Starter Pack,Company_478,closed-lost,2023-05-08,2023-05-31,
OPP_16950,Lisa Park,Enterprise Suite,Company_587,closed-won,2024-11-01,2025-01-30,227265.01
OPP_16951,Carlos Webb,Analytics Pro,Company_124,closed-lost,2024-11-27,2025-02-01,
OPP_16952,James Wu,Starter Pack,Company_458,closed-lost,2023-10-19,2023-11-20,
OPP_16953,Mike Torres,Enterprise Suite,,closed-won,2024-01-17,2024-05-11,179397.04
OPP_16954,Anita Rao,Analytics Pro,Company_270,closed-won,2023-09-05,2023-10-31,42556.79
OPP_16955,Sarah Chen,Enterprise Suite,Company_984,closed-lost,2023-06-20,2023-08-27,
OPP_16956,Priya Nair,Enterprise Suite,Company_330,closed-lost,2023-02-04,2023-05-13,
OPP_16957,Sarah Chen,Starter Pack,Company_884,closed-won,2024-03-18,2024-04-02,15639.0
OPP_16958,Ryan Osei,Analytics Pro,Company_522,closed-lost,2023-04-19,2023-06-17,
OPP_16959,Sarah Chen,Starter Pack,Company_441,closed-lost,2023-11-17,2023-12-23,
OPP_16960,Anita Rao,Analytics Pro,Company_54,closed-lost,2024-06-24,2024-08-15,
OPP_16961,James Wu,Analytics Pro,Company_209,closed-won,2024-03-07,2024-04-23,49766.32
OPP_16962,Anita Rao,Starter Pack,Company_407,closed-won,2024-06-03,2024-06-27,15649.51
OPP_16963,Lisa Park,Enterprise Suite,Company_110,closed-lost,2023-01-11,2023-04-17,
OPP_16964,Priya Nair,Analytics Pro,Company_758,closed-won,2023-04-08,2023-05-31,56550.06
OPP_16965,Lisa Park,Enterprise Suite,Company_525,closed-won,2024-10-18,2025-01-31,277918.8
OPP_16966,Priya Nair,Starter Pack,Company_76,closed-won,2024-11-17,2024-12-13,10051.4
OPP_16967,Sarah Chen,Starter Pack,Company_654,closed-lost,2023-07-17,2023-08-17,
OPP_16968,Mike Torres,Analytics Pro,Company_915,closed-won,2024-05-12,2024-07-10,78545.24
OPP_16969,Priya Nair,Starter Pack,Company_643,closed-lost,2024-04-05,2024-05-05,
OPP_16970,James Wu,Analytics Pro,Company_531,closed-won,2024-06-09,2024-07-20,48230.01
OPP_16971,Ryan Osei,Starter Pack,Company_586,closed-won,2024-04-01,2024-05-22,15208.96
OPP_16972,Carlos Webb,Enterprise Suite,Company_849,closed-lost,2024-01-31,2024-03-12,
OPP_16973,Lisa Park,Enterprise Suite,Company_703,closed-lost,2024-10-23,2025-02-24,
OPP_16974,Lisa Park,Starter Pack,Company_776,closed-won,2023-01-11,2023-02-18,14763.55
OPP_16975,Ryan Osei,Starter Pack,Company_895,closed-lost,2023-12-04,2023-12-22,
OPP_16976,James Wu,Starter Pack,Company_868,closed-won,2023-11-19,2023-12-10,10706.66
OPP_16977,Priya Nair,Enterprise Suite,Company_697,closed-lost,2023-01-11,2023-02-11,
OPP_16978,Carlos Webb,Analytics Pro,,closed-won,2024-01-23,2024-03-11,58439.0
OPP_16979,Carlos Webb,Starter Pack,Company_586,closed-lost,2023-01-02,2023-02-03,
OPP_16980,Lisa Park,Enterprise Suite,Company_23,closed-lost,2024-07-10,2024-10-10,
OPP_16981,Lisa Park,Enterprise Suite,Company_602,closed-lost,2024-03-25,2024-07-02,
OPP_16982,Ryan Osei,Analytics Pro,Company_697,closed-won,2024-03-06,2024-04-30,49973.24
OPP_16983,Mike Torres,Analytics Pro,Company_489,closed-won,2023-02-28,2023-04-02,60270.81
OPP_16984,Sarah Chen,Analytics Pro,Company_881,closed-won,2023-03-18,2023-05-19,27500.0
OPP_16985,Lisa Park,Starter Pack,Company_921,closed-lost,2024-06-27,2024-08-05,
OPP_16986,Ryan Osei,Enterprise Suite,Company_798,closed-lost,2024-04-15,2024-07-12,
OPP_16987,Priya Nair,Starter Pack,Company_373,closed-won,2023-02-09,2023-02-23,9557.41
OPP_16988,Sarah Chen,Analytics Pro,Company_553,closed-won,2023-05-09,2023-07-23,70639.43
OPP_16989,Priya Nair,Starter Pack,Company_674,closed-lost,2023-01-18,2023-02-05,
OPP_16990,Priya Nair,Starter Pack,Company_229,closed-won,2024-03-08,2024-04-07,7500.0
OPP_16991,Carlos Webb,Analytics Pro,Company_690,closed-lost,2023-11-27,2024-01-13,
OPP_16992,Priya Nair,Starter Pack,Company_402,closed-lost,2024-04-30,2024-06-01,
OPP_16993,Carlos Webb,Starter Pack,Company_795,closed-lost,2023-01-04,2023-01-26,
OPP_16994,Carlos Webb,Enterprise Suite,Company_458,closed-lost,2023-10-09,2023-12-22,
OPP_16995,Mike Torres,Enterprise Suite,Company_271,closed-won,2024-01-29,2024-04-11,373774.39
OPP_16996,Ryan Osei,Enterprise Suite,Company_153,closed-won,2023-09-22,2023-11-29,268335.51
OPP_16997,Mike Torres,Enterprise Suite,Company_666,closed-won,2023-12-05,2024-02-18,235087.33
OPP_16998,Priya Nair,Starter Pack,Company_584,closed-lost,2024-07-22,2024-08-17,
OPP_16999,Priya Nair,Analytics Pro,Company_581,closed-lost,2023-10-03,2023-11-13,
OPP_17000,Ryan Osei,Analytics Pro,Company_773,closed-lost,2023-12-14,2024-01-22,
OPP_17001,Sarah Chen,Enterprise Suite,Company_604,closed-won,2023-10-09,2023-12-14,270564.24
OPP_17002,Anita Rao,Starter Pack,Company_440,closed-lost,2023-01-02,2023-01-20,
OPP_17003,Anita Rao,Enterprise Suite,Company_888,closed-lost,2024-05-25,2024-07-11,
OPP_17004,Sarah Chen,Starter Pack,Company_129,closed-lost,2023-10-10,2023-10-29,
OPP_17005,Sarah Chen,Analytics Pro,Company_817,closed-won,2024-02-19,2024-03-25,68068.93
OPP_17006,Sarah Chen,Enterprise Suite,Company_708,closed-won,2023-10-24,2024-01-10,246160.44
OPP_17007,James Wu,Enterprise Suite,Company_861,closed-lost,2024-05-23,2024-08-28,
OPP_17008,Ryan Osei,Enterprise Suite,Company_612,closed-lost,2024-03-26,2024-07-02,
OPP_17009,Anita Rao,Enterprise Suite,Company_992,closed-lost,2024-06-04,2024-08-03,
OPP_17010,Anita Rao,Enterprise Suite,Company_133,closed-lost,2024-06-11,2024-09-27,
OPP_17011,Anita Rao,Enterprise Suite,Company_345,closed-lost,2023-12-31,2024-04-21,
OPP_17012,Mike Torres,Enterprise Suite,Company_86,closed-lost,2024-07-15,2024-10-22,
OPP_17013,Anita Rao,Analytics Pro,Company_462,closed-lost,2023-03-18,2023-05-19,
OPP_17014,Lisa Park,Starter Pack,Company_711,closed-lost,2024-11-21,2024-12-10,
OPP_17015,Lisa Park,Starter Pack,Company_365,closed-won,2024-05-29,2024-07-05,
OPP_17016,Priya Nair,Starter Pack,Company_916,closed-lost,2023-03-12,2023-04-15,
OPP_17017,Ryan Osei,Analytics Pro,Company_399,closed-lost,2024-07-22,2024-09-18,
OPP_17018,Lisa Park,Starter Pack,Company_552,closed-lost,2024-06-13,2024-07-21,
OPP_17019,Priya Nair,Starter Pack,Company_956,closed-won,2023-04-28,2023-05-28,11637.25
OPP_17020,Lisa Park,Analytics Pro,Company_389,closed-lost,2023-06-11,2023-07-24,
OPP_17021,Mike Torres,Enterprise Suite,Company_65,closed-won,2024-07-07,2024-10-11,312939.81
OPP_17022,Lisa Park,Analytics Pro,Company_625,closed-lost,2024-11-15,2025-01-19,
OPP_17023,Lisa Park,Analytics Pro,Company_554,closed-lost,2024-09-18,2024-11-18,
OPP_17024,Priya Nair,Enterprise Suite,Company_588,closed-lost,2023-05-13,2023-08-05,
OPP_17025,Ryan Osei,Enterprise Suite,Company_509,closed-lost,2023-01-29,2023-05-12,
OPP_17026,Priya Nair,Starter Pack,Company_327,closed-lost,2023-04-14,2023-05-20,
OPP_17027,James Wu,Analytics Pro,Company_767,closed-lost,2023-03-31,2023-04-24,
OPP_17028,Sarah Chen,Enterprise Suite,Company_544,closed-lost,2023-07-08,2023-08-31,
OPP_17029,Carlos Webb,Enterprise Suite,Company_536,closed-lost,2024-08-20,2024-10-17,
OPP_17030,Sarah Chen,Analytics Pro,Company_658,closed-lost,2023-10-25,2023-12-04,
OPP_17031,Priya Nair,Enterprise Suite,Company_640,closed-lost,2024-01-14,2024-03-21,
OPP_17032,James Wu,Analytics Pro,Company_53,closed-lost,2023-03-12,2023-04-24,
OPP_17033,Anita Rao,Starter Pack,Company_679,closed-lost,2023-07-27,2023-08-21,
OPP_17034,Carlos Webb,Analytics Pro,Company_390,closed-lost,2023-03-10,2023-05-14,
OPP_17035,Carlos Webb,Enterprise Suite,Company_467,closed-won,2024-06-06,2024-08-15,180730.46
OPP_17036,Sarah Chen,Starter Pack,Company_689,closed-lost,2023-06-06,2023-07-18,
OPP_17037,Mike Torres,Starter Pack,Company_286,closed-lost,2023-09-23,2023-10-16,
OPP_17038,Priya Nair,Enterprise Suite,,closed-lost,2024-11-16,2025-03-01,
OPP_17039,Carlos Webb,Analytics Pro,Company_257,closed-won,2023-01-26,2023-03-12,48285.65
OPP_17040,Priya Nair,Enterprise Suite,Company_402,closed-won,2023-04-26,2023-08-20,328783.6
OPP_17041,Lisa Park,Enterprise Suite,Company_403,closed-lost,2023-04-12,2023-05-22,
OPP_17042,James Wu,Starter Pack,Company_361,closed-won,2024-04-11,2024-04-25,23706.36
OPP_17043,Anita Rao,Starter Pack,,closed-lost,2024-09-11,2024-10-21,
OPP_17044,James Wu,Enterprise Suite,Company_974,closed-lost,2024-04-24,2024-07-23,
OPP_17045,Priya Nair,Enterprise Suite,Company_545,closed-lost,2023-03-18,2023-06-11,
OPP_17046,Anita Rao,Analytics Pro,Company_850,closed-won,2023-06-06,2023-08-02,60767.37
OPP_17047,James Wu,Starter Pack,Company_559,closed-won,2024-11-09,2024-12-10,20602.25
OPP_17048,Mike Torres,Analytics Pro,Company_414,closed-won,2023-12-16,2024-01-06,51444.64
OPP_17049,Priya Nair,Analytics Pro,Company_81,closed-lost,2024-02-11,2024-03-29,
OPP_17050,Carlos Webb,Starter Pack,Company_545,closed-won,2024-10-21,2024-11-24,17419.43
OPP_17051,Carlos Webb,Enterprise Suite,,closed-lost,2024-10-23,2025-02-24,
OPP_17052,Lisa Park,Starter Pack,Company_935,closed-lost,2024-05-15,2024-06-20,
OPP_17053,Carlos Webb,Analytics Pro,Company_171,closed-lost,2023-04-18,2023-06-09,
OPP_17054,Priya Nair,Analytics Pro,Company_968,closed-lost,2024-03-17,2024-04-30,
OPP_17055,James Wu,Enterprise Suite,Company_227,closed-lost,2024-01-24,2024-05-07,
OPP_17056,Carlos Webb,Enterprise Suite,Company_622,closed-lost,2023-10-06,2024-02-23,
OPP_17057,Carlos Webb,Starter Pack,Company_228,closed-lost,2024-05-21,2024-06-27,
OPP_17058,Mike Torres,Enterprise Suite,Company_727,closed-lost,2024-03-19,2024-05-27,
OPP_17059,Ryan Osei,Analytics Pro,Company_374,closed-won,2024-02-01,2024-04-01,87389.23
OPP_17060,Sarah Chen,Enterprise Suite,Company_501,closed-won,2024-11-03,2025-02-15,345401.6
OPP_17061,Anita Rao,Analytics Pro,Company_972,closed-lost,2024-08-07,2024-08-26,
OPP_17062,Carlos Webb,Starter Pack,Company_624,closed-lost,2023-09-03,2023-10-24,
OPP_17063,Carlos Webb,Analytics Pro,Company_791,closed-lost,2023-04-10,2023-05-11,
OPP_17064,Anita Rao,Analytics Pro,Company_229,closed-won,2023-11-10,2023-12-30,57098.63
OPP_17065,Sarah Chen,Starter Pack,Company_313,closed-won,2023-12-25,2024-01-25,11341.01
OPP_17066,Mike Torres,Enterprise Suite,Company_915,closed-lost,2023-05-16,2023-09-15,
OPP_17067,Mike Torres,Starter Pack,Company_935,closed-won,2023-06-13,2023-07-12,15190.25
OPP_17068,Lisa Park,Enterprise Suite,Company_495,closed-lost,2024-05-11,2024-08-14,
OPP_17069,Priya Nair,Starter Pack,Company_203,closed-lost,2024-01-06,2024-01-20,
OPP_17070,Carlos Webb,Enterprise Suite,Company_241,closed-lost,2023-12-19,2024-03-11,
OPP_17071,Anita Rao,Starter Pack,Company_88,closed-won,2023-09-09,2023-10-19,15903.56
OPP_17072,Carlos Webb,Starter Pack,Company_403,closed-won,2023-01-29,2023-03-12,7500.0
OPP_17073,Anita Rao,Starter Pack,Company_333,closed-lost,2024-10-11,2024-11-06,
OPP_17074,Anita Rao,Analytics Pro,Company_110,closed-lost,2024-03-25,2024-05-03,
OPP_17075,Carlos Webb,Analytics Pro,Company_207,closed-won,2023-11-17,2023-12-22,63117.31
OPP_17076,Mike Torres,Starter Pack,Company_746,closed-won,2024-11-30,2024-12-18,12584.65
OPP_17077,Priya Nair,Analytics Pro,Company_634,closed-won,2024-10-20,2024-10-25,85414.5
OPP_17078,James Wu,Analytics Pro,Company_487,closed-won,2024-01-12,2024-02-22,40063.56
OPP_17079,Mike Torres,Starter Pack,Company_817,closed-lost,2023-01-28,2023-02-27,
OPP_17080,Ryan Osei,Analytics Pro,Company_871,closed-won,2023-10-28,2023-12-20,72972.5
OPP_17081,Carlos Webb,Starter Pack,Company_16,closed-lost,2024-04-30,2024-05-24,
OPP_17082,Anita Rao,Starter Pack,Company_713,closed-won,2024-06-24,2024-07-23,8570.36
OPP_17083,Mike Torres,Analytics Pro,Company_973,closed-lost,2024-10-29,2025-01-03,
OPP_17084,Mike Torres,Starter Pack,Company_794,closed-lost,2024-05-03,2024-05-24,
OPP_17085,Carlos Webb,Starter Pack,Company_467,closed-lost,2024-08-09,2024-09-12,
OPP_17086,Ryan Osei,Enterprise Suite,Company_541,closed-won,2023-06-27,2023-08-25,273437.83
OPP_17087,Mike Torres,Enterprise Suite,Company_605,closed-lost,2023-04-27,2023-10-16,
OPP_17088,Lisa Park,Enterprise Suite,Company_61,closed-lost,2024-07-12,2024-10-01,
OPP_17089,Priya Nair,Analytics Pro,Company_6,closed-won,2024-11-18,2024-12-15,42704.73
OPP_17090,Anita Rao,Analytics Pro,Company_132,closed-won,2023-02-27,2023-03-16,44731.59
OPP_17091,James Wu,Enterprise Suite,Company_539,closed-lost,2023-03-12,2023-06-22,
OPP_17092,Carlos Webb,Analytics Pro,Company_166,closed-won,2023-10-29,2023-12-20,31194.96
OPP_17093,Priya Nair,Analytics Pro,Company_570,closed-lost,2024-02-10,2024-03-21,
OPP_17094,Ryan Osei,Analytics Pro,Company_59,closed-lost,2023-05-25,2023-07-11,
OPP_17095,Carlos Webb,Enterprise Suite,Company_518,closed-lost,2024-04-28,2024-07-06,
OPP_17096,Ryan Osei,Analytics Pro,Company_551,closed-won,2023-08-02,2023-09-08,80712.51
OPP_17097,Lisa Park,Analytics Pro,Company_305,closed-lost,2023-09-25,2023-11-22,
OPP_17098,Priya Nair,Starter Pack,Company_504,closed-lost,2024-03-31,2024-05-03,
OPP_17099,Carlos Webb,Enterprise Suite,Company_345,closed-lost,2024-01-08,2024-05-10,
OPP_17100,Anita Rao,Enterprise Suite,Company_647,closed-lost,2023-11-08,2024-03-06,
OPP_17101,Carlos Webb,Enterprise Suite,Company_602,closed-lost,2024-08-10,2024-12-17,
OPP_17102,Ryan Osei,Analytics Pro,Company_815,closed-won,2024-08-19,2024-10-13,60768.42
OPP_17103,Carlos Webb,Enterprise Suite,Company_861,closed-lost,2023-11-09,2023-12-20,
OPP_17104,Anita Rao,Starter Pack,Company_514,closed-lost,2024-09-12,2024-11-01,
OPP_17105,Priya Nair,Analytics Pro,Company_980,closed-won,2024-10-30,2024-11-05,34338.45
OPP_17106,Mike Torres,Starter Pack,Company_831,closed-lost,2024-09-13,2024-10-07,
OPP_17107,Ryan Osei,Analytics Pro,Company_26,closed-lost,2023-09-03,2023-09-18,
OPP_17108,Priya Nair,Starter Pack,Company_903,closed-won,2024-11-28,2024-12-31,13694.56
OPP_17109,Sarah Chen,Starter Pack,Company_159,closed-won,2024-03-03,2024-04-17,9916.18
OPP_17110,Anita Rao,Analytics Pro,Company_654,closed-won,2023-09-18,2023-11-24,44315.6
OPP_17111,James Wu,Enterprise Suite,Company_662,closed-lost,2023-07-07,2023-08-31,
OPP_17112,James Wu,Starter Pack,Company_981,closed-won,2023-01-08,2023-02-06,14241.52
OPP_17113,James Wu,Starter Pack,Company_658,closed-won,2023-01-30,2023-02-20,9642.92
OPP_17114,Mike Torres,Analytics Pro,Company_889,closed-won,2023-09-29,2023-11-13,46016.47
OPP_17115,Carlos Webb,Starter Pack,Company_213,closed-lost,2023-02-21,2023-03-24,
OPP_17116,Sarah Chen,Analytics Pro,Company_348,closed-lost,2023-05-07,2023-06-16,
OPP_17117,Lisa Park,Starter Pack,Company_534,closed-won,2024-08-13,2024-09-14,13937.85
OPP_17118,James Wu,Enterprise Suite,Company_648,closed-lost,2023-01-29,2023-05-30,
OPP_17119,Ryan Osei,Enterprise Suite,Company_755,closed-lost,2023-03-13,2023-06-04,
OPP_17120,Priya Nair,Enterprise Suite,Company_102,closed-lost,2024-07-23,2024-12-15,
OPP_17121,Anita Rao,Analytics Pro,Company_291,closed-lost,2024-08-23,2024-10-08,
OPP_17122,Ryan Osei,Analytics Pro,Company_600,closed-won,2023-04-09,2023-04-24,61862.93
OPP_17123,Lisa Park,Starter Pack,Company_511,closed-won,2023-12-29,2024-01-29,14328.2
OPP_17124,James Wu,Analytics Pro,Company_459,closed-won,2024-06-26,2024-07-31,78946.08
OPP_17125,Lisa Park,Enterprise Suite,Company_972,closed-lost,2024-03-26,2024-05-31,
OPP_17126,Anita Rao,Enterprise Suite,Company_423,closed-lost,2023-01-25,2023-05-12,
OPP_17127,Priya Nair,Enterprise Suite,Company_6,closed-lost,2024-10-18,2025-01-14,
OPP_17128,Priya Nair,Analytics Pro,Company_866,closed-lost,2024-04-23,2024-06-01,
OPP_17129,Priya Nair,Analytics Pro,Company_294,closed-won,2023-10-07,2023-11-28,80924.14
OPP_17130,James Wu,Starter Pack,Company_538,closed-won,2023-07-04,2023-07-29,12288.96
OPP_17131,James Wu,Starter Pack,Company_724,closed-lost,2024-07-10,2024-08-16,
OPP_17132,Mike Torres,Enterprise Suite,Company_136,closed-lost,2024-11-03,2025-01-04,
OPP_17133,James Wu,Starter Pack,Company_129,closed-lost,2024-02-09,2024-03-24,
OPP_17134,James Wu,Enterprise Suite,Company_146,closed-lost,2023-09-25,2023-11-14,
OPP_17135,Sarah Chen,Enterprise Suite,Company_312,closed-lost,2023-03-25,2023-07-04,
OPP_17136,Mike Torres,Starter Pack,,closed-won,2023-10-26,2023-12-01,15306.25
OPP_17137,Sarah Chen,Starter Pack,Company_532,closed-won,2023-07-13,2023-08-13,20713.31
OPP_17138,James Wu,Analytics Pro,,closed-won,2024-05-10,2024-05-21,55681.4
OPP_17139,Lisa Park,Starter Pack,Company_208,closed-won,2024-04-04,2024-04-24,7867.94
OPP_17140,Lisa Park,Analytics Pro,Company_24,closed-won,2023-04-20,2023-07-12,
OPP_17141,Priya Nair,Analytics Pro,Company_413,closed-lost,2023-05-10,2023-06-22,
OPP_17142,Mike Torres,Enterprise Suite,Company_466,closed-lost,2024-10-15,2025-01-24,
OPP_17143,Priya Nair,Starter Pack,Company_921,closed-lost,2023-08-15,2023-09-01,
OPP_17144,Carlos Webb,Analytics Pro,Company_475,closed-lost,2023-05-29,2023-08-18,
OPP_17145,Carlos Webb,Analytics Pro,Company_764,closed-lost,2023-04-03,2023-04-29,
OPP_17146,Carlos Webb,Enterprise Suite,Company_642,closed-lost,2023-05-01,2023-06-07,
OPP_17147,Anita Rao,Analytics Pro,Company_138,closed-won,2024-10-15,2024-12-22,67849.09
OPP_17148,Ryan Osei,Starter Pack,Company_883,closed-won,2024-04-10,2024-04-22,10220.93
OPP_17149,Sarah Chen,Analytics Pro,Company_145,closed-lost,2024-02-17,2024-04-12,
OPP_17150,Mike Torres,Enterprise Suite,Company_836,closed-lost,2024-09-08,2024-11-22,
OPP_17151,Lisa Park,Analytics Pro,Company_921,closed-lost,2023-07-13,2023-08-19,
OPP_17152,James Wu,Enterprise Suite,Company_104,closed-won,2024-02-24,2024-04-18,218015.16
OPP_17153,Ryan Osei,Starter Pack,Company_562,closed-won,2023-05-13,2023-06-16,12604.82
OPP_17154,Priya Nair,Enterprise Suite,Company_450,closed-lost,2024-07-24,2024-09-25,
OPP_17155,Mike Torres,Enterprise Suite,Company_480,closed-won,2024-01-25,2024-06-19,198878.38
OPP_17156,Priya Nair,Starter Pack,Company_468,closed-lost,2023-11-02,2023-11-30,
OPP_17157,James Wu,Starter Pack,,closed-lost,2023-05-18,2023-06-21,
OPP_17158,James Wu,Enterprise Suite,Company_671,closed-lost,2023-09-06,2023-11-11,
OPP_17159,Priya Nair,Starter Pack,Company_333,closed-won,2024-01-27,2024-02-22,19514.45
OPP_17160,Priya Nair,Starter Pack,Company_158,closed-lost,2024-01-28,2024-02-23,
OPP_17161,James Wu,Enterprise Suite,Company_421,closed-lost,2024-05-13,2024-09-19,
OPP_17162,Priya Nair,Starter Pack,Company_750,closed-lost,2024-02-07,2024-03-03,
OPP_17163,Ryan Osei,Analytics Pro,Company_673,closed-won,2023-09-10,2023-11-08,47493.31
OPP_17164,Mike Torres,Enterprise Suite,,closed-lost,2023-05-21,2023-09-12,
OPP_17165,James Wu,Enterprise Suite,Company_563,closed-lost,2024-04-04,2024-08-12,
OPP_17166,Priya Nair,Starter Pack,Company_918,closed-won,2024-09-08,2024-10-17,19697.35
OPP_17167,Priya Nair,Analytics Pro,Company_668,closed-won,2023-03-11,2023-04-26,54692.26
OPP_17168,Carlos Webb,Enterprise Suite,Company_987,closed-lost,2023-08-26,2023-12-09,
OPP_17169,James Wu,Enterprise Suite,Company_876,closed-lost,2024-01-20,2024-07-17,
OPP_17170,James Wu,Analytics Pro,Company_569,closed-lost,2023-11-26,2024-01-09,
OPP_17171,Anita Rao,Analytics Pro,Company_427,closed-won,2023-04-29,2023-06-13,52888.4
OPP_17172,Mike Torres,Analytics Pro,Company_742,closed-won,2023-08-20,2023-09-24,72947.9
OPP_17173,Lisa Park,Enterprise Suite,Company_761,closed-lost,2023-08-10,2023-10-22,
OPP_17174,Lisa Park,Starter Pack,Company_165,closed-lost,2023-11-20,2023-12-15,
OPP_17175,Ryan Osei,Analytics Pro,Company_253,closed-won,2023-11-21,2024-01-04,49181.86
OPP_17176,Sarah Chen,Enterprise Suite,Company_340,closed-lost,2023-07-22,2023-10-21,
OPP_17177,Anita Rao,Analytics Pro,,closed-lost,2023-12-22,2024-01-29,
OPP_17178,Lisa Park,Enterprise Suite,Company_732,closed-won,2024-05-06,2024-07-23,331513.97
OPP_17179,Mike Torres,Starter Pack,Company_914,closed-won,2023-08-07,2023-09-03,11576.72
OPP_17180,Lisa Park,Enterprise Suite,Company_844,closed-lost,2024-05-20,2024-09-07,
OPP_17181,Lisa Park,Starter Pack,Company_191,closed-won,2023-04-17,2023-05-31,20610.86
OPP_17182,Priya Nair,Analytics Pro,Company_71,closed-lost,2023-08-31,2023-09-05,
OPP_17183,Priya Nair,Starter Pack,Company_339,closed-lost,2023-12-01,2024-01-12,
OPP_17184,James Wu,Enterprise Suite,Company_922,closed-won,2024-07-23,2024-10-04,268601.07
OPP_17185,Lisa Park,Enterprise Suite,Company_932,closed-won,2023-09-22,2023-12-25,156852.86
OPP_17186,Lisa Park,Enterprise Suite,Company_115,closed-lost,2024-04-02,2024-06-20,
OPP_17187,James Wu,Analytics Pro,Company_724,closed-won,2024-03-10,2024-05-09,70119.34
OPP_17188,Carlos Webb,Starter Pack,Company_593,closed-lost,2023-02-13,2023-03-10,
OPP_17189,James Wu,Starter Pack,Company_152,closed-won,2024-08-02,2024-08-29,10307.06
OPP_17190,Sarah Chen,Enterprise Suite,Company_770,closed-lost,2024-09-05,2024-12-09,
OPP_17191,Mike Torres,Starter Pack,Company_812,closed-lost,2023-01-08,2023-02-01,
OPP_17192,Carlos Webb,Analytics Pro,Company_746,closed-lost,2024-08-16,2024-10-25,
OPP_17193,Sarah Chen,Enterprise Suite,Company_192,closed-lost,2024-05-19,2024-08-02,
OPP_17194,Priya Nair,Starter Pack,Company_904,closed-won,2023-08-21,2023-08-26,9256.63
OPP_17195,Sarah Chen,Analytics Pro,Company_779,closed-lost,2023-05-30,2023-07-07,
OPP_17196,Lisa Park,Enterprise Suite,Company_830,closed-lost,2023-05-19,2023-08-30,
OPP_17197,Lisa Park,Enterprise Suite,Company_515,closed-lost,2024-06-02,2024-10-20,
OPP_17198,Lisa Park,Analytics Pro,Company_700,closed-won,2023-05-18,2023-06-10,38099.37
OPP_17199,James Wu,Enterprise Suite,Company_757,closed-won,2024-05-27,2024-09-23,361110.41
OPP_17200,Carlos Webb,Enterprise Suite,Company_526,closed-lost,2023-04-17,2023-08-09,
OPP_17201,Carlos Webb,Starter Pack,Company_242,closed-won,2024-08-21,2024-09-20,14735.07
OPP_17202,Ryan Osei,Starter Pack,Company_817,closed-won,2023-12-30,2024-01-24,16569.16
OPP_17203,Sarah Chen,Starter Pack,Company_17,closed-won,2023-12-31,2024-01-21,14822.75
OPP_17204,Anita Rao,Analytics Pro,Company_241,closed-won,2023-03-11,2023-04-30,39209.81
OPP_17205,Ryan Osei,Enterprise Suite,Company_83,closed-won,2024-02-10,2024-06-15,269677.69
OPP_17206,Carlos Webb,Starter Pack,Company_471,closed-won,2023-05-12,2023-06-15,13741.8
OPP_17207,Mike Torres,Analytics Pro,Company_855,closed-lost,2023-08-30,2023-11-02,
OPP_17208,Priya Nair,Starter Pack,Company_892,closed-lost,2023-05-29,2023-06-12,
OPP_17209,Mike Torres,Starter Pack,Company_797,closed-lost,2023-09-22,2023-10-17,
OPP_17210,Priya Nair,Enterprise Suite,Company_591,closed-lost,2024-05-12,2024-10-13,
OPP_17211,Priya Nair,Enterprise Suite,Company_964,closed-won,2023-10-05,2023-11-20,189284.4
OPP_17212,Carlos Webb,Enterprise Suite,Company_24,closed-lost,2024-04-12,2024-06-09,
OPP_17213,Mike Torres,Analytics Pro,Company_203,closed-won,2023-09-25,2023-11-12,35959.74
OPP_17214,Lisa Park,Analytics Pro,Company_669,closed-lost,2024-11-07,2025-01-08,
OPP_17215,James Wu,Starter Pack,Company_626,closed-lost,2024-10-25,2024-11-16,
OPP_17216,James Wu,Starter Pack,Company_590,closed-lost,2023-05-02,2023-06-03,
OPP_17217,Ryan Osei,Analytics Pro,Company_84,closed-lost,2023-02-16,2023-04-11,
OPP_17218,James Wu,Enterprise Suite,Company_607,closed-won,2023-08-06,2023-11-11,222108.39
OPP_17219,Lisa Park,Starter Pack,Company_623,closed-lost,2023-07-16,2023-08-10,
OPP_17220,Mike Torres,Starter Pack,Company_407,closed-won,2024-06-19,2024-07-21,16844.9
OPP_17221,Sarah Chen,Enterprise Suite,Company_154,closed-lost,2023-12-20,2024-03-26,
OPP_17222,Priya Nair,Starter Pack,Company_212,closed-won,2023-01-13,2023-02-11,21963.67
OPP_17223,Priya Nair,Starter Pack,Company_887,closed-won,2024-09-21,2024-10-03,19749.02
OPP_17224,Lisa Park,Analytics Pro,Company_477,closed-lost,2023-04-22,2023-05-29,
OPP_17225,Priya Nair,Starter Pack,Company_117,closed-won,2024-05-25,2024-07-04,23886.53
OPP_17226,Mike Torres,Starter Pack,Company_115,closed-won,2024-07-31,2024-09-04,10278.47
OPP_17227,Ryan Osei,Analytics Pro,Company_107,closed-won,2024-04-06,2024-05-18,46429.57
OPP_17228,Priya Nair,Starter Pack,Company_42,closed-won,2024-05-12,2024-06-24,21949.77
OPP_17229,Mike Torres,Enterprise Suite,Company_738,closed-won,2024-09-02,2024-11-23,243503.04
OPP_17230,Sarah Chen,Analytics Pro,Company_139,closed-lost,2023-06-20,2023-08-07,
OPP_17231,Carlos Webb,Enterprise Suite,Company_760,closed-lost,2024-01-22,2024-03-10,
OPP_17232,Lisa Park,Starter Pack,Company_202,closed-lost,2023-06-28,2023-07-29,
OPP_17233,James Wu,Starter Pack,Company_300,closed-lost,2023-11-25,2023-12-10,
OPP_17234,James Wu,Analytics Pro,Company_389,closed-lost,2024-06-27,2024-07-29,
OPP_17235,Carlos Webb,Starter Pack,Company_549,closed-won,2024-05-07,2024-06-11,16960.92
OPP_17236,Sarah Chen,Enterprise Suite,Company_183,closed-lost,2023-04-23,2023-06-26,
OPP_17237,Lisa Park,Enterprise Suite,Company_897,closed-lost,2023-06-16,2023-09-04,
OPP_17238,Anita Rao,Enterprise Suite,Company_106,closed-lost,2023-12-12,2024-03-06,
OPP_17239,Priya Nair,Analytics Pro,Company_180,closed-lost,2023-03-27,2023-05-25,
OPP_17240,Mike Torres,Starter Pack,Company_291,closed-won,2024-02-28,2024-04-18,16710.81
OPP_17241,Sarah Chen,Enterprise Suite,Company_699,closed-lost,2024-10-25,2025-01-10,
OPP_17242,Ryan Osei,Enterprise Suite,Company_537,closed-lost,2024-08-29,2024-12-02,
OPP_17243,Priya Nair,Analytics Pro,Company_880,closed-lost,2023-11-15,2024-01-15,
OPP_17244,Sarah Chen,Enterprise Suite,Company_680,closed-won,2024-03-02,2024-07-07,253400.02
OPP_17245,Carlos Webb,Starter Pack,Company_153,closed-lost,2023-05-10,2023-06-06,
OPP_17246,Anita Rao,Analytics Pro,Company_131,closed-lost,2024-06-24,2024-08-17,
OPP_17247,Sarah Chen,Enterprise Suite,Company_198,closed-lost,2024-05-08,2024-08-27,
OPP_17248,Carlos Webb,Analytics Pro,Company_738,closed-lost,2023-12-10,2024-02-25,
OPP_17249,Ryan Osei,Starter Pack,Company_829,closed-won,2023-10-30,2023-11-05,13531.96
OPP_17250,Sarah Chen,Starter Pack,Company_732,closed-lost,2024-01-10,2024-02-06,
OPP_17251,Carlos Webb,Starter Pack,Company_797,closed-lost,2023-04-19,2023-05-21,
OPP_17252,Lisa Park,Starter Pack,Company_794,closed-won,2024-05-17,2024-06-10,
OPP_17253,Mike Torres,Starter Pack,Company_992,closed-won,2024-01-24,2024-02-14,20017.84
OPP_17254,Lisa Park,Starter Pack,Company_145,closed-won,2024-08-13,2024-09-03,17754.9
OPP_17255,Anita Rao,Starter Pack,Company_434,closed-lost,2024-10-08,2024-11-14,
OPP_17256,Carlos Webb,Enterprise Suite,Company_334,closed-lost,2023-06-17,2023-08-29,
OPP_17257,Carlos Webb,Analytics Pro,Company_314,closed-won,2024-01-01,2024-02-03,31012.87
OPP_17258,Priya Nair,Starter Pack,Company_866,closed-lost,2023-10-15,2023-11-15,
OPP_17259,Sarah Chen,Analytics Pro,Company_964,closed-won,2023-03-20,2023-05-04,77292.45
OPP_17260,Mike Torres,Enterprise Suite,Company_797,closed-won,2024-01-23,2024-05-27,
OPP_17261,Priya Nair,Starter Pack,Company_144,closed-lost,2023-09-15,2023-10-19,
OPP_17262,Lisa Park,Starter Pack,Company_432,closed-won,2023-10-01,2023-11-11,17139.41
OPP_17263,Mike Torres,Analytics Pro,Company_628,closed-lost,2024-08-06,2024-09-11,
OPP_17264,Priya Nair,Analytics Pro,,closed-lost,2023-07-12,2023-09-09,
OPP_17265,Lisa Park,Analytics Pro,Company_61,closed-lost,2024-04-22,2024-06-05,
OPP_17266,Priya Nair,Enterprise Suite,,closed-lost,2023-11-20,2024-03-06,
OPP_17267,Sarah Chen,Analytics Pro,Company_736,closed-won,2024-05-14,2024-07-16,73717.48
OPP_17268,Mike Torres,Analytics Pro,Company_436,closed-won,2023-05-13,2023-05-31,60572.56
OPP_17269,Sarah Chen,Analytics Pro,Company_233,closed-won,2023-12-25,2024-01-25,58161.67
OPP_17270,Priya Nair,Starter Pack,Company_880,closed-lost,2024-04-15,2024-05-15,
OPP_17271,Anita Rao,Enterprise Suite,Company_665,closed-lost,2023-08-18,2023-12-28,
OPP_17272,Mike Torres,Analytics Pro,Company_327,closed-lost,2023-12-08,2023-12-22,
OPP_17273,Anita Rao,Starter Pack,Company_847,closed-lost,2023-03-20,2023-05-03,
OPP_17274,Sarah Chen,Starter Pack,Company_718,closed-lost,2023-08-18,2023-09-06,
OPP_17275,Anita Rao,Starter Pack,Company_255,closed-lost,2024-11-20,2024-12-24,
OPP_17276,Sarah Chen,Starter Pack,Company_17,closed-won,2024-11-24,2024-12-19,15646.35
OPP_17277,Carlos Webb,Analytics Pro,Company_979,closed-won,2023-05-30,2023-07-04,33162.73
OPP_17278,Lisa Park,Enterprise Suite,Company_936,closed-lost,2023-03-25,2023-07-04,
OPP_17279,Lisa Park,Analytics Pro,Company_433,closed-lost,2024-08-19,2024-10-17,
OPP_17280,Anita Rao,Enterprise Suite,Company_66,closed-lost,2023-12-17,2024-03-07,
OPP_17281,Carlos Webb,Analytics Pro,Company_604,closed-lost,2024-08-24,2024-09-22,
OPP_17282,Carlos Webb,Analytics Pro,Company_291,closed-lost,2024-10-27,2024-12-05,
OPP_17283,Ryan Osei,Starter Pack,Company_968,closed-lost,2023-03-16,2023-04-14,
OPP_17284,James Wu,Analytics Pro,Company_491,closed-won,2023-06-27,2023-08-10,28919.32
OPP_17285,Mike Torres,Starter Pack,Company_856,closed-lost,2023-04-10,2023-05-09,
OPP_17286,Anita Rao,Analytics Pro,Company_444,closed-won,2024-08-01,2024-09-15,27500.0
OPP_17287,Sarah Chen,Starter Pack,Company_45,closed-lost,2023-06-28,2023-08-08,
OPP_17288,Sarah Chen,Starter Pack,Company_816,closed-won,2024-05-06,2024-06-23,18981.04
OPP_17289,Mike Torres,Starter Pack,Company_212,closed-won,2023-10-07,2023-10-20,16310.42
OPP_17290,Sarah Chen,Enterprise Suite,Company_811,closed-lost,2023-01-30,2023-05-06,
OPP_17291,Ryan Osei,Enterprise Suite,Company_235,closed-lost,2024-10-28,2025-02-02,
OPP_17292,Mike Torres,Analytics Pro,Company_408,closed-won,2023-02-18,2023-03-30,35662.93
OPP_17293,Anita Rao,Starter Pack,Company_500,closed-lost,2023-08-17,2023-09-26,
OPP_17294,Priya Nair,Analytics Pro,Company_528,closed-lost,2024-04-24,2024-06-26,
OPP_17295,Sarah Chen,Enterprise Suite,Company_13,closed-lost,2023-09-16,2024-01-05,
OPP_17296,Mike Torres,Enterprise Suite,Company_686,closed-lost,2024-08-27,2025-01-09,
OPP_17297,Carlos Webb,Analytics Pro,Company_109,closed-lost,2024-02-18,2024-03-21,
OPP_17298,Priya Nair,Enterprise Suite,Company_31,closed-lost,2023-02-14,2023-04-13,
OPP_17299,Mike Torres,Analytics Pro,Company_721,closed-won,2023-05-24,2023-07-09,44058.53
OPP_17300,Sarah Chen,Analytics Pro,Company_86,closed-won,2023-11-14,2023-12-27,89609.56
OPP_17301,James Wu,Enterprise Suite,Company_43,closed-won,2023-07-27,2023-10-20,177948.82
OPP_17302,Ryan Osei,Analytics Pro,Company_104,closed-won,2024-02-08,2024-03-23,62865.34
OPP_17303,James Wu,Starter Pack,Company_473,closed-lost,2023-11-21,2023-12-25,
OPP_17304,James Wu,Analytics Pro,Company_81,closed-won,2023-12-20,2024-01-15,58215.26
OPP_17305,Sarah Chen,Analytics Pro,Company_369,closed-lost,2023-02-14,2023-02-19,
OPP_17306,Anita Rao,Analytics Pro,Company_307,closed-lost,2023-05-29,2023-06-25,
OPP_17307,James Wu,Analytics Pro,Company_179,closed-lost,2023-02-16,2023-04-10,
OPP_17308,Mike Torres,Enterprise Suite,Company_201,closed-lost,2023-10-19,2024-01-05,
OPP_17309,Sarah Chen,Starter Pack,Company_578,closed-won,2023-05-24,2023-07-07,20315.24
OPP_17310,Ryan Osei,Starter Pack,Company_357,closed-won,2023-06-19,2023-07-12,15894.1
OPP_17311,Carlos Webb,Analytics Pro,Company_436,closed-lost,2024-08-06,2024-10-19,
OPP_17312,Ryan Osei,Enterprise Suite,Company_259,closed-won,2024-10-23,2025-01-12,
OPP_17313,Lisa Park,Starter Pack,Company_209,closed-won,2023-04-29,2023-06-06,23705.42
OPP_17314,Mike Torres,Enterprise Suite,Company_5,closed-lost,2023-08-01,2023-10-14,
OPP_17315,Carlos Webb,Starter Pack,Company_687,closed-lost,2023-01-12,2023-01-30,
OPP_17316,James Wu,Enterprise Suite,Company_412,closed-lost,2024-11-02,2025-02-02,
OPP_17317,Priya Nair,Analytics Pro,Company_944,closed-won,2024-08-04,2024-09-13,
OPP_17318,Anita Rao,Analytics Pro,Company_910,closed-won,2023-09-03,2023-11-12,39741.77
OPP_17319,Ryan Osei,Analytics Pro,Company_842,closed-won,2023-08-08,2023-09-19,52079.27
OPP_17320,Priya Nair,Starter Pack,Company_361,closed-lost,2023-02-11,2023-03-20,
OPP_17321,Mike Torres,Enterprise Suite,Company_246,closed-lost,2024-08-04,2024-10-27,
OPP_17322,Priya Nair,Enterprise Suite,Company_874,closed-lost,2024-10-14,2025-02-01,
OPP_17323,Lisa Park,Starter Pack,Company_32,closed-lost,2024-08-01,2024-09-04,
OPP_17324,Sarah Chen,Analytics Pro,Company_412,closed-won,2023-05-09,2023-07-01,42392.19
OPP_17325,Ryan Osei,Analytics Pro,Company_102,closed-lost,2024-02-13,2024-03-26,
OPP_17326,Anita Rao,Analytics Pro,Company_641,closed-lost,2024-05-05,2024-06-02,
OPP_17327,Sarah Chen,Starter Pack,Company_814,closed-lost,2024-01-05,2024-02-25,
OPP_17328,Mike Torres,Starter Pack,,closed-lost,2024-07-22,2024-08-23,
OPP_17329,Lisa Park,Enterprise Suite,Company_478,closed-lost,2023-11-03,2024-02-08,
OPP_17330,Mike Torres,Analytics Pro,Company_38,closed-won,2023-08-28,2023-09-22,32556.97
OPP_17331,Sarah Chen,Enterprise Suite,Company_670,closed-lost,2023-02-20,2023-05-13,
OPP_17332,Anita Rao,Enterprise Suite,Company_241,closed-lost,2024-05-04,2024-07-13,
OPP_17333,Mike Torres,Enterprise Suite,Company_576,closed-won,2023-04-17,2023-08-10,125000.0
OPP_17334,Anita Rao,Enterprise Suite,Company_3,closed-won,2024-06-15,2024-09-22,238691.35
OPP_17335,Carlos Webb,Starter Pack,Company_683,closed-lost,2024-04-03,2024-05-15,
OPP_17336,Mike Torres,Analytics Pro,Company_803,closed-lost,2023-12-30,2024-02-06,
OPP_17337,Priya Nair,Starter Pack,Company_261,closed-lost,2023-06-06,2023-07-23,
OPP_17338,Sarah Chen,Enterprise Suite,Company_304,closed-won,2024-05-09,2024-08-30,150730.73
OPP_17339,Lisa Park,Analytics Pro,Company_802,closed-lost,2024-08-11,2024-09-23,
OPP_17340,Lisa Park,Enterprise Suite,Company_229,closed-lost,2023-05-31,2023-09-04,
OPP_17341,Mike Torres,Starter Pack,Company_474,closed-won,2023-09-10,2023-10-18,23860.46
OPP_17342,Lisa Park,Enterprise Suite,Company_123,closed-won,2023-06-19,2023-09-26,221606.51
OPP_17343,Ryan Osei,Analytics Pro,Company_617,closed-lost,2023-01-08,2023-02-15,
OPP_17344,Anita Rao,Starter Pack,Company_420,closed-lost,2023-06-15,2023-07-07,
OPP_17345,Ryan Osei,Starter Pack,Company_152,closed-won,2024-10-19,2024-11-13,15418.88
OPP_17346,James Wu,Analytics Pro,Company_293,closed-won,2024-01-20,2024-03-16,59899.68
OPP_17347,Sarah Chen,Analytics Pro,Company_491,closed-lost,2024-11-26,2025-02-01,
OPP_17348,Anita Rao,Starter Pack,Company_238,closed-won,2024-06-17,2024-07-16,7500.0
OPP_17349,Priya Nair,Analytics Pro,Company_447,closed-lost,2024-07-03,2024-08-09,
OPP_17350,Priya Nair,Starter Pack,Company_754,closed-won,2024-02-21,2024-03-21,7500.0
OPP_17351,Anita Rao,Enterprise Suite,Company_582,closed-lost,2023-07-10,2023-09-03,
OPP_17352,Mike Torres,Enterprise Suite,Company_456,closed-lost,2023-09-15,2023-12-06,
OPP_17353,Sarah Chen,Starter Pack,Company_728,closed-lost,2024-05-31,2024-07-06,
OPP_17354,Anita Rao,Starter Pack,Company_904,closed-won,2024-04-07,2024-05-08,20398.84
OPP_17355,Ryan Osei,Enterprise Suite,Company_142,closed-lost,2024-06-17,2024-09-04,
OPP_17356,Sarah Chen,Starter Pack,Company_478,closed-won,2024-04-05,2024-05-15,8791.81
OPP_17357,Sarah Chen,Enterprise Suite,Company_471,closed-lost,2023-06-03,2023-09-24,
OPP_17358,Priya Nair,Starter Pack,Company_91,closed-lost,2024-10-05,2024-10-25,
OPP_17359,Ryan Osei,Starter Pack,Company_861,closed-won,2023-05-18,2023-06-04,22541.85
OPP_17360,Priya Nair,Enterprise Suite,Company_681,closed-lost,2024-05-29,2024-10-05,
OPP_17361,Sarah Chen,Enterprise Suite,Company_822,closed-lost,2024-02-27,2024-04-29,
OPP_17362,Anita Rao,Starter Pack,Company_870,closed-lost,2024-04-07,2024-05-11,
OPP_17363,Mike Torres,Starter Pack,,closed-won,2024-02-17,2024-04-03,21181.15
OPP_17364,Lisa Park,Starter Pack,Company_918,closed-won,2023-08-03,2023-08-29,15887.85
OPP_17365,Mike Torres,Starter Pack,Company_999,closed-won,2023-10-24,2023-11-28,18662.07
OPP_17366,Lisa Park,Starter Pack,Company_748,closed-won,2023-03-05,2023-04-01,7500.0
OPP_17367,Anita Rao,Enterprise Suite,Company_520,closed-lost,2023-05-30,2023-09-03,
OPP_17368,Sarah Chen,Starter Pack,Company_993,closed-won,2023-10-05,2023-11-13,21002.62
OPP_17369,Ryan Osei,Analytics Pro,Company_311,closed-won,2023-01-13,2023-02-06,70074.41
OPP_17370,Priya Nair,Starter Pack,Company_776,closed-lost,2024-09-07,2024-09-29,
OPP_17371,Mike Torres,Analytics Pro,Company_969,closed-lost,2024-05-25,2024-07-07,
OPP_17372,Carlos Webb,Enterprise Suite,Company_525,closed-lost,2023-04-23,2023-09-12,
OPP_17373,James Wu,Enterprise Suite,Company_450,closed-lost,2023-01-19,2023-04-30,
OPP_17374,Carlos Webb,Analytics Pro,Company_954,closed-lost,2023-05-14,2023-07-30,
OPP_17375,Sarah Chen,Enterprise Suite,Company_176,closed-lost,2024-08-15,2024-08-24,
OPP_17376,Sarah Chen,Starter Pack,Company_265,closed-won,2024-03-12,2024-04-18,21449.87
OPP_17377,Sarah Chen,Analytics Pro,Company_485,closed-won,2024-05-15,2024-07-02,62156.72
OPP_17378,Carlos Webb,Analytics Pro,Company_682,closed-lost,2024-08-30,2024-10-21,
OPP_17379,Mike Torres,Starter Pack,,closed-won,2024-02-19,2024-03-01,22776.88
OPP_17380,James Wu,Analytics Pro,Company_576,closed-lost,2023-12-05,2024-02-06,
OPP_17381,Mike Torres,Analytics Pro,Company_609,closed-lost,2023-07-24,2023-08-16,
OPP_17382,Ryan Osei,Starter Pack,Company_782,closed-won,2023-11-21,2023-12-21,21317.17
OPP_17383,Mike Torres,Starter Pack,Company_523,closed-won,2023-12-12,2024-01-18,20703.84
OPP_17384,Lisa Park,Enterprise Suite,Company_836,closed-lost,2024-11-10,2025-01-02,
OPP_17385,Anita Rao,Starter Pack,Company_614,closed-lost,2023-02-23,2023-04-08,
OPP_17386,Ryan Osei,Enterprise Suite,Company_925,closed-lost,2023-08-28,2023-11-05,
OPP_17387,Priya Nair,Analytics Pro,Company_743,closed-lost,2024-03-26,2024-04-16,
OPP_17388,Ryan Osei,Enterprise Suite,Company_965,closed-lost,2023-07-12,2023-08-19,
OPP_17389,Lisa Park,Enterprise Suite,Company_650,closed-lost,2023-06-21,2023-09-22,
OPP_17390,Sarah Chen,Analytics Pro,Company_44,closed-won,2023-03-22,2023-05-22,59017.09
OPP_17391,Carlos Webb,Starter Pack,Company_730,closed-won,2024-09-02,2024-09-30,7500.0
OPP_17392,Mike Torres,Analytics Pro,Company_926,closed-lost,2023-04-22,2023-06-02,
OPP_17393,Mike Torres,Enterprise Suite,Company_433,closed-lost,2023-09-21,2023-12-05,
OPP_17394,Mike Torres,Analytics Pro,Company_437,closed-lost,2024-02-11,2024-04-07,
OPP_17395,Sarah Chen,Analytics Pro,Company_921,closed-lost,2023-09-03,2023-09-25,
OPP_17396,James Wu,Starter Pack,Company_499,closed-lost,2023-06-11,2023-06-28,
OPP_17397,Anita Rao,Enterprise Suite,Company_915,closed-lost,2023-09-02,2023-11-13,
OPP_17398,James Wu,Analytics Pro,Company_740,closed-lost,2023-03-21,2023-05-13,
OPP_17399,Ryan Osei,Analytics Pro,Company_109,closed-lost,2024-06-20,2024-07-30,
OPP_17400,Lisa Park,Enterprise Suite,Company_817,closed-lost,2024-05-18,2024-09-02,
OPP_17401,Ryan Osei,Starter Pack,Company_299,closed-lost,2024-10-10,2024-11-11,
OPP_17402,Sarah Chen,Enterprise Suite,Company_948,closed-lost,2023-07-14,2023-11-09,
OPP_17403,Ryan Osei,Enterprise Suite,Company_655,closed-lost,2024-02-01,2024-03-24,
OPP_17404,Anita Rao,Enterprise Suite,Company_385,closed-lost,2023-05-18,2023-09-04,
OPP_17405,Ryan Osei,Enterprise Suite,,closed-lost,2023-04-01,2023-06-03,
OPP_17406,Anita Rao,Enterprise Suite,Company_439,closed-lost,2024-06-23,2024-10-05,
OPP_17407,Sarah Chen,Analytics Pro,Company_463,closed-won,2023-11-14,2024-01-02,66599.59
OPP_17408,Anita Rao,Starter Pack,Company_66,closed-lost,2024-09-14,2024-10-03,
OPP_17409,Lisa Park,Starter Pack,Company_156,closed-won,2023-03-30,2023-05-07,13563.47
OPP_17410,Carlos Webb,Starter Pack,Company_395,closed-won,2023-12-19,2024-02-11,9581.09
OPP_17411,Priya Nair,Starter Pack,Company_955,closed-lost,2023-09-15,2023-10-20,
OPP_17412,Carlos Webb,Enterprise Suite,Company_778,closed-lost,2023-08-04,2023-11-24,
OPP_17413,James Wu,Enterprise Suite,Company_416,closed-lost,2024-01-18,2024-06-19,
OPP_17414,Anita Rao,Enterprise Suite,Company_559,closed-won,2024-04-23,2024-08-17,218626.19
OPP_17415,Priya Nair,Starter Pack,Company_514,closed-won,2024-01-29,2024-02-25,8892.12
OPP_17416,James Wu,Analytics Pro,Company_547,closed-lost,2024-01-29,2024-03-23,
OPP_17417,Ryan Osei,Enterprise Suite,Company_713,closed-lost,2023-08-08,2023-11-01,
OPP_17418,James Wu,Enterprise Suite,Company_42,closed-lost,2024-02-26,2024-07-22,
OPP_17419,Ryan Osei,Starter Pack,Company_264,closed-won,2024-05-29,2024-07-13,17598.4
OPP_17420,Ryan Osei,Analytics Pro,Company_154,closed-lost,2024-01-09,2024-02-11,
OPP_17421,Lisa Park,Enterprise Suite,Company_589,closed-lost,2023-10-28,2024-02-16,
OPP_17422,Mike Torres,Analytics Pro,Company_22,closed-lost,2024-06-17,2024-08-08,
OPP_17423,Mike Torres,Starter Pack,Company_307,closed-lost,2023-07-25,2023-08-08,
OPP_17424,Mike Torres,Starter Pack,Company_849,closed-won,2023-07-27,2023-09-05,14595.14
OPP_17425,Mike Torres,Enterprise Suite,Company_917,closed-lost,2023-09-28,2023-11-17,
OPP_17426,James Wu,Analytics Pro,Company_677,closed-lost,2023-12-11,2024-02-08,
OPP_17427,Priya Nair,Starter Pack,Company_731,closed-lost,2023-03-08,2023-04-23,
OPP_17428,Ryan Osei,Starter Pack,Company_238,closed-lost,2024-09-13,2024-10-19,
OPP_17429,James Wu,Analytics Pro,Company_736,closed-lost,2024-06-07,2024-07-08,
OPP_17430,Ryan Osei,Starter Pack,Company_349,closed-lost,2024-04-23,2024-05-07,
OPP_17431,Priya Nair,Starter Pack,Company_44,closed-lost,2024-06-21,2024-07-27,
OPP_17432,Anita Rao,Analytics Pro,Company_569,closed-won,2024-10-08,2024-12-01,94394.65
OPP_17433,Mike Torres,Analytics Pro,Company_340,closed-lost,2024-03-07,2024-05-06,
OPP_17434,Sarah Chen,Starter Pack,,closed-won,2024-04-29,2024-06-07,10274.29
OPP_17435,Anita Rao,Analytics Pro,Company_507,closed-lost,2024-07-26,2024-09-23,
OPP_17436,Priya Nair,Analytics Pro,Company_127,closed-lost,2023-02-11,2023-03-30,
OPP_17437,Mike Torres,Analytics Pro,Company_325,closed-lost,2024-05-03,2024-05-18,
OPP_17438,Sarah Chen,Starter Pack,Company_713,closed-won,2023-03-16,2023-04-14,14351.53
OPP_17439,Anita Rao,Analytics Pro,Company_28,closed-lost,2024-07-28,2024-09-07,
OPP_17440,Ryan Osei,Analytics Pro,Company_865,closed-lost,2023-07-26,2023-10-05,
OPP_17441,Mike Torres,Analytics Pro,Company_773,closed-won,2024-05-26,2024-07-12,54265.83
OPP_17442,Lisa Park,Enterprise Suite,Company_66,closed-lost,2023-03-04,2023-05-17,
OPP_17443,Priya Nair,Enterprise Suite,Company_264,closed-lost,2024-01-06,2024-04-25,
OPP_17444,Sarah Chen,Enterprise Suite,Company_554,closed-lost,2023-02-15,2023-05-28,
OPP_17445,Sarah Chen,Analytics Pro,Company_472,closed-won,2023-01-16,2023-03-20,54741.0
OPP_17446,Priya Nair,Starter Pack,Company_278,closed-lost,2023-08-01,2023-08-24,
OPP_17447,Mike Torres,Analytics Pro,Company_277,closed-lost,2024-06-22,2024-08-18,
OPP_17448,Ryan Osei,Enterprise Suite,Company_868,closed-lost,2023-04-03,2023-07-17,
OPP_17449,Mike Torres,Starter Pack,Company_859,closed-lost,2024-01-03,2024-02-05,
OPP_17450,Carlos Webb,Enterprise Suite,Company_189,closed-won,2024-05-13,2024-08-29,245867.81
OPP_17451,Ryan Osei,Enterprise Suite,Company_385,closed-lost,2024-11-15,2025-01-20,
OPP_17452,Anita Rao,Enterprise Suite,Company_432,closed-won,2024-08-13,2024-12-07,342007.02
OPP_17453,James Wu,Enterprise Suite,Company_998,closed-lost,2023-11-27,2024-01-22,
OPP_17454,Ryan Osei,Enterprise Suite,Company_633,closed-lost,2024-09-29,2024-12-31,
OPP_17455,Lisa Park,Analytics Pro,Company_952,closed-won,2023-05-26,2023-07-11,53310.1
OPP_17456,Ryan Osei,Enterprise Suite,Company_319,closed-lost,2024-04-23,2024-08-05,
OPP_17457,Mike Torres,Analytics Pro,Company_348,closed-won,2024-05-30,2024-07-07,49090.91
OPP_17458,Anita Rao,Analytics Pro,Company_822,closed-won,2023-07-28,2023-09-05,66220.61
OPP_17459,Sarah Chen,Starter Pack,Company_127,closed-won,2023-05-30,2023-06-30,21536.94
OPP_17460,Priya Nair,Enterprise Suite,Company_613,closed-won,2024-03-18,2024-07-02,258725.61
OPP_17461,Priya Nair,Starter Pack,Company_865,closed-lost,2023-09-18,2023-10-09,
OPP_17462,Lisa Park,Analytics Pro,Company_252,closed-lost,2023-06-01,2023-07-14,
OPP_17463,Ryan Osei,Enterprise Suite,Company_45,closed-lost,2023-11-14,2024-02-07,
OPP_17464,Carlos Webb,Starter Pack,Company_72,closed-won,2024-10-15,2024-11-09,7500.0
OPP_17465,Lisa Park,Starter Pack,Company_432,closed-won,2023-07-10,2023-08-06,24000.67
OPP_17466,Sarah Chen,Starter Pack,Company_852,closed-lost,2023-01-07,2023-01-30,
OPP_17467,Ryan Osei,Starter Pack,Company_431,closed-won,2023-11-07,2023-12-02,16443.66
OPP_17468,Carlos Webb,Starter Pack,Company_420,closed-lost,2023-02-14,2023-03-06,
OPP_17469,Priya Nair,Starter Pack,Company_527,closed-lost,2024-02-11,2024-02-25,
OPP_17470,Anita Rao,Analytics Pro,Company_381,closed-lost,2024-07-07,2024-08-09,
OPP_17471,Sarah Chen,Analytics Pro,Company_497,closed-lost,2024-07-21,2024-09-06,
OPP_17472,Sarah Chen,Starter Pack,Company_25,closed-won,2024-03-07,2024-03-28,16882.12
OPP_17473,Anita Rao,Starter Pack,,closed-lost,2023-03-15,2023-04-26,
OPP_17474,Anita Rao,Starter Pack,Company_48,closed-lost,2023-08-17,2023-09-27,
OPP_17475,Anita Rao,Analytics Pro,Company_384,closed-lost,2024-04-17,2024-06-02,
OPP_17476,Anita Rao,Enterprise Suite,,closed-lost,2023-04-09,2023-07-04,
OPP_17477,Ryan Osei,Analytics Pro,,closed-lost,2023-08-21,2023-10-05,
OPP_17478,Ryan Osei,Starter Pack,Company_334,closed-won,2023-07-09,2023-08-10,7500.0
OPP_17479,Ryan Osei,Analytics Pro,Company_165,closed-lost,2023-07-10,2023-08-28,
OPP_17480,Sarah Chen,Analytics Pro,Company_322,closed-won,2023-10-25,2023-12-18,68224.95
OPP_17481,Ryan Osei,Analytics Pro,Company_501,closed-lost,2024-04-06,2024-05-13,
OPP_17482,Lisa Park,Analytics Pro,Company_550,closed-lost,2023-03-20,2023-04-19,
OPP_17483,Sarah Chen,Enterprise Suite,Company_461,closed-won,2023-05-13,2023-07-07,210382.86
OPP_17484,Anita Rao,Analytics Pro,Company_987,closed-lost,2024-11-19,2025-01-17,
OPP_17485,James Wu,Starter Pack,Company_800,closed-lost,2023-08-14,2023-09-15,
OPP_17486,Sarah Chen,Analytics Pro,Company_133,closed-lost,2023-01-03,2023-02-18,
OPP_17487,James Wu,Analytics Pro,Company_264,closed-lost,2023-01-30,2023-03-11,
OPP_17488,Ryan Osei,Analytics Pro,Company_802,closed-lost,2023-12-19,2024-03-02,
OPP_17489,Priya Nair,Enterprise Suite,Company_188,closed-lost,2024-10-01,2025-02-11,
OPP_17490,Ryan Osei,Analytics Pro,Company_717,closed-won,2023-04-01,2023-06-08,50824.37
OPP_17491,Anita Rao,Starter Pack,Company_111,closed-lost,2024-08-10,2024-08-31,
OPP_17492,Ryan Osei,Enterprise Suite,Company_342,closed-won,2024-01-08,2024-05-06,330620.11
OPP_17493,Carlos Webb,Starter Pack,Company_947,closed-won,2023-06-15,2023-08-05,16283.61
OPP_17494,Sarah Chen,Starter Pack,Company_711,closed-won,2024-01-11,2024-01-31,12482.21
OPP_17495,Ryan Osei,Starter Pack,,closed-won,2024-09-21,2024-10-19,14269.02
OPP_17496,Priya Nair,Starter Pack,Company_179,closed-lost,2024-02-11,2024-03-21,
OPP_17497,Priya Nair,Analytics Pro,Company_185,closed-lost,2023-12-31,2024-03-22,
OPP_17498,Lisa Park,Analytics Pro,Company_987,closed-lost,2024-02-06,2024-03-29,
OPP_17499,Lisa Park,Enterprise Suite,Company_672,closed-won,2024-06-03,2024-09-09,328900.65
OPP_17500,Lisa Park,Analytics Pro,Company_410,closed-lost,2023-03-29,2023-05-16,
OPP_17501,Priya Nair,Analytics Pro,,closed-lost,2024-02-15,2024-03-25,
OPP_17502,Mike Torres,Analytics Pro,Company_28,closed-lost,2023-12-01,2024-01-28,
OPP_17503,Mike Torres,Starter Pack,Company_181,closed-won,2024-08-14,2024-09-10,19371.52
OPP_17504,Anita Rao,Enterprise Suite,Company_102,closed-lost,2024-11-13,2025-01-23,
OPP_17505,Mike Torres,Analytics Pro,Company_932,closed-lost,2023-07-12,2023-08-27,
OPP_17506,Anita Rao,Enterprise Suite,Company_816,closed-lost,2024-03-08,2024-08-14,
OPP_17507,Ryan Osei,Starter Pack,Company_6,closed-lost,2023-10-13,2023-11-28,
OPP_17508,Sarah Chen,Starter Pack,Company_485,closed-won,2024-10-22,2024-11-28,9874.66
OPP_17509,Ryan Osei,Analytics Pro,Company_728,closed-lost,2024-07-06,2024-08-22,
OPP_17510,Lisa Park,Enterprise Suite,Company_130,closed-won,2024-03-18,2024-08-30,252464.89
OPP_17511,James Wu,Starter Pack,Company_177,closed-won,2023-10-23,2023-11-18,
OPP_17512,Carlos Webb,Analytics Pro,Company_953,closed-lost,2023-12-07,2024-01-28,
OPP_17513,Sarah Chen,Analytics Pro,Company_456,closed-won,2023-03-14,2023-04-07,62553.31
OPP_17514,Priya Nair,Enterprise Suite,Company_418,closed-lost,2024-08-16,2024-12-21,
OPP_17515,Anita Rao,Starter Pack,Company_653,closed-won,2023-04-16,2023-05-19,10342.09
OPP_17516,Ryan Osei,Starter Pack,Company_150,closed-won,2024-03-28,2024-05-19,12205.47
OPP_17517,Mike Torres,Starter Pack,Company_54,closed-won,2024-05-27,2024-06-27,15558.42
OPP_17518,James Wu,Enterprise Suite,Company_257,closed-lost,2023-04-15,2023-06-25,
OPP_17519,James Wu,Enterprise Suite,Company_777,closed-lost,2024-05-13,2024-07-13,
OPP_17520,Lisa Park,Analytics Pro,Company_233,closed-won,2023-04-28,2023-05-23,46928.93
OPP_17521,Ryan Osei,Analytics Pro,Company_713,closed-won,2024-10-03,2024-10-29,59364.5
OPP_17522,Ryan Osei,Enterprise Suite,Company_49,closed-won,2024-06-19,2024-09-26,256073.68
OPP_17523,Lisa Park,Enterprise Suite,Company_358,closed-lost,2023-08-15,2023-11-20,
OPP_17524,Priya Nair,Analytics Pro,Company_271,closed-won,2024-07-17,2024-08-01,58407.67
OPP_17525,Priya Nair,Analytics Pro,,closed-lost,2023-04-02,2023-05-05,
OPP_17526,Mike Torres,Enterprise Suite,Company_570,closed-won,2023-02-25,2023-04-11,
OPP_17527,James Wu,Enterprise Suite,Company_332,closed-won,2023-07-29,2023-12-27,292093.49
OPP_17528,Anita Rao,Analytics Pro,Company_816,closed-lost,2023-12-29,2024-02-27,
OPP_17529,Anita Rao,Starter Pack,Company_32,closed-won,2024-05-09,2024-05-28,18899.43
OPP_17530,Ryan Osei,Analytics Pro,Company_312,closed-won,2024-06-21,2024-07-26,55825.58
OPP_17531,Carlos Webb,Analytics Pro,Company_667,closed-won,2024-08-30,2024-10-10,30468.42
OPP_17532,Lisa Park,Analytics Pro,Company_757,closed-lost,2023-04-01,2023-06-21,
OPP_17533,Priya Nair,Starter Pack,,closed-lost,2024-01-16,2024-02-28,
OPP_17534,Mike Torres,Starter Pack,Company_143,closed-won,2024-10-24,2024-11-19,
OPP_17535,James Wu,Starter Pack,Company_957,closed-lost,2023-09-19,2023-10-20,
OPP_17536,Lisa Park,Analytics Pro,Company_788,closed-won,2023-11-17,2024-01-10,
OPP_17537,Lisa Park,Enterprise Suite,Company_962,closed-lost,2024-10-09,2024-12-30,
OPP_17538,Mike Torres,Analytics Pro,Company_448,closed-won,2023-12-15,2024-02-09,35741.33
OPP_17539,Ryan Osei,Starter Pack,,closed-won,2023-07-09,2023-08-13,8083.95
OPP_17540,Anita Rao,Enterprise Suite,Company_656,closed-lost,2023-01-27,2023-06-11,
OPP_17541,Priya Nair,Analytics Pro,Company_173,closed-lost,2023-01-13,2023-03-14,
OPP_17542,Sarah Chen,Starter Pack,Company_888,closed-lost,2023-10-05,2023-10-26,
OPP_17543,Ryan Osei,Enterprise Suite,Company_173,closed-lost,2024-05-31,2024-09-08,
OPP_17544,Mike Torres,Analytics Pro,Company_362,closed-won,2023-03-21,2023-05-09,42724.15
OPP_17545,Sarah Chen,Enterprise Suite,Company_555,closed-won,2023-06-11,2023-09-11,275836.52
OPP_17546,Sarah Chen,Starter Pack,Company_621,closed-lost,2024-05-16,2024-05-26,
OPP_17547,Ryan Osei,Starter Pack,Company_846,closed-won,2023-04-16,2023-05-05,9040.76
OPP_17548,Sarah Chen,Analytics Pro,Company_336,closed-lost,2023-08-09,2023-09-18,
OPP_17549,James Wu,Starter Pack,Company_395,closed-won,2024-09-09,2024-10-09,8900.93
OPP_17550,James Wu,Analytics Pro,,closed-won,2024-03-16,2024-05-12,103030.02
OPP_17551,Priya Nair,Analytics Pro,Company_639,closed-lost,2023-09-06,2023-10-20,
OPP_17552,James Wu,Analytics Pro,Company_868,closed-lost,2023-10-13,2023-12-16,
OPP_17553,James Wu,Analytics Pro,Company_12,closed-lost,2023-05-22,2023-06-14,
OPP_17554,Sarah Chen,Enterprise Suite,Company_806,closed-won,2024-10-07,2025-01-22,252298.4
OPP_17555,Mike Torres,Enterprise Suite,Company_70,closed-won,2024-10-20,2024-12-25,301246.09
OPP_17556,Ryan Osei,Analytics Pro,Company_485,closed-lost,2024-01-03,2024-01-26,
OPP_17557,Anita Rao,Enterprise Suite,Company_926,closed-won,2024-02-20,2024-05-19,125000.0
OPP_17558,Mike Torres,Analytics Pro,Company_353,closed-won,2023-12-20,2024-01-17,83339.96
OPP_17559,Priya Nair,Analytics Pro,Company_260,closed-won,2024-10-19,2024-12-08,53372.72
OPP_17560,Anita Rao,Enterprise Suite,Company_978,closed-lost,2023-12-02,2024-04-01,
OPP_17561,Carlos Webb,Analytics Pro,Company_268,closed-lost,2023-01-22,2023-02-26,
OPP_17562,Ryan Osei,Starter Pack,Company_845,closed-lost,2024-08-25,2024-09-25,
OPP_17563,James Wu,Enterprise Suite,Company_900,closed-won,2024-04-17,2024-08-15,190365.26
OPP_17564,Carlos Webb,Enterprise Suite,Company_67,closed-lost,2023-03-11,2023-07-05,
OPP_17565,Lisa Park,Enterprise Suite,Company_634,closed-lost,2023-11-14,2024-01-06,
OPP_17566,James Wu,Analytics Pro,Company_721,closed-won,2024-01-17,2024-02-28,60480.61
OPP_17567,Mike Torres,Starter Pack,Company_657,closed-won,2023-04-04,2023-05-02,16300.9
OPP_17568,Carlos Webb,Starter Pack,Company_659,closed-lost,2024-04-27,2024-05-22,
OPP_17569,Mike Torres,Starter Pack,Company_549,closed-won,2024-03-13,2024-03-22,16391.48
OPP_17570,Lisa Park,Enterprise Suite,Company_524,closed-won,2024-04-09,2024-06-13,282843.98
OPP_17571,Anita Rao,Enterprise Suite,Company_752,closed-lost,2024-07-19,2024-11-06,
OPP_17572,Ryan Osei,Enterprise Suite,Company_581,closed-lost,2024-06-03,2024-12-20,
OPP_17573,Ryan Osei,Enterprise Suite,Company_540,closed-lost,2023-12-28,2024-03-12,
OPP_17574,Priya Nair,Enterprise Suite,Company_613,closed-lost,2024-08-11,2024-10-13,
OPP_17575,Sarah Chen,Analytics Pro,Company_322,closed-lost,2024-10-17,2024-11-30,
OPP_17576,Lisa Park,Enterprise Suite,Company_719,closed-lost,2023-05-28,2023-08-29,
OPP_17577,Priya Nair,Analytics Pro,Company_107,closed-won,2024-01-20,2024-03-22,34339.1
OPP_17578,Anita Rao,Analytics Pro,Company_697,closed-lost,2024-02-26,2024-04-14,
OPP_17579,Priya Nair,Analytics Pro,Company_385,closed-lost,2024-08-25,2024-09-13,
OPP_17580,James Wu,Starter Pack,Company_829,closed-won,2024-08-26,2024-10-07,
OPP_17581,Mike Torres,Enterprise Suite,Company_612,closed-won,2024-03-07,2024-06-14,230345.32
OPP_17582,Ryan Osei,Enterprise Suite,Company_258,closed-lost,2024-06-27,2024-09-02,
OPP_17583,Priya Nair,Analytics Pro,Company_135,closed-won,2023-11-22,2023-12-27,59199.51
OPP_17584,James Wu,Enterprise Suite,Company_664,closed-won,2024-10-11,2024-11-23,150205.71
OPP_17585,James Wu,Enterprise Suite,Company_460,closed-lost,2024-09-03,2024-11-13,
OPP_17586,Priya Nair,Enterprise Suite,Company_241,closed-lost,2024-10-17,2025-03-01,
OPP_17587,James Wu,Enterprise Suite,Company_811,closed-won,2023-11-20,2024-03-22,332619.56
OPP_17588,Mike Torres,Starter Pack,Company_999,closed-won,2023-08-02,2023-08-24,19178.7
OPP_17589,Mike Torres,Enterprise Suite,Company_675,closed-won,2023-04-24,2023-07-23,270714.93
OPP_17590,Lisa Park,Starter Pack,Company_401,closed-lost,2024-05-31,2024-07-06,
OPP_17591,Priya Nair,Enterprise Suite,Company_215,closed-lost,2024-02-10,2024-05-26,
OPP_17592,Priya Nair,Enterprise Suite,Company_887,closed-won,2023-01-23,2023-03-07,321313.31
OPP_17593,Sarah Chen,Enterprise Suite,Company_591,closed-won,2024-02-02,2024-05-22,188199.89
OPP_17594,James Wu,Starter Pack,Company_149,closed-lost,2024-07-01,2024-07-12,
OPP_17595,Mike Torres,Starter Pack,Company_835,closed-lost,2023-01-03,2023-01-22,
OPP_17596,Mike Torres,Starter Pack,Company_189,closed-lost,2023-08-23,2023-09-25,
OPP_17597,James Wu,Starter Pack,Company_910,closed-lost,2023-03-02,2023-03-24,
OPP_17598,Sarah Chen,Starter Pack,Company_64,closed-won,2024-06-18,2024-07-03,17820.52
OPP_17599,Ryan Osei,Analytics Pro,Company_444,closed-lost,2023-09-10,2023-11-19,
OPP_17600,Ryan Osei,Starter Pack,Company_46,closed-lost,2024-11-28,2025-01-07,
OPP_17601,Sarah Chen,Enterprise Suite,Company_861,closed-lost,2024-10-29,2024-12-19,
OPP_17602,Lisa Park,Enterprise Suite,Company_395,closed-lost,2023-05-28,2023-10-08,
OPP_17603,Mike Torres,Starter Pack,Company_560,closed-won,2024-03-08,2024-04-11,21363.56
OPP_17604,Mike Torres,Analytics Pro,Company_193,closed-won,2023-06-29,2023-08-02,44585.73
OPP_17605,Carlos Webb,Analytics Pro,Company_815,closed-lost,2023-05-15,2023-06-22,
OPP_17606,Mike Torres,Analytics Pro,Company_63,closed-won,2024-04-23,2024-05-25,46960.62
OPP_17607,James Wu,Enterprise Suite,Company_296,closed-lost,2023-11-23,2024-03-03,
OPP_17608,Carlos Webb,Enterprise Suite,Company_249,closed-lost,2024-07-28,2024-10-30,
OPP_17609,Mike Torres,Enterprise Suite,Company_522,closed-lost,2023-07-04,2023-07-23,
OPP_17610,Sarah Chen,Analytics Pro,Company_282,closed-lost,2024-11-17,2025-01-16,
OPP_17611,Ryan Osei,Enterprise Suite,Company_656,closed-lost,2023-10-14,2023-12-05,
OPP_17612,Priya Nair,Starter Pack,Company_322,closed-lost,2023-05-19,2023-06-18,
OPP_17613,Anita Rao,Analytics Pro,Company_887,closed-lost,2024-08-30,2024-10-12,
OPP_17614,Carlos Webb,Enterprise Suite,Company_809,closed-lost,2023-03-19,2023-06-30,
OPP_17615,Mike Torres,Starter Pack,Company_3,closed-won,2024-08-29,2024-10-04,17690.43
OPP_17616,James Wu,Enterprise Suite,Company_791,closed-lost,2023-10-20,2024-01-24,
OPP_17617,Sarah Chen,Analytics Pro,Company_855,closed-won,2023-02-06,2023-03-18,58282.13
OPP_17618,Ryan Osei,Starter Pack,Company_3,closed-won,2024-07-13,2024-08-16,9822.54
OPP_17619,Carlos Webb,Analytics Pro,Company_966,closed-won,2024-11-17,2024-12-20,27804.83
OPP_17620,Carlos Webb,Enterprise Suite,Company_602,closed-lost,2023-05-30,2023-09-22,
OPP_17621,Ryan Osei,Analytics Pro,Company_854,closed-lost,2023-05-30,2023-07-16,
OPP_17622,Mike Torres,Analytics Pro,Company_20,closed-lost,2023-08-14,2023-09-17,
OPP_17623,Sarah Chen,Analytics Pro,Company_443,closed-won,2023-06-01,2023-08-08,43434.86
OPP_17624,Ryan Osei,Analytics Pro,Company_275,closed-lost,2023-11-21,2024-01-06,
OPP_17625,Mike Torres,Starter Pack,Company_13,closed-won,2024-03-01,2024-03-19,14707.85
OPP_17626,Ryan Osei,Analytics Pro,Company_306,closed-lost,2024-01-11,2024-03-03,
OPP_17627,Mike Torres,Enterprise Suite,Company_92,closed-lost,2023-09-01,2023-10-27,
OPP_17628,James Wu,Analytics Pro,Company_1,closed-lost,2024-03-12,2024-05-16,
OPP_17629,Lisa Park,Enterprise Suite,Company_331,closed-won,2023-03-25,2023-05-16,225505.19
OPP_17630,Mike Torres,Analytics Pro,,closed-lost,2023-12-11,2024-02-01,
OPP_17631,Anita Rao,Enterprise Suite,Company_480,closed-lost,2024-04-22,2024-05-31,
OPP_17632,Sarah Chen,Enterprise Suite,Company_629,closed-lost,2024-10-23,2024-12-16,
OPP_17633,Sarah Chen,Analytics Pro,Company_791,closed-lost,2024-02-23,2024-04-12,
OPP_17634,James Wu,Analytics Pro,Company_429,closed-lost,2023-04-08,2023-05-13,
OPP_17635,James Wu,Analytics Pro,Company_567,closed-won,2024-09-01,2024-10-02,65264.11
OPP_17636,Priya Nair,Analytics Pro,Company_547,closed-won,2023-05-23,2023-07-11,71171.4
OPP_17637,Ryan Osei,Starter Pack,Company_397,closed-lost,2024-06-10,2024-07-11,
OPP_17638,Lisa Park,Starter Pack,Company_540,closed-won,2024-09-15,2024-10-13,7500.0
OPP_17639,James Wu,Enterprise Suite,Company_443,closed-won,2023-10-19,2024-02-14,209294.66
OPP_17640,Mike Torres,Analytics Pro,Company_541,closed-won,2024-09-29,2024-11-11,65247.82
OPP_17641,Lisa Park,Enterprise Suite,Company_74,closed-lost,2024-11-18,2025-02-23,
OPP_17642,Carlos Webb,Starter Pack,Company_379,closed-won,2024-04-08,2024-05-02,17567.78
OPP_17643,Ryan Osei,Starter Pack,Company_371,closed-lost,2024-10-20,2024-10-30,
OPP_17644,Lisa Park,Starter Pack,Company_583,closed-won,2024-03-15,2024-04-02,7872.7
OPP_17645,Lisa Park,Analytics Pro,Company_23,closed-lost,2023-07-09,2023-09-01,
OPP_17646,James Wu,Starter Pack,Company_22,closed-won,2024-03-26,2024-04-24,17383.89
OPP_17647,Mike Torres,Starter Pack,Company_441,closed-lost,2023-09-09,2023-10-08,
OPP_17648,Carlos Webb,Analytics Pro,Company_869,closed-lost,2023-01-08,2023-03-17,
OPP_17649,Priya Nair,Analytics Pro,Company_15,closed-lost,2024-06-10,2024-07-16,
OPP_17650,Anita Rao,Starter Pack,Company_566,closed-lost,2024-03-21,2024-04-18,
OPP_17651,Sarah Chen,Enterprise Suite,Company_377,closed-lost,2023-03-27,2023-07-08,
OPP_17652,Priya Nair,Starter Pack,Company_802,closed-won,2024-08-28,2024-09-24,17094.63
OPP_17653,Lisa Park,Analytics Pro,Company_343,closed-lost,2024-07-30,2024-09-11,
OPP_17654,Carlos Webb,Starter Pack,Company_471,closed-won,2024-06-10,2024-07-11,18770.08
OPP_17655,Lisa Park,Analytics Pro,Company_297,closed-lost,2024-06-22,2024-08-07,
OPP_17656,Mike Torres,Enterprise Suite,Company_765,closed-lost,2024-04-14,2024-06-25,
OPP_17657,Priya Nair,Analytics Pro,Company_303,closed-lost,2024-11-26,2025-01-04,
OPP_17658,Ryan Osei,Enterprise Suite,Company_189,closed-won,2024-05-12,2024-08-12,
OPP_17659,Mike Torres,Starter Pack,Company_554,closed-lost,2024-02-16,2024-03-14,
OPP_17660,Priya Nair,Analytics Pro,Company_94,closed-won,2023-11-06,2024-01-03,51681.58
OPP_17661,Ryan Osei,Starter Pack,Company_446,closed-lost,2023-12-02,2024-01-04,
OPP_17662,Anita Rao,Starter Pack,Company_166,closed-lost,2023-08-31,2023-10-23,
OPP_17663,Priya Nair,Enterprise Suite,Company_965,closed-lost,2024-03-17,2024-05-21,
OPP_17664,Lisa Park,Analytics Pro,Company_524,closed-won,2024-10-13,2024-12-12,54532.06
OPP_17665,Mike Torres,Analytics Pro,Company_54,closed-lost,2024-07-29,2024-09-06,
OPP_17666,Anita Rao,Enterprise Suite,Company_748,closed-lost,2023-04-29,2023-08-06,
OPP_17667,Carlos Webb,Analytics Pro,Company_938,closed-lost,2024-03-29,2024-05-27,
OPP_17668,Priya Nair,Starter Pack,Company_843,closed-lost,2023-07-06,2023-08-02,
OPP_17669,Carlos Webb,Enterprise Suite,Company_300,closed-lost,2023-01-07,2023-03-21,
OPP_17670,Carlos Webb,Analytics Pro,Company_853,closed-lost,2023-09-19,2023-10-19,
OPP_17671,Sarah Chen,Analytics Pro,Company_445,closed-won,2024-03-20,2024-05-15,37409.3
OPP_17672,Priya Nair,Starter Pack,Company_865,closed-won,2024-01-01,2024-01-25,15480.7
OPP_17673,Priya Nair,Starter Pack,Company_864,closed-won,2024-04-09,2024-05-18,14675.6
OPP_17674,Carlos Webb,Analytics Pro,Company_850,closed-won,2024-01-04,2024-03-14,37574.95
OPP_17675,Sarah Chen,Enterprise Suite,Company_588,closed-won,2024-01-31,2024-05-29,309357.57
OPP_17676,Sarah Chen,Enterprise Suite,Company_50,closed-lost,2023-05-11,2023-08-27,
OPP_17677,Mike Torres,Enterprise Suite,Company_408,closed-lost,2023-03-09,2023-07-31,
OPP_17678,James Wu,Enterprise Suite,Company_920,closed-lost,2024-01-25,2024-05-07,
OPP_17679,Carlos Webb,Analytics Pro,Company_281,closed-won,2024-09-10,2024-12-09,59430.36
OPP_17680,Sarah Chen,Analytics Pro,Company_175,closed-won,2023-10-10,2023-11-27,39016.39
OPP_17681,James Wu,Starter Pack,Company_285,closed-lost,2023-01-25,2023-02-24,
OPP_17682,Lisa Park,Starter Pack,Company_515,closed-lost,2023-09-08,2023-09-29,
OPP_17683,Priya Nair,Enterprise Suite,,closed-lost,2023-12-16,2024-05-02,
OPP_17684,Carlos Webb,Enterprise Suite,Company_906,closed-lost,2023-05-10,2023-06-22,
OPP_17685,Anita Rao,Starter Pack,Company_59,closed-won,2023-08-20,2023-09-10,12183.39
OPP_17686,Mike Torres,Analytics Pro,Company_532,closed-won,2023-10-01,2023-11-18,46980.23
OPP_17687,Priya Nair,Starter Pack,Company_705,closed-lost,2023-07-13,2023-08-12,
OPP_17688,Anita Rao,Enterprise Suite,Company_463,closed-lost,2023-11-27,2024-01-24,
OPP_17689,James Wu,Starter Pack,Company_139,closed-lost,2023-04-10,2023-05-07,
OPP_17690,Ryan Osei,Starter Pack,Company_398,closed-lost,2023-07-31,2023-09-04,
OPP_17691,Carlos Webb,Starter Pack,Company_493,closed-lost,2024-06-18,2024-07-09,
OPP_17692,Mike Torres,Starter Pack,Company_805,closed-won,2023-02-26,2023-03-26,19787.56
OPP_17693,Carlos Webb,Enterprise Suite,Company_656,closed-lost,2023-09-21,2024-01-11,
OPP_17694,Sarah Chen,Starter Pack,Company_118,closed-won,2023-08-18,2023-09-20,19990.31
OPP_17695,Carlos Webb,Starter Pack,Company_625,closed-lost,2024-07-12,2024-08-20,
OPP_17696,Priya Nair,Analytics Pro,Company_907,closed-won,2024-07-05,2024-08-11,53356.89
OPP_17697,Mike Torres,Enterprise Suite,Company_88,closed-won,2024-01-31,2024-05-14,217224.7
OPP_17698,Carlos Webb,Starter Pack,Company_437,closed-won,2023-09-17,2023-10-25,20918.88
OPP_17699,Mike Torres,Enterprise Suite,Company_901,closed-lost,2023-12-08,2024-01-28,
OPP_17700,Sarah Chen,Enterprise Suite,Company_371,closed-lost,2024-09-03,2024-11-29,
OPP_17701,James Wu,Analytics Pro,Company_54,closed-won,2023-10-03,2023-11-11,35292.99
OPP_17702,Priya Nair,Starter Pack,Company_44,closed-won,2024-01-09,2024-02-10,13683.41
OPP_17703,Sarah Chen,Analytics Pro,Company_72,closed-lost,2024-05-06,2024-06-22,
OPP_17704,Ryan Osei,Enterprise Suite,Company_321,closed-won,2023-02-16,2023-05-13,403009.48
OPP_17705,Sarah Chen,Starter Pack,Company_979,closed-won,2023-05-05,2023-06-26,21289.3
OPP_17706,Lisa Park,Analytics Pro,Company_927,closed-lost,2023-10-27,2023-12-08,
OPP_17707,Mike Torres,Enterprise Suite,,closed-won,2023-12-04,2024-01-19,202940.21
OPP_17708,Anita Rao,Enterprise Suite,Company_728,closed-lost,2023-11-20,2024-01-10,
OPP_17709,Carlos Webb,Enterprise Suite,Company_300,closed-won,2024-08-26,2024-12-30,
OPP_17710,James Wu,Enterprise Suite,,closed-won,2023-01-15,2023-01-26,127352.17
OPP_17711,Lisa Park,Analytics Pro,Company_607,closed-won,2023-03-19,2023-03-28,45349.34
OPP_17712,James Wu,Analytics Pro,Company_352,closed-won,2023-07-29,2023-09-06,49989.18
OPP_17713,Priya Nair,Enterprise Suite,Company_263,closed-won,2024-01-04,2024-04-08,134369.73
OPP_17714,Anita Rao,Analytics Pro,Company_784,closed-lost,2023-02-08,2023-04-04,
OPP_17715,Mike Torres,Analytics Pro,Company_856,closed-lost,2023-03-21,2023-05-03,
OPP_17716,Mike Torres,Enterprise Suite,Company_812,closed-won,2024-11-09,2025-02-16,286882.01
OPP_17717,Priya Nair,Analytics Pro,Company_207,closed-won,2023-03-16,2023-05-03,87498.12
OPP_17718,Anita Rao,Enterprise Suite,Company_84,closed-won,2023-03-11,2023-04-23,249756.6
OPP_17719,James Wu,Enterprise Suite,Company_792,closed-lost,2024-05-21,2024-06-25,
OPP_17720,Mike Torres,Starter Pack,Company_264,closed-won,2024-05-05,2024-06-06,11687.68
OPP_17721,Carlos Webb,Starter Pack,Company_157,closed-won,2024-05-04,2024-05-25,15709.81
OPP_17722,Carlos Webb,Enterprise Suite,Company_679,closed-lost,2023-12-07,2024-03-17,
OPP_17723,Ryan Osei,Starter Pack,Company_701,closed-lost,2024-08-29,2024-10-03,
OPP_17724,Priya Nair,Starter Pack,Company_479,closed-won,2023-03-15,2023-04-02,17440.6
OPP_17725,Anita Rao,Starter Pack,Company_994,closed-lost,2024-07-31,2024-08-31,
OPP_17726,Carlos Webb,Analytics Pro,,closed-lost,2023-08-28,2023-09-29,
OPP_17727,James Wu,Analytics Pro,Company_892,closed-won,2023-07-14,2023-09-20,57719.86
OPP_17728,Priya Nair,Analytics Pro,Company_542,closed-lost,2024-09-19,2024-10-26,
OPP_17729,Sarah Chen,Analytics Pro,Company_882,closed-won,2023-09-15,2023-10-28,64848.94
OPP_17730,Anita Rao,Enterprise Suite,Company_445,closed-lost,2023-01-05,2023-04-27,
OPP_17731,Sarah Chen,Enterprise Suite,Company_439,closed-lost,2024-05-27,2024-07-10,
OPP_17732,Lisa Park,Starter Pack,Company_602,closed-won,2024-02-18,2024-03-09,15672.0
OPP_17733,James Wu,Enterprise Suite,Company_257,closed-won,2024-07-19,2024-11-18,251534.05
OPP_17734,Anita Rao,Enterprise Suite,Company_515,closed-lost,2024-10-22,2025-01-21,
OPP_17735,James Wu,Enterprise Suite,Company_310,closed-lost,2024-03-10,2024-06-01,
OPP_17736,Priya Nair,Analytics Pro,Company_819,closed-won,2024-06-29,2024-08-25,42491.52
OPP_17737,James Wu,Analytics Pro,Company_943,closed-lost,2024-03-31,2024-05-28,
OPP_17738,Anita Rao,Analytics Pro,Company_936,closed-lost,2023-10-28,2023-12-16,
OPP_17739,Priya Nair,Enterprise Suite,Company_48,closed-lost,2023-02-12,2023-07-13,
OPP_17740,Carlos Webb,Analytics Pro,Company_54,closed-won,2023-08-13,2023-09-28,50637.18
OPP_17741,Lisa Park,Analytics Pro,Company_949,closed-won,2023-10-20,2023-12-13,52737.08
OPP_17742,Anita Rao,Enterprise Suite,Company_51,closed-lost,2024-05-26,2024-10-02,
OPP_17743,Ryan Osei,Analytics Pro,Company_459,closed-won,2023-11-21,2023-12-20,60387.11
OPP_17744,Carlos Webb,Analytics Pro,Company_81,closed-won,2024-07-29,2024-09-07,45710.86
OPP_17745,Carlos Webb,Analytics Pro,Company_163,closed-won,2024-03-22,2024-04-14,69542.18
OPP_17746,James Wu,Enterprise Suite,Company_187,closed-lost,2024-03-01,2024-06-05,
OPP_17747,Sarah Chen,Enterprise Suite,Company_34,closed-lost,2024-01-13,2024-05-19,
OPP_17748,Carlos Webb,Analytics Pro,Company_109,closed-won,2024-09-23,2024-11-27,60188.3
OPP_17749,Sarah Chen,Analytics Pro,Company_644,closed-lost,2023-04-17,2023-05-12,
OPP_17750,Anita Rao,Enterprise Suite,Company_28,closed-lost,2024-11-19,2025-01-20,
OPP_17751,Mike Torres,Starter Pack,Company_102,closed-lost,2023-12-15,2023-12-30,
OPP_17752,Mike Torres,Starter Pack,Company_473,closed-lost,2023-12-26,2024-01-12,
OPP_17753,Ryan Osei,Starter Pack,Company_615,closed-won,2024-02-20,2024-03-27,19662.25
OPP_17754,Sarah Chen,Starter Pack,Company_336,closed-lost,2024-01-05,2024-02-07,
OPP_17755,Anita Rao,Enterprise Suite,Company_965,closed-lost,2023-03-19,2023-06-02,
OPP_17756,Lisa Park,Enterprise Suite,Company_398,closed-won,2023-05-29,2023-09-03,263107.66
OPP_17757,Sarah Chen,Enterprise Suite,Company_719,closed-won,2024-09-18,2025-01-03,328845.57
OPP_17758,Priya Nair,Starter Pack,Company_649,closed-won,2024-06-21,2024-07-26,
OPP_17759,Sarah Chen,Analytics Pro,Company_734,closed-won,2023-05-19,2023-06-24,54161.33
OPP_17760,Carlos Webb,Starter Pack,Company_322,closed-won,2023-10-06,2023-11-08,10413.02
OPP_17761,Anita Rao,Enterprise Suite,,closed-lost,2023-06-05,2023-08-29,
OPP_17762,Mike Torres,Enterprise Suite,Company_181,closed-won,2024-09-01,2024-12-29,323661.64
OPP_17763,Sarah Chen,Starter Pack,Company_682,closed-won,2024-10-06,2024-11-06,10411.38
OPP_17764,Priya Nair,Starter Pack,Company_448,closed-lost,2024-06-21,2024-07-08,
OPP_17765,Carlos Webb,Enterprise Suite,Company_365,closed-lost,2023-03-19,2023-05-17,
OPP_17766,Sarah Chen,Starter Pack,Company_161,closed-lost,2023-03-26,2023-05-04,
OPP_17767,Ryan Osei,Enterprise Suite,Company_941,closed-won,2024-02-23,2024-06-16,267195.01
OPP_17768,Sarah Chen,Starter Pack,Company_327,closed-won,2024-05-07,2024-06-03,11713.22
OPP_17769,Mike Torres,Analytics Pro,Company_219,closed-won,2023-04-25,2023-06-14,30593.92
OPP_17770,Priya Nair,Analytics Pro,Company_989,closed-won,2024-06-24,2024-07-29,51144.77
OPP_17771,Anita Rao,Analytics Pro,Company_648,closed-lost,2024-03-25,2024-04-10,
OPP_17772,Carlos Webb,Starter Pack,Company_448,closed-lost,2023-11-07,2023-11-27,
OPP_17773,Anita Rao,Starter Pack,Company_978,closed-won,2024-08-03,2024-09-04,25035.99
OPP_17774,Lisa Park,Starter Pack,,closed-lost,2023-09-08,2023-10-14,
OPP_17775,Lisa Park,Enterprise Suite,Company_195,closed-lost,2024-04-08,2024-06-20,
OPP_17776,Priya Nair,Analytics Pro,Company_609,closed-won,2024-05-04,2024-07-07,46111.35
OPP_17777,Sarah Chen,Analytics Pro,Company_725,closed-lost,2024-02-02,2024-04-03,
OPP_17778,Carlos Webb,Enterprise Suite,Company_28,closed-lost,2024-09-23,2024-11-07,
OPP_17779,James Wu,Enterprise Suite,Company_769,closed-won,2023-03-19,2023-07-13,
OPP_17780,Mike Torres,Starter Pack,Company_9,closed-lost,2024-02-26,2024-04-11,
OPP_17781,Ryan Osei,Analytics Pro,Company_980,closed-won,2023-09-05,2023-11-04,59080.9
OPP_17782,James Wu,Analytics Pro,Company_791,closed-won,2024-08-31,2024-10-31,62997.41
OPP_17783,Sarah Chen,Starter Pack,Company_706,closed-lost,2024-09-01,2024-10-13,
OPP_17784,Mike Torres,Starter Pack,Company_284,closed-won,2023-03-06,2023-04-12,8793.94
OPP_17785,Carlos Webb,Starter Pack,Company_960,closed-won,2023-11-11,2023-11-29,11116.32
OPP_17786,Sarah Chen,Starter Pack,Company_438,closed-lost,2023-12-31,2024-02-15,
OPP_17787,Sarah Chen,Enterprise Suite,Company_626,closed-won,2024-11-27,2025-02-14,312843.89
OPP_17788,Anita Rao,Starter Pack,Company_73,closed-lost,2024-11-05,2024-11-29,
OPP_17789,Anita Rao,Enterprise Suite,Company_628,closed-lost,2023-08-08,2023-11-14,
OPP_17790,Mike Torres,Starter Pack,Company_669,closed-won,2023-04-06,2023-05-04,11337.1
OPP_17791,Carlos Webb,Enterprise Suite,Company_631,closed-lost,2024-08-28,2024-11-06,
OPP_17792,Priya Nair,Enterprise Suite,Company_367,closed-lost,2024-04-17,2024-06-24,
OPP_17793,Carlos Webb,Starter Pack,Company_931,closed-won,2024-10-07,2024-10-22,
OPP_17794,Carlos Webb,Enterprise Suite,Company_580,closed-won,2023-09-13,2023-12-25,389419.06
OPP_17795,Carlos Webb,Starter Pack,Company_46,closed-won,2024-06-22,2024-07-05,7500.0
OPP_17796,Carlos Webb,Analytics Pro,Company_72,closed-lost,2023-10-07,2023-12-17,
OPP_17797,Sarah Chen,Starter Pack,Company_417,closed-lost,2024-10-27,2024-12-23,
OPP_17798,Lisa Park,Enterprise Suite,Company_963,closed-lost,2024-02-16,2024-05-22,
OPP_17799,Sarah Chen,Enterprise Suite,Company_19,closed-lost,2024-05-18,2024-07-31,
OPP_17800,Ryan Osei,Enterprise Suite,Company_438,closed-won,2023-08-15,2023-09-15,312951.04
OPP_17801,Sarah Chen,Starter Pack,Company_559,closed-won,2024-08-13,2024-09-06,15183.73
OPP_17802,Ryan Osei,Enterprise Suite,Company_449,closed-lost,2024-03-16,2024-06-13,
OPP_17803,Lisa Park,Analytics Pro,Company_45,closed-lost,2024-01-03,2024-02-24,
OPP_17804,James Wu,Analytics Pro,Company_512,closed-lost,2024-09-01,2024-10-22,
OPP_17805,Anita Rao,Enterprise Suite,Company_696,closed-lost,2023-03-26,2023-06-21,
OPP_17806,Priya Nair,Enterprise Suite,Company_911,closed-lost,2023-05-21,2023-09-10,
OPP_17807,James Wu,Enterprise Suite,Company_198,closed-won,2023-10-30,2023-12-27,141481.84
OPP_17808,Anita Rao,Analytics Pro,Company_594,closed-lost,2023-05-20,2023-06-23,
OPP_17809,Carlos Webb,Starter Pack,,closed-lost,2023-01-23,2023-02-24,
OPP_17810,Sarah Chen,Analytics Pro,,closed-won,2024-03-06,2024-04-02,57845.07
OPP_17811,Lisa Park,Analytics Pro,Company_776,closed-lost,2023-10-04,2023-11-06,
OPP_17812,Priya Nair,Analytics Pro,Company_335,closed-won,2024-09-18,2024-11-26,57356.87
OPP_17813,Sarah Chen,Starter Pack,Company_164,closed-won,2023-09-15,2023-10-20,11591.75
OPP_17814,Carlos Webb,Starter Pack,Company_74,closed-lost,2023-07-29,2023-09-06,
OPP_17815,Lisa Park,Starter Pack,Company_388,closed-lost,2023-10-17,2023-11-24,
OPP_17816,Carlos Webb,Analytics Pro,Company_133,closed-won,2023-11-14,2024-01-14,60359.62
OPP_17817,Ryan Osei,Starter Pack,Company_292,closed-won,2023-10-12,2023-11-17,11392.8
OPP_17818,Mike Torres,Analytics Pro,Company_550,closed-won,2024-02-14,2024-03-23,43662.61
OPP_17819,Anita Rao,Starter Pack,Company_596,closed-lost,2024-06-10,2024-07-14,
OPP_17820,Sarah Chen,Enterprise Suite,Company_191,closed-lost,2024-01-05,2024-03-26,
OPP_17821,Priya Nair,Starter Pack,Company_808,closed-lost,2024-06-30,2024-08-02,
OPP_17822,James Wu,Analytics Pro,Company_338,closed-lost,2023-04-12,2023-04-25,
OPP_17823,Mike Torres,Starter Pack,Company_15,closed-won,2023-08-04,2023-09-12,12710.7
OPP_17824,Sarah Chen,Enterprise Suite,Company_40,closed-won,2023-09-04,2024-01-01,
OPP_17825,Ryan Osei,Enterprise Suite,Company_47,closed-lost,2024-03-25,2024-08-16,
OPP_17826,Carlos Webb,Starter Pack,Company_5,closed-won,2024-05-19,2024-06-12,19408.41
OPP_17827,Ryan Osei,Enterprise Suite,Company_259,closed-lost,2024-05-27,2024-09-12,
OPP_17828,James Wu,Starter Pack,Company_155,closed-won,2024-09-12,2024-10-25,16081.01
OPP_17829,Mike Torres,Starter Pack,,closed-won,2024-09-14,2024-09-22,15398.58
OPP_17830,Ryan Osei,Analytics Pro,Company_225,closed-won,2023-05-20,2023-07-23,31552.16
OPP_17831,Priya Nair,Enterprise Suite,Company_949,closed-won,2024-09-08,2024-11-28,256313.97
OPP_17832,Sarah Chen,Analytics Pro,Company_917,closed-won,2024-08-15,2024-08-31,44906.11
OPP_17833,Carlos Webb,Analytics Pro,Company_342,closed-won,2023-05-12,2023-06-09,50801.26
OPP_17834,Lisa Park,Analytics Pro,Company_877,closed-lost,2023-10-10,2023-12-06,
OPP_17835,Priya Nair,Starter Pack,Company_175,closed-won,2023-12-15,2024-01-22,18401.89
OPP_17836,Ryan Osei,Analytics Pro,Company_171,closed-won,2024-03-30,2024-05-03,41597.03
OPP_17837,Ryan Osei,Starter Pack,,closed-won,2023-06-04,2023-07-10,11826.27
OPP_17838,James Wu,Analytics Pro,Company_687,closed-won,2024-01-16,2024-03-21,50196.16
OPP_17839,Priya Nair,Starter Pack,Company_905,closed-lost,2024-05-08,2024-06-08,
OPP_17840,Priya Nair,Analytics Pro,Company_378,closed-lost,2024-04-12,2024-05-25,
OPP_17841,Carlos Webb,Enterprise Suite,Company_191,closed-lost,2023-11-21,2024-02-14,
OPP_17842,Mike Torres,Analytics Pro,Company_473,closed-won,2024-01-02,2024-02-28,49064.05
OPP_17843,Lisa Park,Starter Pack,Company_711,closed-lost,2023-09-12,2023-10-11,
OPP_17844,Priya Nair,Starter Pack,,closed-lost,2023-01-31,2023-03-05,
OPP_17845,Lisa Park,Starter Pack,Company_93,closed-won,2023-08-22,2023-09-07,8509.89
OPP_17846,Carlos Webb,Starter Pack,Company_231,closed-lost,2024-11-17,2024-12-15,
OPP_17847,Sarah Chen,Starter Pack,Company_193,closed-won,2023-12-19,2024-01-06,7500.0
OPP_17848,Ryan Osei,Enterprise Suite,Company_980,closed-lost,2023-04-15,2023-07-29,
OPP_17849,Priya Nair,Starter Pack,Company_662,closed-lost,2024-10-14,2024-11-09,
OPP_17850,Priya Nair,Starter Pack,Company_361,closed-won,2023-11-20,2023-12-13,7500.0
OPP_17851,Mike Torres,Enterprise Suite,Company_586,closed-won,2023-01-07,2023-02-10,316219.11
OPP_17852,Lisa Park,Enterprise Suite,Company_4,closed-lost,2024-02-15,2024-06-04,
OPP_17853,Carlos Webb,Enterprise Suite,Company_96,closed-lost,2023-01-13,2023-04-18,
OPP_17854,Ryan Osei,Starter Pack,Company_791,closed-won,2023-03-03,2023-04-05,10330.55
OPP_17855,Mike Torres,Enterprise Suite,Company_447,closed-won,2024-09-08,2024-12-06,256730.85
OPP_17856,James Wu,Enterprise Suite,Company_380,closed-won,2024-09-01,2024-10-22,148172.88
OPP_17857,Carlos Webb,Enterprise Suite,Company_563,closed-lost,2023-03-27,2023-06-22,
OPP_17858,Mike Torres,Enterprise Suite,Company_602,closed-lost,2023-08-13,2023-10-18,
OPP_17859,Carlos Webb,Enterprise Suite,Company_767,closed-lost,2024-05-27,2024-08-31,
OPP_17860,Lisa Park,Enterprise Suite,Company_996,closed-lost,2023-12-17,2024-05-02,
OPP_17861,Lisa Park,Starter Pack,Company_720,closed-lost,2023-03-04,2023-04-20,
OPP_17862,Mike Torres,Analytics Pro,Company_569,closed-lost,2024-05-09,2024-06-09,
OPP_17863,Sarah Chen,Enterprise Suite,Company_51,closed-won,2023-11-27,2024-03-09,249068.53
OPP_17864,Carlos Webb,Starter Pack,Company_490,closed-lost,2024-06-09,2024-07-15,
OPP_17865,James Wu,Starter Pack,Company_560,closed-lost,2023-01-22,2023-02-08,
OPP_17866,Ryan Osei,Enterprise Suite,Company_965,closed-lost,2023-12-12,2024-04-09,
OPP_17867,Priya Nair,Enterprise Suite,Company_930,closed-lost,2024-02-24,2024-07-02,
OPP_17868,Lisa Park,Starter Pack,Company_822,closed-won,2023-01-21,2023-02-20,7500.0
OPP_17869,Anita Rao,Analytics Pro,Company_984,closed-won,2023-12-04,2024-01-20,58825.35
OPP_17870,Anita Rao,Starter Pack,Company_673,closed-lost,2024-01-29,2024-02-28,
OPP_17871,Mike Torres,Enterprise Suite,Company_141,closed-won,2024-05-29,2024-08-28,331607.4
OPP_17872,Priya Nair,Enterprise Suite,Company_772,closed-lost,2024-07-09,2024-10-10,
OPP_17873,Lisa Park,Starter Pack,Company_1,closed-won,2023-10-31,2023-11-18,12840.04
OPP_17874,Sarah Chen,Starter Pack,Company_564,closed-lost,2024-10-03,2024-11-12,
OPP_17875,James Wu,Enterprise Suite,Company_301,closed-lost,2023-05-31,2023-08-27,
OPP_17876,Priya Nair,Enterprise Suite,Company_948,closed-lost,2023-09-04,2023-10-27,
OPP_17877,James Wu,Starter Pack,Company_678,closed-won,2024-06-10,2024-07-13,
OPP_17878,Priya Nair,Starter Pack,Company_258,closed-lost,2023-09-10,2023-10-12,
OPP_17879,Mike Torres,Analytics Pro,Company_285,closed-lost,2024-05-21,2024-08-05,
OPP_17880,Lisa Park,Analytics Pro,Company_670,closed-lost,2023-05-06,2023-06-20,
OPP_17881,James Wu,Enterprise Suite,Company_134,closed-lost,2024-04-06,2024-06-07,
OPP_17882,Mike Torres,Starter Pack,Company_431,closed-won,2023-04-04,2023-05-14,22213.28
OPP_17883,Carlos Webb,Enterprise Suite,Company_616,closed-won,2023-10-21,2024-03-23,210981.21
OPP_17884,James Wu,Enterprise Suite,Company_10,closed-lost,2024-01-21,2024-05-09,
OPP_17885,Priya Nair,Enterprise Suite,Company_642,closed-lost,2024-05-08,2024-09-01,
OPP_17886,Sarah Chen,Starter Pack,,closed-won,2024-06-26,2024-07-11,10151.6
OPP_17887,James Wu,Starter Pack,Company_283,closed-won,2023-11-29,2024-01-07,11927.07
OPP_17888,Priya Nair,Starter Pack,Company_872,closed-lost,2024-07-23,2024-08-28,
OPP_17889,Priya Nair,Starter Pack,Company_734,closed-won,2023-10-25,2023-11-12,8059.62
OPP_17890,Lisa Park,Analytics Pro,Company_367,closed-lost,2024-10-19,2024-12-06,
OPP_17891,Priya Nair,Enterprise Suite,Company_896,closed-won,2023-09-16,2023-12-01,268027.0
OPP_17892,Mike Torres,Starter Pack,Company_381,closed-won,2024-11-16,2024-12-24,14562.65
OPP_17893,James Wu,Starter Pack,Company_920,closed-lost,2024-08-17,2024-09-22,
OPP_17894,Priya Nair,Enterprise Suite,Company_95,closed-lost,2024-07-16,2024-09-21,
OPP_17895,Ryan Osei,Analytics Pro,Company_907,closed-lost,2024-10-22,2024-12-04,
OPP_17896,Sarah Chen,Analytics Pro,Company_259,closed-lost,2023-05-04,2023-06-08,
OPP_17897,Ryan Osei,Starter Pack,Company_2,closed-won,2023-07-02,2023-08-01,15290.77
OPP_17898,Sarah Chen,Analytics Pro,Company_732,closed-won,2024-07-09,2024-08-14,53590.7
OPP_17899,James Wu,Analytics Pro,Company_467,closed-won,2023-03-12,2023-05-08,55548.43
OPP_17900,Lisa Park,Analytics Pro,Company_407,closed-won,2023-07-29,2023-09-14,
OPP_17901,Mike Torres,Enterprise Suite,Company_550,closed-lost,2023-02-02,2023-04-25,
OPP_17902,James Wu,Starter Pack,Company_786,closed-won,2024-06-02,2024-07-07,17651.98
OPP_17903,Mike Torres,Enterprise Suite,Company_23,closed-won,2023-11-01,2024-03-08,202059.51
OPP_17904,Priya Nair,Enterprise Suite,Company_91,closed-lost,2023-11-16,2024-02-28,
OPP_17905,Ryan Osei,Enterprise Suite,Company_904,closed-lost,2023-07-24,2023-11-12,
OPP_17906,Mike Torres,Analytics Pro,Company_305,closed-won,2024-08-14,2024-09-08,47357.53
OPP_17907,Ryan Osei,Enterprise Suite,Company_41,closed-lost,2024-01-24,2024-03-31,
OPP_17908,Priya Nair,Enterprise Suite,Company_767,closed-lost,2024-11-16,2025-03-05,
OPP_17909,James Wu,Starter Pack,Company_966,closed-won,2024-10-22,2024-11-15,17470.82
OPP_17910,Sarah Chen,Analytics Pro,Company_253,closed-won,2023-03-13,2023-04-20,44529.48
OPP_17911,Anita Rao,Starter Pack,Company_634,closed-won,2024-09-09,2024-09-20,11822.21
OPP_17912,Ryan Osei,Analytics Pro,Company_166,closed-lost,2023-06-06,2023-07-31,
OPP_17913,Priya Nair,Enterprise Suite,Company_83,closed-lost,2023-08-17,2023-10-19,
OPP_17914,James Wu,Starter Pack,Company_429,closed-won,2024-06-24,2024-07-17,18060.22
OPP_17915,Lisa Park,Starter Pack,Company_513,closed-lost,2023-03-15,2023-04-11,
OPP_17916,Sarah Chen,Analytics Pro,Company_415,closed-lost,2023-02-06,2023-03-08,
OPP_17917,Carlos Webb,Analytics Pro,Company_861,closed-lost,2023-09-10,2023-10-25,
OPP_17918,Ryan Osei,Analytics Pro,Company_976,closed-won,2023-01-05,2023-02-24,46365.32
OPP_17919,Sarah Chen,Analytics Pro,Company_239,closed-won,2023-12-15,2024-01-24,65477.53
OPP_17920,Ryan Osei,Starter Pack,Company_86,closed-lost,2023-09-07,2023-10-12,
OPP_17921,Ryan Osei,Analytics Pro,Company_370,closed-lost,2023-03-24,2023-05-12,
OPP_17922,Sarah Chen,Analytics Pro,,closed-won,2023-09-16,2023-11-07,46570.45
OPP_17923,Anita Rao,Analytics Pro,Company_307,closed-lost,2023-01-24,2023-03-07,
OPP_17924,Sarah Chen,Analytics Pro,,closed-lost,2023-12-11,2024-01-19,
OPP_17925,Ryan Osei,Analytics Pro,Company_201,closed-lost,2024-01-07,2024-02-12,
OPP_17926,Anita Rao,Enterprise Suite,Company_788,closed-lost,2024-10-09,2025-01-09,
OPP_17927,James Wu,Enterprise Suite,Company_230,closed-won,2023-09-14,2023-11-13,194220.28
OPP_17928,Ryan Osei,Analytics Pro,Company_8,closed-won,2024-01-02,2024-02-18,58171.22
OPP_17929,Anita Rao,Enterprise Suite,Company_619,closed-lost,2023-11-17,2024-03-06,
OPP_17930,Ryan Osei,Starter Pack,Company_464,closed-won,2024-05-29,2024-06-29,17580.41
OPP_17931,James Wu,Starter Pack,Company_866,closed-lost,2023-03-13,2023-04-15,
OPP_17932,Priya Nair,Analytics Pro,Company_137,closed-lost,2023-03-14,2023-05-09,
OPP_17933,Ryan Osei,Starter Pack,Company_90,closed-lost,2023-08-18,2023-09-06,
OPP_17934,Anita Rao,Starter Pack,Company_261,closed-won,2024-02-14,2024-03-17,8219.95
OPP_17935,James Wu,Analytics Pro,Company_681,closed-lost,2024-04-18,2024-06-09,
OPP_17936,Priya Nair,Enterprise Suite,Company_351,closed-lost,2024-11-21,2025-02-16,
OPP_17937,Carlos Webb,Analytics Pro,Company_689,closed-lost,2023-04-04,2023-05-31,
OPP_17938,Priya Nair,Starter Pack,Company_695,closed-won,2023-12-26,2024-02-08,14313.39
OPP_17939,Sarah Chen,Enterprise Suite,Company_752,closed-won,2023-03-19,2023-07-18,210902.14
OPP_17940,Lisa Park,Enterprise Suite,,closed-lost,2024-10-01,2024-12-19,
OPP_17941,Mike Torres,Enterprise Suite,Company_637,closed-lost,2024-05-29,2024-10-14,
OPP_17942,Ryan Osei,Starter Pack,Company_654,closed-won,2024-02-07,2024-02-22,17135.92
OPP_17943,James Wu,Enterprise Suite,Company_318,closed-won,2023-06-01,2023-08-03,247478.7
OPP_17944,Mike Torres,Enterprise Suite,Company_615,closed-lost,2024-08-18,2024-11-23,
OPP_17945,Ryan Osei,Analytics Pro,Company_225,closed-won,2023-07-28,2023-09-08,39078.4
OPP_17946,James Wu,Enterprise Suite,Company_346,closed-lost,2023-02-17,2023-05-13,
OPP_17947,James Wu,Starter Pack,Company_737,closed-lost,2024-03-18,2024-04-25,
OPP_17948,Anita Rao,Analytics Pro,Company_997,closed-lost,2023-09-12,2023-11-06,
OPP_17949,Priya Nair,Analytics Pro,Company_682,closed-won,2023-05-09,2023-07-05,61212.01
OPP_17950,Sarah Chen,Analytics Pro,Company_544,closed-won,2024-02-08,2024-03-14,32126.6
OPP_17951,James Wu,Starter Pack,Company_251,closed-won,2023-01-02,2023-02-14,13719.06
OPP_17952,Anita Rao,Starter Pack,Company_972,closed-lost,2024-10-09,2024-11-16,
OPP_17953,Sarah Chen,Enterprise Suite,Company_246,closed-lost,2023-01-30,2023-04-15,
OPP_17954,Mike Torres,Starter Pack,Company_723,closed-won,2023-01-21,2023-01-31,9725.07
OPP_17955,Carlos Webb,Enterprise Suite,Company_541,closed-lost,2024-10-25,2025-03-23,
OPP_17956,Lisa Park,Analytics Pro,Company_28,closed-lost,2023-09-20,2023-11-01,
OPP_17957,Carlos Webb,Enterprise Suite,Company_273,closed-lost,2023-05-08,2023-09-03,
OPP_17958,Carlos Webb,Analytics Pro,Company_797,closed-lost,2023-05-20,2023-07-14,
OPP_17959,Ryan Osei,Enterprise Suite,Company_577,closed-won,2024-07-17,2024-11-06,281558.87
OPP_17960,Anita Rao,Analytics Pro,Company_338,closed-lost,2023-02-21,2023-03-30,
OPP_17961,Lisa Park,Analytics Pro,Company_600,closed-lost,2023-02-07,2023-04-08,
OPP_17962,Anita Rao,Enterprise Suite,Company_790,closed-lost,2023-06-15,2023-09-12,
OPP_17963,Carlos Webb,Starter Pack,,closed-lost,2024-08-23,2024-10-03,
OPP_17964,James Wu,Analytics Pro,Company_379,closed-lost,2024-10-11,2024-11-19,
OPP_17965,Lisa Park,Analytics Pro,,closed-lost,2024-10-01,2024-11-29,
OPP_17966,Ryan Osei,Enterprise Suite,Company_608,closed-won,2024-04-20,2024-07-05,311243.79
OPP_17967,Ryan Osei,Starter Pack,Company_441,closed-won,2023-06-01,2023-07-10,10399.61
OPP_17968,James Wu,Analytics Pro,Company_129,closed-lost,2024-02-10,2024-03-28,
OPP_17969,Mike Torres,Starter Pack,Company_351,closed-lost,2023-12-27,2024-02-06,
OPP_17970,Anita Rao,Analytics Pro,Company_22,closed-lost,2024-10-14,2024-11-13,
OPP_17971,Sarah Chen,Enterprise Suite,Company_340,closed-lost,2023-11-11,2024-03-02,
OPP_17972,Anita Rao,Enterprise Suite,Company_89,closed-lost,2024-11-25,2025-03-15,
OPP_17973,Carlos Webb,Starter Pack,Company_778,closed-lost,2024-05-06,2024-06-02,
OPP_17974,Ryan Osei,Enterprise Suite,,closed-lost,2023-11-16,2024-02-16,
OPP_17975,Carlos Webb,Analytics Pro,Company_589,closed-lost,2024-02-21,2024-03-14,
OPP_17976,Ryan Osei,Analytics Pro,Company_309,closed-won,2024-08-31,2024-10-17,47873.21
OPP_17977,Lisa Park,Starter Pack,Company_115,closed-won,2024-08-20,2024-09-16,17561.63
OPP_17978,James Wu,Starter Pack,Company_464,closed-won,2023-01-02,2023-02-02,18116.87
OPP_17979,Anita Rao,Starter Pack,Company_245,closed-lost,2023-09-03,2023-09-29,
OPP_17980,Carlos Webb,Enterprise Suite,Company_602,closed-lost,2024-03-01,2024-05-03,
OPP_17981,Mike Torres,Analytics Pro,Company_185,closed-won,2023-04-20,2023-05-29,65457.09
OPP_17982,Ryan Osei,Starter Pack,Company_955,closed-lost,2024-11-12,2024-12-31,
OPP_17983,Anita Rao,Starter Pack,Company_683,closed-won,2024-04-17,2024-05-19,10653.9
OPP_17984,Anita Rao,Enterprise Suite,Company_557,closed-lost,2024-03-10,2024-07-04,
OPP_17985,James Wu,Starter Pack,,closed-lost,2023-05-26,2023-06-21,
OPP_17986,Priya Nair,Analytics Pro,Company_836,closed-lost,2024-07-10,2024-08-25,
OPP_17987,Mike Torres,Analytics Pro,Company_795,closed-lost,2023-01-20,2023-03-09,
OPP_17988,Carlos Webb,Analytics Pro,Company_218,closed-lost,2023-10-10,2023-12-05,
OPP_17989,Sarah Chen,Analytics Pro,Company_580,closed-lost,2023-11-04,2024-01-08,
OPP_17990,Ryan Osei,Starter Pack,Company_673,closed-lost,2023-03-30,2023-04-17,
OPP_17991,Lisa Park,Starter Pack,Company_106,closed-lost,2024-04-01,2024-04-27,
OPP_17992,Sarah Chen,Starter Pack,Company_546,closed-lost,2023-06-25,2023-07-18,
OPP_17993,Mike Torres,Analytics Pro,Company_962,closed-lost,2023-10-04,2023-11-29,
OPP_17994,Carlos Webb,Starter Pack,Company_145,closed-lost,2023-07-09,2023-08-20,
OPP_17995,Mike Torres,Starter Pack,Company_377,closed-won,2024-03-01,2024-04-08,9774.49
OPP_17996,Lisa Park,Starter Pack,,closed-lost,2023-09-05,2023-09-20,
OPP_17997,Anita Rao,Analytics Pro,Company_160,closed-lost,2023-01-13,2023-03-15,
OPP_17998,James Wu,Analytics Pro,Company_835,closed-lost,2024-07-04,2024-08-29,
OPP_17999,Anita Rao,Enterprise Suite,Company_917,closed-lost,2023-08-09,2023-09-24,
OPP_18000,Priya Nair,Analytics Pro,Company_910,closed-won,2024-01-28,2024-03-11,
OPP_18001,Lisa Park,Analytics Pro,Company_273,closed-lost,2023-05-31,2023-07-03,
OPP_18002,Lisa Park,Starter Pack,Company_115,closed-won,2024-06-27,2024-08-23,14222.97
OPP_18003,Lisa Park,Starter Pack,Company_658,closed-lost,2024-02-15,2024-02-20,
OPP_18004,Priya Nair,Enterprise Suite,Company_956,closed-lost,2024-04-04,2024-05-26,
OPP_18005,Sarah Chen,Enterprise Suite,Company_541,closed-lost,2024-11-23,2025-02-07,
OPP_18006,Ryan Osei,Analytics Pro,Company_896,closed-lost,2024-07-07,2024-08-14,
OPP_18007,Priya Nair,Starter Pack,Company_926,closed-lost,2023-09-12,2023-10-12,
OPP_18008,Lisa Park,Analytics Pro,Company_463,closed-lost,2023-04-10,2023-06-24,
OPP_18009,Priya Nair,Enterprise Suite,Company_440,closed-lost,2023-01-14,2023-04-06,
OPP_18010,Ryan Osei,Enterprise Suite,Company_331,closed-lost,2023-11-22,2024-03-04,
OPP_18011,Ryan Osei,Starter Pack,Company_199,closed-lost,2024-01-27,2024-02-25,
OPP_18012,Lisa Park,Starter Pack,Company_114,closed-won,2024-01-17,2024-02-19,23954.5
OPP_18013,Anita Rao,Starter Pack,Company_661,closed-won,2024-11-20,2024-12-22,11412.19
OPP_18014,Sarah Chen,Enterprise Suite,Company_717,closed-lost,2024-03-05,2024-03-10,
OPP_18015,Carlos Webb,Starter Pack,Company_833,closed-won,2024-04-26,2024-06-09,17015.06
OPP_18016,Lisa Park,Enterprise Suite,Company_64,closed-lost,2023-12-27,2024-04-27,
OPP_18017,Sarah Chen,Analytics Pro,,closed-won,2024-04-16,2024-06-03,58296.64
OPP_18018,Sarah Chen,Starter Pack,Company_25,closed-lost,2023-09-24,2023-10-21,
OPP_18019,Priya Nair,Analytics Pro,Company_876,closed-lost,2023-10-16,2023-11-11,
OPP_18020,Priya Nair,Enterprise Suite,Company_131,closed-lost,2024-05-12,2024-10-01,
OPP_18021,Mike Torres,Analytics Pro,Company_190,closed-lost,2024-07-27,2024-09-10,
OPP_18022,Carlos Webb,Analytics Pro,Company_678,closed-won,2023-10-31,2023-12-16,63651.76
OPP_18023,James Wu,Starter Pack,Company_435,closed-won,2024-10-22,2024-11-07,9876.82
OPP_18024,Sarah Chen,Enterprise Suite,Company_308,closed-won,2024-03-22,2024-06-29,455473.44
OPP_18025,James Wu,Enterprise Suite,Company_708,closed-lost,2024-11-17,2024-12-12,
OPP_18026,Mike Torres,Starter Pack,Company_781,closed-won,2023-04-11,2023-05-07,16218.29
OPP_18027,Ryan Osei,Enterprise Suite,Company_825,closed-lost,2023-04-29,2023-07-13,
OPP_18028,Mike Torres,Analytics Pro,Company_168,closed-won,2024-03-03,2024-04-29,72051.89
OPP_18029,Sarah Chen,Starter Pack,Company_124,closed-won,2023-12-11,2023-12-27,23189.4
OPP_18030,James Wu,Analytics Pro,Company_637,closed-lost,2023-01-11,2023-03-23,
OPP_18031,Carlos Webb,Analytics Pro,Company_726,closed-lost,2023-02-07,2023-02-17,
OPP_18032,Priya Nair,Enterprise Suite,Company_794,closed-lost,2024-09-10,2024-11-24,
OPP_18033,Ryan Osei,Starter Pack,Company_928,closed-won,2023-10-21,2023-11-14,14149.75
OPP_18034,Sarah Chen,Enterprise Suite,Company_660,closed-lost,2023-05-04,2023-07-24,
OPP_18035,Priya Nair,Enterprise Suite,Company_743,closed-lost,2023-08-05,2023-11-18,
OPP_18036,Lisa Park,Starter Pack,,closed-won,2024-01-09,2024-02-24,17658.77
OPP_18037,Priya Nair,Enterprise Suite,Company_382,closed-lost,2023-07-16,2023-10-28,
OPP_18038,Carlos Webb,Enterprise Suite,Company_699,closed-lost,2024-03-01,2024-06-01,
OPP_18039,James Wu,Starter Pack,Company_151,closed-lost,2023-07-08,2023-07-28,
OPP_18040,Priya Nair,Starter Pack,Company_655,closed-won,2024-04-04,2024-05-09,12705.41
OPP_18041,Lisa Park,Starter Pack,Company_716,closed-won,2023-11-07,2023-12-14,9482.98
OPP_18042,James Wu,Enterprise Suite,Company_617,closed-lost,2023-11-18,2024-02-18,
OPP_18043,Priya Nair,Starter Pack,Company_294,closed-won,2024-07-31,2024-09-01,8020.53
OPP_18044,Carlos Webb,Analytics Pro,Company_707,closed-lost,2023-12-27,2024-03-08,
OPP_18045,James Wu,Analytics Pro,Company_230,closed-lost,2023-11-06,2023-12-31,
OPP_18046,Priya Nair,Starter Pack,Company_433,closed-lost,2023-10-27,2023-11-28,
OPP_18047,Ryan Osei,Starter Pack,Company_519,closed-won,2023-10-07,2023-11-20,15519.9
OPP_18048,Carlos Webb,Starter Pack,Company_480,closed-lost,2023-08-19,2023-08-31,
OPP_18049,Ryan Osei,Starter Pack,Company_929,closed-lost,2023-06-05,2023-06-30,
OPP_18050,Sarah Chen,Enterprise Suite,,closed-lost,2023-11-05,2024-02-26,
OPP_18051,Lisa Park,Starter Pack,Company_523,closed-won,2023-12-25,2024-02-01,19524.6
OPP_18052,Priya Nair,Analytics Pro,Company_621,closed-won,2023-08-31,2023-10-03,53534.0
OPP_18053,Lisa Park,Starter Pack,Company_782,closed-lost,2023-01-30,2023-03-18,
OPP_18054,Priya Nair,Starter Pack,Company_390,closed-lost,2024-04-04,2024-05-10,
OPP_18055,Sarah Chen,Starter Pack,,closed-won,2023-08-24,2023-08-29,
OPP_18056,Lisa Park,Starter Pack,Company_159,closed-lost,2024-01-31,2024-03-16,
OPP_18057,Ryan Osei,Starter Pack,Company_362,closed-lost,2024-10-26,2024-11-25,
OPP_18058,James Wu,Enterprise Suite,Company_694,closed-lost,2023-01-31,2023-04-21,
OPP_18059,Priya Nair,Enterprise Suite,,closed-lost,2024-06-24,2024-09-20,
OPP_18060,Lisa Park,Enterprise Suite,Company_812,closed-lost,2024-03-16,2024-06-17,
OPP_18061,Ryan Osei,Enterprise Suite,Company_780,closed-lost,2024-07-28,2024-10-25,
OPP_18062,Anita Rao,Enterprise Suite,Company_880,closed-lost,2024-05-16,2024-07-08,
OPP_18063,Anita Rao,Analytics Pro,Company_489,closed-won,2023-01-25,2023-02-16,39961.26
OPP_18064,James Wu,Analytics Pro,Company_453,closed-won,2023-06-13,2023-07-23,52788.64
OPP_18065,Anita Rao,Starter Pack,Company_148,closed-lost,2024-04-20,2024-05-26,
OPP_18066,James Wu,Starter Pack,Company_707,closed-won,2023-04-19,2023-05-18,12056.04
OPP_18067,Priya Nair,Starter Pack,Company_975,closed-won,2024-07-20,2024-08-14,9417.85
OPP_18068,Priya Nair,Enterprise Suite,Company_520,closed-lost,2023-04-11,2023-06-10,
OPP_18069,Sarah Chen,Enterprise Suite,Company_108,closed-won,2023-04-13,2023-08-17,268211.15
OPP_18070,Anita Rao,Analytics Pro,,closed-won,2023-07-28,2023-09-08,55844.58
OPP_18071,Carlos Webb,Enterprise Suite,Company_686,closed-lost,2024-08-05,2024-10-04,
OPP_18072,Priya Nair,Enterprise Suite,Company_835,closed-lost,2023-02-12,2023-02-27,
OPP_18073,Priya Nair,Starter Pack,,closed-lost,2024-05-04,2024-05-30,
OPP_18074,Carlos Webb,Analytics Pro,Company_58,closed-lost,2024-05-20,2024-07-03,
OPP_18075,Ryan Osei,Starter Pack,Company_840,closed-lost,2023-06-29,2023-07-31,
OPP_18076,Carlos Webb,Starter Pack,Company_380,closed-lost,2024-06-07,2024-07-13,
OPP_18077,Sarah Chen,Analytics Pro,,closed-lost,2024-09-15,2024-10-13,
OPP_18078,Lisa Park,Starter Pack,Company_68,closed-lost,2023-09-29,2023-11-01,
OPP_18079,Mike Torres,Enterprise Suite,Company_56,closed-lost,2024-06-04,2024-09-08,
OPP_18080,Anita Rao,Analytics Pro,Company_700,closed-won,2023-11-29,2024-01-05,37804.57
OPP_18081,Lisa Park,Analytics Pro,Company_107,closed-lost,2024-02-29,2024-04-15,
OPP_18082,James Wu,Starter Pack,,closed-won,2023-09-02,2023-09-23,20224.71
OPP_18083,Carlos Webb,Starter Pack,Company_877,closed-won,2023-02-21,2023-03-27,12137.2
OPP_18084,Anita Rao,Starter Pack,Company_668,closed-lost,2024-05-14,2024-07-01,
OPP_18085,Carlos Webb,Starter Pack,Company_13,closed-won,2023-03-22,2023-05-10,17082.49
OPP_18086,Mike Torres,Starter Pack,Company_793,closed-lost,2024-05-08,2024-06-24,
OPP_18087,Ryan Osei,Starter Pack,Company_410,closed-won,2023-01-14,2023-02-11,14649.03
OPP_18088,Sarah Chen,Enterprise Suite,Company_803,closed-lost,2024-11-23,2025-04-07,
OPP_18089,Anita Rao,Enterprise Suite,Company_408,closed-lost,2024-09-28,2024-12-17,
OPP_18090,James Wu,Enterprise Suite,Company_848,closed-won,2024-11-15,2025-03-10,398722.97
OPP_18091,Lisa Park,Enterprise Suite,Company_374,closed-lost,2023-08-07,2023-11-16,
OPP_18092,Ryan Osei,Starter Pack,,closed-lost,2024-10-25,2024-11-21,
OPP_18093,Anita Rao,Analytics Pro,Company_46,closed-won,2024-08-04,2024-09-06,57183.54
OPP_18094,Carlos Webb,Analytics Pro,Company_257,closed-won,2024-02-28,2024-04-17,51597.67
OPP_18095,Mike Torres,Starter Pack,Company_959,closed-won,2024-10-13,2024-11-11,11893.83
OPP_18096,Mike Torres,Analytics Pro,Company_88,closed-lost,2024-03-31,2024-06-13,
OPP_18097,Ryan Osei,Enterprise Suite,Company_274,closed-lost,2023-01-17,2023-04-12,
OPP_18098,Mike Torres,Starter Pack,Company_579,closed-lost,2023-01-24,2023-02-16,
OPP_18099,Carlos Webb,Analytics Pro,Company_438,closed-lost,2024-05-06,2024-06-21,
OPP_18100,Anita Rao,Starter Pack,Company_583,closed-lost,2024-04-27,2024-05-13,
OPP_18101,Mike Torres,Enterprise Suite,Company_738,closed-lost,2023-06-10,2023-10-19,
OPP_18102,Ryan Osei,Enterprise Suite,Company_216,closed-won,2024-07-05,2024-12-02,173375.49
OPP_18103,Carlos Webb,Analytics Pro,,closed-lost,2024-07-21,2024-09-29,
OPP_18104,Lisa Park,Analytics Pro,Company_824,closed-won,2023-05-05,2023-06-17,41782.9
OPP_18105,Priya Nair,Starter Pack,Company_488,closed-lost,2024-01-08,2024-01-29,
OPP_18106,Sarah Chen,Starter Pack,Company_18,closed-won,2024-03-12,2024-04-19,7500.0
OPP_18107,Anita Rao,Starter Pack,Company_445,closed-lost,2024-11-06,2024-12-05,
OPP_18108,Priya Nair,Enterprise Suite,Company_15,closed-lost,2023-12-19,2024-01-09,
OPP_18109,Mike Torres,Enterprise Suite,Company_887,closed-lost,2024-08-24,2024-10-31,
OPP_18110,Lisa Park,Starter Pack,Company_139,closed-lost,2023-12-03,2024-01-06,
OPP_18111,Mike Torres,Starter Pack,Company_314,closed-lost,2023-06-03,2023-07-14,
OPP_18112,Mike Torres,Starter Pack,Company_585,closed-won,2023-05-26,2023-07-02,11104.55
OPP_18113,James Wu,Enterprise Suite,Company_440,closed-lost,2023-06-28,2023-09-18,
OPP_18114,Ryan Osei,Analytics Pro,Company_544,closed-lost,2023-03-09,2023-05-21,
OPP_18115,Lisa Park,Analytics Pro,Company_37,closed-won,2024-06-25,2024-08-19,88282.49
OPP_18116,Lisa Park,Starter Pack,Company_75,closed-lost,2023-02-02,2023-02-07,
OPP_18117,Priya Nair,Analytics Pro,Company_502,closed-lost,2023-05-24,2023-06-23,
OPP_18118,Lisa Park,Starter Pack,Company_81,closed-lost,2024-09-28,2024-10-16,
OPP_18119,Priya Nair,Starter Pack,Company_448,closed-lost,2023-04-23,2023-05-18,
OPP_18120,Ryan Osei,Enterprise Suite,Company_782,closed-lost,2024-04-07,2024-07-09,
OPP_18121,Sarah Chen,Analytics Pro,Company_982,closed-lost,2023-06-17,2023-07-31,
OPP_18122,Carlos Webb,Enterprise Suite,Company_590,closed-lost,2024-01-12,2024-05-09,
OPP_18123,Lisa Park,Enterprise Suite,Company_557,closed-lost,2023-09-13,2024-01-05,
OPP_18124,Ryan Osei,Analytics Pro,Company_242,closed-won,2023-09-04,2023-09-22,56248.2
OPP_18125,James Wu,Enterprise Suite,Company_701,closed-won,2024-02-06,2024-05-14,328131.48
OPP_18126,Anita Rao,Starter Pack,Company_118,closed-lost,2024-04-21,2024-05-07,
OPP_18127,Mike Torres,Enterprise Suite,Company_788,closed-won,2023-12-15,2024-04-25,163606.8
OPP_18128,Ryan Osei,Analytics Pro,Company_316,closed-won,2024-05-08,2024-05-23,46481.04
OPP_18129,James Wu,Starter Pack,Company_976,closed-lost,2024-06-06,2024-06-27,
OPP_18130,Carlos Webb,Starter Pack,Company_238,closed-won,2024-11-25,2024-12-23,22357.3
OPP_18131,Mike Torres,Starter Pack,Company_46,closed-won,2023-09-11,2023-10-09,16847.93
OPP_18132,Priya Nair,Starter Pack,Company_600,closed-won,2023-05-27,2023-06-20,7886.47
OPP_18133,Mike Torres,Analytics Pro,Company_862,closed-won,2023-06-19,2023-07-22,
OPP_18134,Sarah Chen,Analytics Pro,Company_497,closed-won,2023-10-13,2023-11-27,
OPP_18135,Ryan Osei,Analytics Pro,Company_289,closed-lost,2024-02-07,2024-03-09,
OPP_18136,Lisa Park,Analytics Pro,Company_491,closed-won,2023-01-31,2023-03-22,61161.56
OPP_18137,Sarah Chen,Enterprise Suite,Company_51,closed-lost,2023-08-24,2023-12-09,
OPP_18138,Sarah Chen,Starter Pack,Company_430,closed-lost,2024-11-25,2024-12-20,
OPP_18139,Lisa Park,Analytics Pro,Company_313,closed-lost,2024-10-22,2024-11-12,
OPP_18140,Anita Rao,Enterprise Suite,,closed-lost,2023-05-15,2023-08-25,
OPP_18141,Ryan Osei,Analytics Pro,Company_410,closed-lost,2023-01-17,2023-04-02,
OPP_18142,Anita Rao,Enterprise Suite,Company_458,closed-won,2024-11-16,2025-04-09,323151.33
OPP_18143,Lisa Park,Analytics Pro,Company_906,closed-lost,2024-09-01,2024-11-06,
OPP_18144,Mike Torres,Analytics Pro,Company_835,closed-lost,2024-05-22,2024-08-01,
OPP_18145,James Wu,Analytics Pro,Company_911,closed-won,2023-08-09,2023-09-15,40099.86
OPP_18146,Carlos Webb,Analytics Pro,Company_707,closed-won,2023-03-27,2023-04-26,30552.82
OPP_18147,Sarah Chen,Analytics Pro,Company_878,closed-lost,2023-07-08,2023-08-09,
OPP_18148,Carlos Webb,Starter Pack,Company_23,closed-lost,2023-06-20,2023-07-03,
OPP_18149,Ryan Osei,Starter Pack,Company_361,closed-won,2023-12-07,2024-01-24,16890.96
OPP_18150,Carlos Webb,Enterprise Suite,Company_225,closed-won,2024-09-13,2024-12-14,125000.0
OPP_18151,Lisa Park,Starter Pack,Company_38,closed-won,2024-02-16,2024-03-14,12860.01
OPP_18152,Ryan Osei,Analytics Pro,Company_578,closed-lost,2024-03-11,2024-05-12,
OPP_18153,Ryan Osei,Enterprise Suite,Company_190,closed-lost,2024-08-29,2025-01-01,
OPP_18154,Lisa Park,Analytics Pro,Company_80,closed-won,2024-06-05,2024-08-03,94058.12
OPP_18155,Mike Torres,Enterprise Suite,Company_579,closed-won,2023-10-09,2023-12-21,157420.86
OPP_18156,Carlos Webb,Starter Pack,Company_582,closed-lost,2024-02-17,2024-03-07,
OPP_18157,Ryan Osei,Starter Pack,Company_328,closed-lost,2023-05-19,2023-06-13,
OPP_18158,James Wu,Starter Pack,Company_711,closed-won,2023-08-14,2023-09-11,18701.61
OPP_18159,Carlos Webb,Enterprise Suite,Company_477,closed-lost,2024-04-06,2024-07-10,
OPP_18160,Sarah Chen,Starter Pack,Company_376,closed-lost,2024-09-14,2024-10-13,
OPP_18161,Carlos Webb,Starter Pack,Company_165,closed-lost,2024-07-18,2024-08-09,
OPP_18162,Priya Nair,Analytics Pro,Company_423,closed-lost,2024-02-01,2024-03-26,
OPP_18163,James Wu,Analytics Pro,Company_306,closed-lost,2024-07-07,2024-09-02,
OPP_18164,James Wu,Starter Pack,Company_873,closed-lost,2023-08-09,2023-09-24,
OPP_18165,Carlos Webb,Enterprise Suite,Company_296,closed-lost,2024-10-07,2024-12-07,
OPP_18166,Carlos Webb,Enterprise Suite,Company_402,closed-lost,2023-02-25,2023-06-06,
OPP_18167,Carlos Webb,Analytics Pro,Company_423,closed-lost,2024-09-26,2024-10-30,
OPP_18168,Ryan Osei,Starter Pack,,closed-lost,2023-01-21,2023-02-20,
OPP_18169,Carlos Webb,Analytics Pro,Company_895,closed-won,2024-01-18,2024-03-17,46483.89
OPP_18170,Anita Rao,Enterprise Suite,Company_226,closed-lost,2023-01-22,2023-04-20,
OPP_18171,Anita Rao,Enterprise Suite,Company_263,closed-lost,2024-01-19,2024-06-23,
OPP_18172,Mike Torres,Analytics Pro,Company_626,closed-lost,2023-10-02,2023-11-17,
OPP_18173,Mike Torres,Analytics Pro,Company_583,closed-won,2024-09-29,2024-12-11,
OPP_18174,James Wu,Enterprise Suite,Company_248,closed-lost,2024-03-20,2024-06-15,
OPP_18175,Anita Rao,Analytics Pro,Company_592,closed-won,2023-06-16,2023-08-23,79997.38
OPP_18176,Lisa Park,Analytics Pro,Company_231,closed-won,2024-09-29,2024-12-15,62979.67
OPP_18177,Anita Rao,Analytics Pro,Company_270,closed-lost,2024-08-03,2024-09-11,
OPP_18178,Sarah Chen,Enterprise Suite,Company_777,closed-won,2024-02-06,2024-05-20,
OPP_18179,Priya Nair,Starter Pack,Company_229,closed-lost,2023-11-28,2024-01-03,
OPP_18180,Sarah Chen,Enterprise Suite,Company_336,closed-won,2023-12-30,2024-04-21,246165.41
OPP_18181,Ryan Osei,Starter Pack,Company_619,closed-lost,2023-08-31,2023-10-12,
OPP_18182,Lisa Park,Enterprise Suite,Company_957,closed-lost,2024-10-21,2025-02-25,
OPP_18183,James Wu,Enterprise Suite,Company_685,closed-lost,2024-06-20,2024-08-12,
OPP_18184,Anita Rao,Starter Pack,Company_255,closed-lost,2023-12-07,2024-01-09,
OPP_18185,Priya Nair,Starter Pack,Company_990,closed-lost,2023-04-10,2023-05-08,
OPP_18186,Sarah Chen,Enterprise Suite,Company_456,closed-won,2024-01-23,2024-05-11,195236.45
OPP_18187,Priya Nair,Starter Pack,Company_707,closed-lost,2023-04-06,2023-04-28,
OPP_18188,Priya Nair,Starter Pack,Company_881,closed-won,2024-05-17,2024-06-30,19053.9
OPP_18189,Lisa Park,Starter Pack,Company_490,closed-won,2023-09-18,2023-10-06,18529.07
OPP_18190,Carlos Webb,Analytics Pro,Company_920,closed-lost,2023-04-26,2023-06-03,
OPP_18191,Carlos Webb,Starter Pack,Company_293,closed-won,2024-03-22,2024-04-12,20873.98
OPP_18192,Ryan Osei,Analytics Pro,Company_344,closed-won,2023-10-15,2023-12-05,54952.04
OPP_18193,Lisa Park,Enterprise Suite,Company_135,closed-lost,2024-06-27,2024-08-28,
OPP_18194,Priya Nair,Starter Pack,Company_250,closed-lost,2024-06-16,2024-07-15,
OPP_18195,Sarah Chen,Starter Pack,Company_309,closed-lost,2024-02-10,2024-03-11,
OPP_18196,Anita Rao,Enterprise Suite,Company_443,closed-lost,2023-03-22,2023-07-05,
OPP_18197,Anita Rao,Analytics Pro,Company_951,closed-won,2023-06-15,2023-08-16,68337.19
OPP_18198,Mike Torres,Starter Pack,Company_740,closed-won,2024-09-25,2024-10-12,16042.36
OPP_18199,James Wu,Enterprise Suite,Company_55,closed-won,2024-05-05,2024-07-29,223516.58
OPP_18200,Sarah Chen,Starter Pack,Company_918,closed-won,2024-02-18,2024-03-19,11989.08
OPP_18201,Carlos Webb,Starter Pack,Company_139,closed-won,2024-10-13,2024-11-01,18410.7
OPP_18202,Mike Torres,Starter Pack,Company_751,closed-won,2023-09-19,2023-10-29,11836.61
OPP_18203,Lisa Park,Analytics Pro,Company_879,closed-lost,2024-07-23,2024-09-15,
OPP_18204,Ryan Osei,Analytics Pro,Company_541,closed-lost,2023-08-31,2023-09-26,
OPP_18205,Ryan Osei,Starter Pack,Company_338,closed-won,2024-01-28,2024-03-01,20356.88
OPP_18206,Carlos Webb,Enterprise Suite,Company_693,closed-lost,2024-06-22,2024-09-27,
OPP_18207,Lisa Park,Starter Pack,Company_568,closed-lost,2024-04-21,2024-05-28,
OPP_18208,Ryan Osei,Starter Pack,Company_944,closed-lost,2024-02-19,2024-03-22,
OPP_18209,James Wu,Starter Pack,Company_267,closed-lost,2023-01-03,2023-01-26,
OPP_18210,Carlos Webb,Enterprise Suite,Company_305,closed-lost,2023-01-07,2023-05-19,
OPP_18211,James Wu,Analytics Pro,Company_712,closed-lost,2023-03-18,2023-05-09,
OPP_18212,Carlos Webb,Analytics Pro,Company_397,closed-won,2024-08-07,2024-08-22,47697.7
OPP_18213,James Wu,Starter Pack,Company_74,closed-lost,2024-10-24,2024-11-16,
OPP_18214,James Wu,Enterprise Suite,,closed-lost,2023-10-27,2024-02-18,
OPP_18215,Carlos Webb,Starter Pack,Company_906,closed-lost,2023-03-18,2023-04-18,
OPP_18216,James Wu,Analytics Pro,Company_911,closed-lost,2024-10-16,2024-11-11,
OPP_18217,Priya Nair,Starter Pack,Company_848,closed-lost,2024-03-01,2024-03-29,
OPP_18218,Ryan Osei,Starter Pack,Company_955,closed-lost,2023-06-19,2023-07-15,
OPP_18219,Priya Nair,Starter Pack,Company_878,closed-won,2023-09-12,2023-10-02,9847.97
OPP_18220,James Wu,Starter Pack,Company_317,closed-won,2024-05-08,2024-06-18,10818.49
OPP_18221,Lisa Park,Analytics Pro,Company_187,closed-won,2023-03-30,2023-05-30,42622.48
OPP_18222,Anita Rao,Analytics Pro,Company_212,closed-won,2024-01-31,2024-02-13,60639.8
OPP_18223,Mike Torres,Starter Pack,Company_308,closed-won,2024-11-28,2024-12-18,7500.0
OPP_18224,James Wu,Enterprise Suite,Company_461,closed-lost,2024-03-28,2024-08-19,
OPP_18225,Ryan Osei,Enterprise Suite,Company_759,closed-lost,2023-12-08,2024-02-26,
OPP_18226,Ryan Osei,Enterprise Suite,,closed-lost,2024-06-27,2024-08-17,
OPP_18227,Sarah Chen,Starter Pack,,closed-won,2024-08-19,2024-10-07,15714.87
OPP_18228,Carlos Webb,Enterprise Suite,Company_724,closed-lost,2024-01-28,2024-05-14,
OPP_18229,Priya Nair,Enterprise Suite,Company_881,closed-lost,2023-07-06,2023-10-23,
OPP_18230,Anita Rao,Analytics Pro,Company_771,closed-lost,2024-04-18,2024-06-06,
OPP_18231,Sarah Chen,Starter Pack,Company_907,closed-won,2024-04-06,2024-05-08,20978.18
OPP_18232,Mike Torres,Enterprise Suite,,closed-lost,2024-06-01,2024-08-28,
OPP_18233,Lisa Park,Analytics Pro,Company_910,closed-lost,2024-08-05,2024-08-28,
OPP_18234,Anita Rao,Starter Pack,Company_476,closed-lost,2023-11-19,2023-12-13,
OPP_18235,Anita Rao,Starter Pack,Company_38,closed-won,2024-07-22,2024-09-02,7849.62
OPP_18236,Anita Rao,Starter Pack,Company_861,closed-lost,2023-10-02,2023-11-09,
OPP_18237,Carlos Webb,Starter Pack,Company_158,closed-won,2023-09-24,2023-10-09,9729.11
OPP_18238,James Wu,Enterprise Suite,Company_812,closed-lost,2024-03-23,2024-08-02,
OPP_18239,Carlos Webb,Starter Pack,,closed-lost,2024-07-25,2024-08-20,
OPP_18240,Priya Nair,Enterprise Suite,Company_624,closed-lost,2023-04-04,2023-05-20,
OPP_18241,Anita Rao,Analytics Pro,Company_400,closed-lost,2023-03-26,2023-05-22,
OPP_18242,Carlos Webb,Starter Pack,Company_459,closed-won,2024-11-06,2024-12-05,18637.43
OPP_18243,Carlos Webb,Enterprise Suite,Company_893,closed-lost,2024-01-22,2024-04-25,
OPP_18244,Priya Nair,Starter Pack,,closed-lost,2023-08-09,2023-09-16,
OPP_18245,Priya Nair,Enterprise Suite,Company_156,closed-won,2024-01-28,2024-04-20,251971.59
OPP_18246,James Wu,Starter Pack,Company_139,closed-lost,2023-08-27,2023-09-10,
OPP_18247,Sarah Chen,Starter Pack,Company_338,closed-won,2024-03-13,2024-04-09,15189.13
OPP_18248,Ryan Osei,Enterprise Suite,Company_110,closed-won,2024-11-26,2025-01-20,251581.54
OPP_18249,James Wu,Starter Pack,Company_898,closed-won,2023-07-26,2023-08-22,21162.43
OPP_18250,Sarah Chen,Starter Pack,Company_22,closed-lost,2024-07-17,2024-08-07,
OPP_18251,James Wu,Starter Pack,Company_259,closed-won,2024-01-22,2024-02-22,
OPP_18252,Ryan Osei,Analytics Pro,Company_451,closed-won,2024-06-22,2024-08-09,47433.25
OPP_18253,Mike Torres,Enterprise Suite,Company_708,closed-lost,2024-10-11,2025-01-08,
OPP_18254,Mike Torres,Enterprise Suite,Company_922,closed-won,2024-10-05,2025-02-02,266813.96
OPP_18255,Ryan Osei,Analytics Pro,Company_373,closed-lost,2023-06-28,2023-08-17,
OPP_18256,Sarah Chen,Analytics Pro,Company_876,closed-lost,2023-03-16,2023-04-23,
OPP_18257,Ryan Osei,Starter Pack,Company_794,closed-lost,2023-08-18,2023-09-21,
OPP_18258,Lisa Park,Enterprise Suite,Company_624,closed-lost,2023-04-11,2023-06-19,
OPP_18259,Carlos Webb,Analytics Pro,Company_255,closed-won,2023-08-09,2023-10-13,58869.86
OPP_18260,Sarah Chen,Starter Pack,Company_284,closed-won,2024-02-11,2024-03-20,20506.73
OPP_18261,Carlos Webb,Starter Pack,Company_57,closed-won,2024-11-18,2024-12-26,18018.8
OPP_18262,Mike Torres,Starter Pack,Company_932,closed-won,2023-05-24,2023-06-22,10825.62
OPP_18263,James Wu,Enterprise Suite,Company_595,closed-lost,2023-06-09,2023-08-27,
OPP_18264,Anita Rao,Analytics Pro,Company_174,closed-lost,2023-03-04,2023-04-27,
OPP_18265,James Wu,Starter Pack,Company_221,closed-lost,2024-03-03,2024-03-24,
OPP_18266,Anita Rao,Enterprise Suite,Company_939,closed-lost,2024-01-10,2024-04-25,
OPP_18267,Priya Nair,Starter Pack,Company_130,closed-lost,2023-05-22,2023-06-22,
OPP_18268,Anita Rao,Analytics Pro,Company_69,closed-won,2024-01-30,2024-03-15,72755.03
OPP_18269,Sarah Chen,Starter Pack,Company_465,closed-lost,2023-10-21,2023-11-30,
OPP_18270,Priya Nair,Starter Pack,Company_677,closed-won,2023-09-18,2023-10-29,12964.82
OPP_18271,Priya Nair,Analytics Pro,Company_53,closed-won,2024-11-18,2025-01-07,
OPP_18272,Carlos Webb,Starter Pack,Company_449,closed-lost,2023-02-14,2023-03-08,
OPP_18273,Ryan Osei,Analytics Pro,Company_676,closed-lost,2024-11-07,2024-12-15,
OPP_18274,Lisa Park,Enterprise Suite,,closed-lost,2023-03-10,2023-06-23,
OPP_18275,Mike Torres,Analytics Pro,Company_657,closed-won,2024-06-14,2024-07-25,78351.38
OPP_18276,Lisa Park,Analytics Pro,Company_844,closed-lost,2024-09-13,2024-11-06,
OPP_18277,Anita Rao,Analytics Pro,Company_108,closed-lost,2024-10-03,2024-11-26,
OPP_18278,Priya Nair,Analytics Pro,Company_51,closed-lost,2023-12-23,2024-01-25,
OPP_18279,Ryan Osei,Analytics Pro,Company_655,closed-won,2024-10-19,2024-11-16,43693.13
OPP_18280,James Wu,Enterprise Suite,Company_893,closed-won,2023-05-25,2023-08-15,147840.73
OPP_18281,Lisa Park,Starter Pack,Company_807,closed-lost,2024-04-26,2024-06-01,
OPP_18282,Lisa Park,Enterprise Suite,Company_151,closed-won,2023-06-17,2023-10-03,317610.48
OPP_18283,Carlos Webb,Enterprise Suite,Company_893,closed-lost,2024-04-10,2024-06-15,
OPP_18284,Mike Torres,Starter Pack,Company_159,closed-won,2023-09-22,2023-10-24,8216.32
OPP_18285,Carlos Webb,Enterprise Suite,Company_41,closed-lost,2023-02-22,2023-06-11,
OPP_18286,Carlos Webb,Analytics Pro,Company_403,closed-lost,2023-10-07,2023-11-20,
OPP_18287,Anita Rao,Enterprise Suite,Company_260,closed-lost,2024-10-09,2025-03-18,
OPP_18288,Priya Nair,Starter Pack,Company_497,closed-lost,2023-06-24,2023-07-09,
OPP_18289,James Wu,Enterprise Suite,Company_192,closed-won,2024-11-24,2025-03-14,235527.36
OPP_18290,Lisa Park,Enterprise Suite,Company_787,closed-lost,2023-09-30,2024-01-05,
OPP_18291,Mike Torres,Starter Pack,Company_102,closed-won,2024-05-19,2024-07-06,10295.45
OPP_18292,Priya Nair,Starter Pack,Company_88,closed-won,2024-11-25,2024-12-31,25078.01
OPP_18293,Sarah Chen,Starter Pack,Company_543,closed-lost,2023-05-06,2023-06-17,
OPP_18294,Lisa Park,Enterprise Suite,Company_42,closed-won,2024-07-08,2024-09-30,319632.58
OPP_18295,James Wu,Enterprise Suite,Company_354,closed-won,2024-09-12,2024-12-29,269286.4
OPP_18296,Ryan Osei,Enterprise Suite,Company_628,closed-won,2024-07-27,2024-10-26,162664.6
OPP_18297,Sarah Chen,Enterprise Suite,Company_938,closed-won,2023-05-15,2023-07-19,417769.17
OPP_18298,Mike Torres,Analytics Pro,Company_875,closed-lost,2024-08-15,2024-09-28,
OPP_18299,Sarah Chen,Analytics Pro,Company_298,closed-lost,2024-05-09,2024-06-17,
OPP_18300,Sarah Chen,Enterprise Suite,Company_954,closed-lost,2024-10-22,2024-12-15,
OPP_18301,James Wu,Enterprise Suite,Company_154,closed-lost,2023-09-15,2024-01-06,
OPP_18302,Carlos Webb,Starter Pack,Company_601,closed-won,2024-02-28,2024-04-08,9464.24
OPP_18303,Anita Rao,Enterprise Suite,Company_363,closed-lost,2023-04-08,2023-07-15,
OPP_18304,Priya Nair,Enterprise Suite,Company_325,closed-won,2023-06-09,2023-09-03,
OPP_18305,Mike Torres,Analytics Pro,Company_104,closed-won,2024-10-20,2024-11-19,61377.77
OPP_18306,Priya Nair,Starter Pack,Company_145,closed-lost,2023-11-15,2023-12-17,
OPP_18307,Lisa Park,Analytics Pro,Company_766,closed-lost,2023-10-26,2024-01-01,
OPP_18308,Anita Rao,Starter Pack,Company_225,closed-lost,2024-08-18,2024-09-09,
OPP_18309,Lisa Park,Starter Pack,Company_167,closed-lost,2023-12-05,2024-01-01,
OPP_18310,Sarah Chen,Analytics Pro,Company_877,closed-lost,2023-01-16,2023-03-10,
OPP_18311,Anita Rao,Starter Pack,Company_147,closed-won,2024-06-09,2024-07-25,7500.0
OPP_18312,Mike Torres,Analytics Pro,Company_180,closed-won,2023-01-09,2023-02-07,49815.44
OPP_18313,Ryan Osei,Enterprise Suite,Company_328,closed-lost,2023-06-19,2023-07-12,
OPP_18314,Anita Rao,Enterprise Suite,Company_900,closed-lost,2023-02-25,2023-03-10,
OPP_18315,Ryan Osei,Starter Pack,Company_930,closed-lost,2023-07-09,2023-08-03,
OPP_18316,James Wu,Enterprise Suite,Company_753,closed-lost,2024-06-29,2024-08-18,
OPP_18317,Sarah Chen,Enterprise Suite,Company_552,closed-won,2024-07-28,2024-11-09,262457.0
OPP_18318,James Wu,Starter Pack,Company_999,closed-won,2023-04-20,2023-04-25,10267.33
OPP_18319,Anita Rao,Analytics Pro,Company_309,closed-won,2024-07-07,2024-09-08,27500.0
OPP_18320,Lisa Park,Starter Pack,Company_312,closed-won,2024-08-16,2024-09-22,10114.45
OPP_18321,Lisa Park,Enterprise Suite,Company_613,closed-lost,2024-06-12,2024-07-15,
OPP_18322,Carlos Webb,Starter Pack,Company_277,closed-won,2024-03-16,2024-04-21,
OPP_18323,Lisa Park,Starter Pack,Company_823,closed-won,2024-10-21,2024-11-28,
OPP_18324,Priya Nair,Starter Pack,Company_880,closed-lost,2023-09-04,2023-10-07,
OPP_18325,Carlos Webb,Enterprise Suite,Company_699,closed-lost,2024-08-12,2024-12-07,
OPP_18326,Ryan Osei,Enterprise Suite,Company_700,closed-lost,2023-05-04,2023-06-30,
OPP_18327,Carlos Webb,Starter Pack,Company_626,closed-lost,2024-10-20,2024-11-16,
OPP_18328,Carlos Webb,Starter Pack,Company_806,closed-lost,2024-07-08,2024-08-05,
OPP_18329,Lisa Park,Analytics Pro,,closed-won,2024-06-09,2024-08-21,50120.49
OPP_18330,Priya Nair,Analytics Pro,Company_437,closed-won,2023-12-21,2024-02-12,53191.83
OPP_18331,James Wu,Starter Pack,Company_970,closed-won,2023-10-21,2023-11-27,13147.96
OPP_18332,Carlos Webb,Analytics Pro,Company_238,closed-lost,2024-09-01,2024-10-16,
OPP_18333,Anita Rao,Starter Pack,Company_463,closed-lost,2024-04-19,2024-05-15,
OPP_18334,Lisa Park,Analytics Pro,Company_326,closed-lost,2023-07-16,2023-08-19,
OPP_18335,Priya Nair,Starter Pack,Company_933,closed-won,2024-05-02,2024-06-12,16812.38
OPP_18336,Carlos Webb,Enterprise Suite,Company_157,closed-won,2023-05-06,2023-07-10,180237.94
OPP_18337,Sarah Chen,Analytics Pro,Company_82,closed-won,2023-10-19,2023-12-21,55839.63
OPP_18338,Ryan Osei,Analytics Pro,Company_555,closed-won,2023-11-16,2024-01-17,
OPP_18339,Mike Torres,Starter Pack,Company_828,closed-lost,2023-08-23,2023-09-26,
OPP_18340,Priya Nair,Starter Pack,Company_669,closed-lost,2024-01-09,2024-02-17,
OPP_18341,Carlos Webb,Enterprise Suite,Company_742,closed-won,2024-08-16,2024-11-03,280121.44
OPP_18342,Priya Nair,Starter Pack,Company_606,closed-lost,2023-01-27,2023-02-25,
OPP_18343,Anita Rao,Starter Pack,Company_73,closed-lost,2024-06-14,2024-07-07,
OPP_18344,Carlos Webb,Analytics Pro,Company_223,closed-lost,2023-01-28,2023-03-03,
OPP_18345,Sarah Chen,Starter Pack,Company_605,closed-won,2024-04-25,2024-05-23,16859.44
OPP_18346,Carlos Webb,Analytics Pro,Company_775,closed-won,2023-07-10,2023-09-04,63206.14
OPP_18347,Ryan Osei,Starter Pack,Company_446,closed-won,2023-08-02,2023-08-22,11376.96
OPP_18348,James Wu,Analytics Pro,Company_684,closed-won,2024-03-31,2024-05-03,27500.0
OPP_18349,Priya Nair,Enterprise Suite,Company_418,closed-lost,2023-02-10,2023-04-16,
OPP_18350,Priya Nair,Enterprise Suite,Company_740,closed-lost,2024-06-06,2024-10-20,
OPP_18351,Anita Rao,Enterprise Suite,Company_782,closed-lost,2023-09-30,2024-01-30,
OPP_18352,Priya Nair,Starter Pack,Company_441,closed-won,2024-01-30,2024-02-20,13014.79
OPP_18353,Ryan Osei,Starter Pack,Company_343,closed-lost,2023-07-22,2023-08-24,
OPP_18354,Anita Rao,Enterprise Suite,Company_526,closed-lost,2023-02-20,2023-05-04,
OPP_18355,Sarah Chen,Enterprise Suite,Company_684,closed-won,2023-05-13,2023-06-06,272558.65
OPP_18356,Carlos Webb,Starter Pack,Company_199,closed-lost,2024-01-01,2024-01-18,
OPP_18357,James Wu,Enterprise Suite,Company_109,closed-lost,2023-07-10,2023-10-03,
OPP_18358,James Wu,Enterprise Suite,,closed-won,2023-08-15,2023-12-28,
OPP_18359,Sarah Chen,Starter Pack,Company_279,closed-lost,2023-08-20,2023-09-13,
OPP_18360,James Wu,Enterprise Suite,Company_876,closed-lost,2023-02-06,2023-05-03,
OPP_18361,Priya Nair,Starter Pack,Company_838,closed-won,2024-02-12,2024-04-04,15754.51
OPP_18362,Mike Torres,Starter Pack,Company_870,closed-won,2023-06-10,2023-07-05,7500.0
OPP_18363,Priya Nair,Starter Pack,Company_972,closed-won,2023-08-19,2023-09-25,12332.57
OPP_18364,Priya Nair,Starter Pack,Company_381,closed-won,2024-08-19,2024-09-16,14004.94
OPP_18365,Anita Rao,Enterprise Suite,Company_678,closed-lost,2024-08-04,2024-10-07,
OPP_18366,Mike Torres,Enterprise Suite,Company_381,closed-lost,2023-09-24,2023-12-14,
OPP_18367,Priya Nair,Analytics Pro,Company_556,closed-lost,2024-10-28,2024-12-10,
OPP_18368,Ryan Osei,Enterprise Suite,Company_511,closed-won,2023-05-20,2023-09-30,125000.0
OPP_18369,Ryan Osei,Analytics Pro,Company_915,closed-lost,2024-01-06,2024-02-27,
OPP_18370,Sarah Chen,Starter Pack,Company_781,closed-lost,2024-01-16,2024-02-03,
OPP_18371,Mike Torres,Enterprise Suite,Company_334,closed-lost,2023-06-29,2023-10-05,
OPP_18372,Anita Rao,Enterprise Suite,Company_550,closed-lost,2023-09-16,2024-02-06,
OPP_18373,Sarah Chen,Analytics Pro,Company_316,closed-won,2023-01-03,2023-02-28,35009.72
OPP_18374,Anita Rao,Starter Pack,Company_857,closed-won,2023-10-01,2023-10-16,22124.06
OPP_18375,Sarah Chen,Starter Pack,Company_813,closed-won,2024-10-31,2024-11-12,12351.94
OPP_18376,Ryan Osei,Starter Pack,,closed-lost,2023-03-05,2023-04-09,
OPP_18377,Lisa Park,Analytics Pro,,closed-lost,2023-01-02,2023-02-18,
OPP_18378,Lisa Park,Starter Pack,Company_851,closed-lost,2024-08-18,2024-09-13,
OPP_18379,Carlos Webb,Enterprise Suite,Company_335,closed-lost,2023-05-31,2023-09-09,
OPP_18380,Ryan Osei,Enterprise Suite,Company_411,closed-lost,2023-07-16,2023-10-20,
OPP_18381,Anita Rao,Analytics Pro,Company_766,closed-lost,2023-04-07,2023-04-18,
OPP_18382,Anita Rao,Enterprise Suite,Company_121,closed-lost,2023-07-08,2023-10-03,
OPP_18383,Ryan Osei,Enterprise Suite,Company_132,closed-won,2023-11-04,2023-12-07,180079.74
OPP_18384,James Wu,Analytics Pro,Company_674,closed-lost,2024-07-01,2024-08-11,
OPP_18385,Priya Nair,Starter Pack,Company_625,closed-lost,2024-08-10,2024-09-21,
OPP_18386,Priya Nair,Enterprise Suite,Company_952,closed-lost,2023-04-08,2023-07-05,
OPP_18387,Ryan Osei,Starter Pack,Company_183,closed-won,2023-01-02,2023-01-22,17550.84
OPP_18388,Mike Torres,Starter Pack,Company_187,closed-won,2024-01-13,2024-02-14,15488.86
OPP_18389,Sarah Chen,Analytics Pro,Company_706,closed-lost,2023-08-09,2023-10-08,
OPP_18390,Mike Torres,Starter Pack,Company_291,closed-won,2023-08-03,2023-09-05,14304.57
OPP_18391,Priya Nair,Enterprise Suite,Company_259,closed-won,2024-02-03,2024-04-10,280971.73
OPP_18392,James Wu,Starter Pack,,closed-lost,2023-03-12,2023-04-10,
OPP_18393,Lisa Park,Enterprise Suite,Company_939,closed-lost,2024-01-09,2024-04-12,
OPP_18394,Mike Torres,Starter Pack,,closed-lost,2023-02-08,2023-03-12,
OPP_18395,Lisa Park,Starter Pack,Company_845,closed-won,2023-09-25,2023-10-30,
OPP_18396,Ryan Osei,Enterprise Suite,Company_624,closed-lost,2024-06-30,2024-08-29,
OPP_18397,Anita Rao,Enterprise Suite,Company_707,closed-lost,2023-03-21,2023-07-02,
OPP_18398,Mike Torres,Enterprise Suite,Company_164,closed-lost,2024-08-26,2024-11-09,
OPP_18399,James Wu,Starter Pack,Company_753,closed-won,2023-02-20,2023-03-14,14820.8
OPP_18400,Sarah Chen,Starter Pack,Company_224,closed-lost,2023-07-01,2023-07-28,
OPP_18401,Ryan Osei,Analytics Pro,Company_419,closed-lost,2024-02-08,2024-03-24,
OPP_18402,Sarah Chen,Enterprise Suite,Company_704,closed-won,2023-09-03,2023-10-25,220752.55
OPP_18403,Priya Nair,Enterprise Suite,Company_2,closed-lost,2023-01-09,2023-04-21,
OPP_18404,Sarah Chen,Starter Pack,Company_356,closed-lost,2023-09-15,2023-10-08,
OPP_18405,James Wu,Enterprise Suite,Company_165,closed-lost,2024-10-09,2025-01-20,
OPP_18406,Carlos Webb,Starter Pack,,closed-lost,2024-11-21,2025-01-04,
OPP_18407,Ryan Osei,Starter Pack,Company_893,closed-lost,2024-06-05,2024-06-21,
OPP_18408,Mike Torres,Starter Pack,Company_329,closed-won,2024-06-12,2024-06-26,7500.0
OPP_18409,Sarah Chen,Analytics Pro,Company_829,closed-won,2024-07-04,2024-07-24,47169.06
OPP_18410,Priya Nair,Analytics Pro,Company_250,closed-won,2023-10-15,2023-12-13,38223.45
OPP_18411,James Wu,Enterprise Suite,Company_726,closed-won,2023-07-29,2023-10-05,232845.46
OPP_18412,Sarah Chen,Analytics Pro,Company_566,closed-lost,2023-02-20,2023-04-10,
OPP_18413,Priya Nair,Analytics Pro,,closed-lost,2023-03-31,2023-05-18,
OPP_18414,Priya Nair,Enterprise Suite,Company_797,closed-lost,2023-03-02,2023-06-09,
OPP_18415,Sarah Chen,Starter Pack,Company_461,closed-won,2023-08-31,2023-10-08,11177.8
OPP_18416,Ryan Osei,Enterprise Suite,Company_714,closed-lost,2023-05-29,2023-09-04,
OPP_18417,Ryan Osei,Starter Pack,Company_842,closed-lost,2024-02-23,2024-04-06,
OPP_18418,Lisa Park,Analytics Pro,Company_955,closed-won,2024-11-26,2024-12-25,56724.04
OPP_18419,James Wu,Starter Pack,,closed-won,2024-08-03,2024-09-11,9792.7
OPP_18420,James Wu,Enterprise Suite,Company_624,closed-won,2023-01-23,2023-05-27,343839.1
OPP_18421,Ryan Osei,Enterprise Suite,Company_808,closed-lost,2023-09-07,2024-01-02,
OPP_18422,James Wu,Starter Pack,Company_834,closed-won,2023-08-30,2023-09-23,7500.0
OPP_18423,Lisa Park,Analytics Pro,Company_921,closed-lost,2023-11-03,2023-12-19,
OPP_18424,Mike Torres,Enterprise Suite,Company_344,closed-lost,2024-02-09,2024-04-28,
OPP_18425,Mike Torres,Enterprise Suite,Company_986,closed-won,2023-03-11,2023-06-04,
OPP_18426,Ryan Osei,Starter Pack,Company_407,closed-won,2024-06-02,2024-06-24,13344.42
OPP_18427,Lisa Park,Starter Pack,Company_253,closed-lost,2024-04-05,2024-05-11,
OPP_18428,Ryan Osei,Enterprise Suite,Company_312,closed-lost,2023-07-23,2023-10-03,
OPP_18429,Mike Torres,Starter Pack,Company_996,closed-won,2023-03-20,2023-04-28,14219.24
OPP_18430,Mike Torres,Starter Pack,,closed-won,2023-08-14,2023-09-22,13691.97
OPP_18431,Priya Nair,Starter Pack,Company_921,closed-lost,2023-06-28,2023-08-07,
OPP_18432,James Wu,Enterprise Suite,Company_623,closed-lost,2024-06-14,2024-09-05,
OPP_18433,Priya Nair,Starter Pack,,closed-lost,2023-09-30,2023-10-22,
OPP_18434,James Wu,Analytics Pro,Company_919,closed-lost,2023-07-09,2023-09-05,
OPP_18435,Priya Nair,Analytics Pro,,closed-lost,2023-03-27,2023-05-10,
OPP_18436,Mike Torres,Enterprise Suite,Company_488,closed-lost,2023-05-20,2023-06-18,
OPP_18437,Carlos Webb,Enterprise Suite,Company_960,closed-lost,2023-01-03,2023-03-15,
OPP_18438,Sarah Chen,Analytics Pro,Company_975,closed-won,2023-04-24,2023-07-03,51418.28
OPP_18439,Lisa Park,Analytics Pro,Company_394,closed-lost,2024-08-18,2024-10-03,
OPP_18440,Mike Torres,Enterprise Suite,Company_44,closed-won,2024-05-27,2024-08-26,197512.64
OPP_18441,Ryan Osei,Enterprise Suite,Company_740,closed-lost,2024-01-05,2024-04-06,
OPP_18442,Carlos Webb,Enterprise Suite,Company_171,closed-lost,2023-07-20,2023-11-14,
OPP_18443,Sarah Chen,Enterprise Suite,Company_920,closed-lost,2023-10-23,2024-02-23,
OPP_18444,Mike Torres,Enterprise Suite,Company_832,closed-lost,2024-10-27,2025-01-02,
OPP_18445,Anita Rao,Starter Pack,Company_788,closed-lost,2024-05-20,2024-06-25,
OPP_18446,Mike Torres,Enterprise Suite,Company_130,closed-lost,2023-01-23,2023-05-19,
OPP_18447,Lisa Park,Enterprise Suite,Company_455,closed-won,2024-10-27,2025-01-03,291858.57
OPP_18448,Ryan Osei,Starter Pack,Company_471,closed-lost,2024-03-18,2024-04-23,
OPP_18449,Mike Torres,Analytics Pro,Company_993,closed-lost,2023-09-14,2023-10-26,
OPP_18450,Ryan Osei,Enterprise Suite,Company_873,closed-lost,2023-08-25,2023-12-20,
OPP_18451,James Wu,Enterprise Suite,Company_709,closed-won,2024-07-30,2024-11-03,264459.91
OPP_18452,Anita Rao,Analytics Pro,Company_676,closed-lost,2024-02-12,2024-03-14,
OPP_18453,Lisa Park,Starter Pack,Company_752,closed-won,2024-05-12,2024-06-11,12461.31
OPP_18454,Sarah Chen,Enterprise Suite,,closed-lost,2023-04-15,2023-07-04,
OPP_18455,Priya Nair,Enterprise Suite,Company_400,closed-lost,2023-06-21,2023-07-09,
OPP_18456,Ryan Osei,Analytics Pro,Company_712,closed-lost,2023-07-13,2023-09-21,
OPP_18457,Ryan Osei,Enterprise Suite,Company_393,closed-lost,2023-01-25,2023-05-15,
OPP_18458,Priya Nair,Enterprise Suite,Company_890,closed-lost,2023-12-31,2024-04-18,
OPP_18459,Carlos Webb,Enterprise Suite,Company_849,closed-won,2024-11-29,2025-03-13,413663.29
OPP_18460,Mike Torres,Starter Pack,Company_331,closed-lost,2023-04-21,2023-05-17,
OPP_18461,Lisa Park,Starter Pack,Company_315,closed-lost,2023-04-12,2023-05-06,
OPP_18462,Priya Nair,Analytics Pro,Company_333,closed-lost,2024-10-21,2024-11-21,
OPP_18463,James Wu,Enterprise Suite,Company_279,closed-lost,2023-02-26,2023-05-15,
OPP_18464,Ryan Osei,Enterprise Suite,Company_651,closed-lost,2023-01-01,2023-06-04,
OPP_18465,Sarah Chen,Analytics Pro,Company_755,closed-lost,2023-08-22,2023-10-08,
OPP_18466,Anita Rao,Starter Pack,Company_593,closed-lost,2024-01-04,2024-02-19,
OPP_18467,Sarah Chen,Analytics Pro,Company_274,closed-lost,2023-06-21,2023-08-25,
OPP_18468,Lisa Park,Starter Pack,Company_783,closed-won,2023-02-09,2023-03-17,15553.84
OPP_18469,Ryan Osei,Analytics Pro,Company_604,closed-won,2023-07-15,2023-09-07,46327.41
OPP_18470,Anita Rao,Starter Pack,Company_782,closed-won,2024-05-19,2024-06-12,7500.0
OPP_18471,Lisa Park,Enterprise Suite,Company_633,closed-lost,2024-01-04,2024-03-09,
OPP_18472,Ryan Osei,Analytics Pro,Company_22,closed-lost,2023-02-03,2023-03-20,
OPP_18473,Sarah Chen,Enterprise Suite,Company_800,closed-lost,2024-10-24,2025-03-05,
OPP_18474,Lisa Park,Analytics Pro,Company_702,closed-won,2023-04-09,2023-06-10,48274.74
OPP_18475,Lisa Park,Analytics Pro,Company_572,closed-lost,2023-02-12,2023-04-02,
OPP_18476,Carlos Webb,Enterprise Suite,Company_632,closed-won,2023-05-08,2023-07-12,201495.02
OPP_18477,Anita Rao,Analytics Pro,,closed-lost,2023-03-20,2023-04-26,
OPP_18478,Mike Torres,Enterprise Suite,Company_198,closed-lost,2023-08-10,2023-10-04,
OPP_18479,Anita Rao,Starter Pack,Company_420,closed-lost,2023-08-15,2023-09-01,
OPP_18480,Lisa Park,Starter Pack,Company_295,closed-won,2023-06-08,2023-07-16,
OPP_18481,Lisa Park,Enterprise Suite,Company_966,closed-lost,2024-03-07,2024-08-12,
OPP_18482,Carlos Webb,Starter Pack,Company_408,closed-won,2024-03-26,2024-04-17,14610.94
OPP_18483,Mike Torres,Analytics Pro,Company_299,closed-won,2023-11-05,2023-12-20,61716.8
OPP_18484,Sarah Chen,Analytics Pro,Company_296,closed-lost,2023-07-28,2023-09-05,
OPP_18485,Carlos Webb,Starter Pack,Company_811,closed-lost,2024-09-24,2024-11-01,
OPP_18486,Priya Nair,Enterprise Suite,Company_655,closed-lost,2024-01-29,2024-05-06,
OPP_18487,Ryan Osei,Starter Pack,Company_334,closed-won,2023-04-29,2023-06-05,7500.0
OPP_18488,Priya Nair,Starter Pack,Company_855,closed-lost,2024-10-15,2024-11-07,
OPP_18489,Sarah Chen,Starter Pack,Company_408,closed-lost,2024-07-01,2024-07-24,
OPP_18490,Priya Nair,Analytics Pro,Company_40,closed-lost,2023-08-25,2023-10-18,
OPP_18491,Ryan Osei,Analytics Pro,,closed-lost,2024-01-23,2024-03-20,
OPP_18492,Sarah Chen,Starter Pack,Company_860,closed-won,2024-11-08,2024-12-10,13169.73
OPP_18493,Priya Nair,Analytics Pro,Company_547,closed-lost,2023-12-16,2024-01-14,
OPP_18494,Anita Rao,Analytics Pro,Company_532,closed-lost,2024-08-21,2024-10-11,
OPP_18495,Mike Torres,Starter Pack,Company_0,closed-lost,2023-05-28,2023-06-29,
OPP_18496,James Wu,Enterprise Suite,Company_823,closed-lost,2024-07-04,2024-09-16,
OPP_18497,Sarah Chen,Analytics Pro,Company_494,closed-lost,2024-02-20,2024-04-01,
OPP_18498,Anita Rao,Enterprise Suite,Company_834,closed-lost,2024-05-03,2024-10-06,
OPP_18499,James Wu,Enterprise Suite,Company_609,closed-lost,2023-08-15,2023-11-30,
OPP_18500,Lisa Park,Analytics Pro,,closed-lost,2023-03-29,2023-06-20,
OPP_18501,Mike Torres,Enterprise Suite,Company_355,closed-won,2023-08-14,2023-11-19,298319.73
OPP_18502,Ryan Osei,Starter Pack,Company_14,closed-lost,2024-06-25,2024-07-27,
OPP_18503,Priya Nair,Analytics Pro,Company_807,closed-lost,2023-07-19,2023-08-10,
OPP_18504,Carlos Webb,Starter Pack,Company_48,closed-won,2023-08-30,2023-09-25,15965.5
OPP_18505,Sarah Chen,Starter Pack,Company_47,closed-lost,2023-01-02,2023-02-04,
OPP_18506,Carlos Webb,Enterprise Suite,Company_399,closed-lost,2024-04-12,2024-08-16,
OPP_18507,Ryan Osei,Starter Pack,Company_606,closed-won,2024-02-16,2024-03-10,12498.24
OPP_18508,Carlos Webb,Enterprise Suite,Company_208,closed-lost,2024-01-27,2024-03-09,
OPP_18509,Sarah Chen,Analytics Pro,Company_396,closed-lost,2023-03-08,2023-04-21,
OPP_18510,Anita Rao,Starter Pack,Company_571,closed-lost,2024-07-18,2024-08-16,
OPP_18511,Anita Rao,Enterprise Suite,Company_196,closed-lost,2023-07-28,2023-10-28,
OPP_18512,Lisa Park,Enterprise Suite,Company_680,closed-lost,2023-01-22,2023-04-25,
OPP_18513,Anita Rao,Analytics Pro,Company_459,closed-won,2024-01-30,2024-03-07,39448.17
OPP_18514,Sarah Chen,Enterprise Suite,Company_779,closed-won,2024-03-03,2024-06-01,125000.0
OPP_18515,Lisa Park,Enterprise Suite,Company_934,closed-lost,2024-07-17,2024-10-20,
OPP_18516,Sarah Chen,Enterprise Suite,Company_121,closed-won,2023-02-16,2023-06-12,154941.11
OPP_18517,Lisa Park,Starter Pack,Company_424,closed-won,2024-11-15,2024-12-30,18136.21
OPP_18518,Sarah Chen,Starter Pack,Company_115,closed-won,2023-11-17,2023-12-10,14790.0
OPP_18519,James Wu,Analytics Pro,,closed-won,2024-06-15,2024-08-04,58822.82
OPP_18520,Mike Torres,Starter Pack,Company_236,closed-won,2024-02-09,2024-03-07,19427.92
OPP_18521,Anita Rao,Analytics Pro,Company_310,closed-lost,2023-04-10,2023-06-01,
OPP_18522,Anita Rao,Starter Pack,,closed-lost,2024-08-09,2024-09-12,
OPP_18523,Sarah Chen,Analytics Pro,Company_495,closed-lost,2024-02-08,2024-04-04,
OPP_18524,Anita Rao,Enterprise Suite,Company_351,closed-won,2024-01-20,2024-05-19,267611.15
OPP_18525,Ryan Osei,Enterprise Suite,Company_924,closed-won,2023-05-10,2023-08-24,385293.86
OPP_18526,Ryan Osei,Analytics Pro,,closed-lost,2023-01-25,2023-02-10,
OPP_18527,Anita Rao,Starter Pack,Company_386,closed-lost,2023-02-10,2023-04-08,
OPP_18528,Priya Nair,Starter Pack,Company_119,closed-lost,2024-07-12,2024-08-18,
OPP_18529,Carlos Webb,Analytics Pro,Company_625,closed-lost,2023-06-11,2023-08-01,
OPP_18530,Ryan Osei,Analytics Pro,Company_140,closed-lost,2023-06-15,2023-08-20,
OPP_18531,Carlos Webb,Analytics Pro,Company_786,closed-lost,2023-02-16,2023-03-31,
OPP_18532,Priya Nair,Starter Pack,Company_961,closed-lost,2023-11-13,2023-11-29,
OPP_18533,Priya Nair,Starter Pack,Company_623,closed-won,2024-05-11,2024-05-29,11790.81
OPP_18534,Sarah Chen,Analytics Pro,Company_241,closed-lost,2024-06-26,2024-08-09,
OPP_18535,James Wu,Enterprise Suite,Company_663,closed-lost,2023-10-13,2023-12-29,
OPP_18536,Anita Rao,Analytics Pro,Company_812,closed-lost,2023-02-20,2023-03-31,
OPP_18537,Sarah Chen,Analytics Pro,,closed-lost,2024-10-20,2024-11-20,
OPP_18538,Anita Rao,Analytics Pro,Company_922,closed-lost,2023-05-12,2023-06-12,
OPP_18539,Ryan Osei,Analytics Pro,Company_554,closed-won,2023-04-28,2023-06-06,61700.78
OPP_18540,Anita Rao,Enterprise Suite,Company_804,closed-won,2024-09-08,2024-12-21,262862.37
OPP_18541,Carlos Webb,Analytics Pro,Company_611,closed-won,2024-02-26,2024-04-18,62828.35
OPP_18542,James Wu,Enterprise Suite,Company_447,closed-lost,2023-02-12,2023-04-09,
OPP_18543,Carlos Webb,Starter Pack,Company_98,closed-won,2024-04-28,2024-05-18,11711.13
OPP_18544,James Wu,Enterprise Suite,Company_230,closed-lost,2023-01-16,2023-05-23,
OPP_18545,Carlos Webb,Starter Pack,Company_500,closed-won,2024-09-17,2024-10-09,14892.02
OPP_18546,Mike Torres,Starter Pack,Company_294,closed-won,2023-03-27,2023-05-12,13653.3
OPP_18547,Carlos Webb,Enterprise Suite,Company_356,closed-won,2024-08-14,2024-11-11,237158.97
OPP_18548,James Wu,Starter Pack,Company_170,closed-lost,2023-02-17,2023-03-20,
OPP_18549,Sarah Chen,Starter Pack,Company_758,closed-lost,2023-01-12,2023-03-04,
OPP_18550,James Wu,Analytics Pro,Company_130,closed-lost,2023-12-13,2024-02-05,
OPP_18551,Priya Nair,Starter Pack,Company_952,closed-won,2024-06-08,2024-07-03,7500.0
OPP_18552,Mike Torres,Enterprise Suite,Company_797,closed-lost,2023-05-09,2023-06-28,
OPP_18553,Lisa Park,Starter Pack,Company_945,closed-lost,2023-12-22,2024-01-18,
OPP_18554,Priya Nair,Enterprise Suite,Company_993,closed-lost,2023-01-18,2023-03-17,
OPP_18555,Lisa Park,Analytics Pro,Company_160,closed-won,2023-06-16,2023-08-10,60383.19
OPP_18556,Ryan Osei,Analytics Pro,Company_548,closed-lost,2023-01-20,2023-03-02,
OPP_18557,James Wu,Enterprise Suite,Company_354,closed-lost,2023-02-09,2023-05-18,
OPP_18558,Carlos Webb,Enterprise Suite,Company_691,closed-won,2023-08-24,2023-10-09,299863.79
OPP_18559,Carlos Webb,Enterprise Suite,Company_332,closed-lost,2024-10-05,2024-12-25,
OPP_18560,Priya Nair,Starter Pack,Company_598,closed-lost,2023-12-27,2024-01-23,
OPP_18561,Anita Rao,Starter Pack,Company_697,closed-lost,2023-03-02,2023-03-31,
OPP_18562,Carlos Webb,Starter Pack,Company_729,closed-lost,2024-05-03,2024-05-23,
OPP_18563,Carlos Webb,Starter Pack,Company_415,closed-lost,2024-09-18,2024-10-07,
OPP_18564,Mike Torres,Enterprise Suite,Company_335,closed-lost,2024-02-28,2024-07-12,
OPP_18565,Lisa Park,Analytics Pro,Company_629,closed-lost,2024-09-23,2024-11-22,
OPP_18566,Mike Torres,Analytics Pro,Company_68,closed-won,2024-06-22,2024-07-06,67962.24
OPP_18567,Sarah Chen,Analytics Pro,Company_938,closed-won,2023-02-10,2023-04-13,56812.93
OPP_18568,Sarah Chen,Enterprise Suite,Company_872,closed-lost,2024-06-29,2024-07-13,
OPP_18569,Sarah Chen,Analytics Pro,Company_315,closed-won,2023-06-06,2023-06-28,49395.64
OPP_18570,Mike Torres,Analytics Pro,Company_458,closed-won,2024-08-24,2024-09-28,48071.55
OPP_18571,Lisa Park,Analytics Pro,,closed-lost,2023-03-01,2023-04-21,
OPP_18572,Lisa Park,Starter Pack,Company_783,closed-lost,2024-03-09,2024-04-05,
OPP_18573,Carlos Webb,Enterprise Suite,Company_219,closed-lost,2024-02-06,2024-07-07,
OPP_18574,Carlos Webb,Starter Pack,Company_304,closed-won,2024-08-20,2024-10-02,15830.03
OPP_18575,Lisa Park,Enterprise Suite,,closed-won,2024-07-24,2024-10-05,315423.68
OPP_18576,Anita Rao,Starter Pack,Company_853,closed-lost,2024-09-12,2024-10-04,
OPP_18577,Lisa Park,Starter Pack,Company_364,closed-won,2023-10-03,2023-12-02,14950.12
OPP_18578,Anita Rao,Enterprise Suite,Company_825,closed-lost,2024-08-08,2024-12-05,
OPP_18579,Lisa Park,Starter Pack,Company_266,closed-won,2024-01-12,2024-02-12,18368.36
OPP_18580,Anita Rao,Enterprise Suite,Company_208,closed-lost,2024-08-14,2024-10-26,
OPP_18581,Sarah Chen,Analytics Pro,Company_236,closed-lost,2023-01-05,2023-02-09,
OPP_18582,Lisa Park,Enterprise Suite,Company_547,closed-lost,2024-05-13,2024-08-25,
OPP_18583,Sarah Chen,Starter Pack,Company_199,closed-lost,2023-08-12,2023-08-30,
OPP_18584,Mike Torres,Enterprise Suite,Company_222,closed-won,2023-07-02,2023-09-27,340399.68
OPP_18585,Ryan Osei,Starter Pack,Company_894,closed-won,2023-09-18,2023-10-11,21363.8
OPP_18586,Mike Torres,Enterprise Suite,Company_205,closed-won,2023-12-06,2024-04-06,264961.24
OPP_18587,James Wu,Enterprise Suite,Company_533,closed-lost,2023-09-20,2023-12-26,
OPP_18588,Priya Nair,Analytics Pro,Company_958,closed-won,2024-04-09,2024-05-02,43915.86
OPP_18589,Sarah Chen,Enterprise Suite,Company_485,closed-won,2023-05-20,2023-10-09,125000.0
OPP_18590,Priya Nair,Enterprise Suite,Company_69,closed-lost,2024-01-23,2024-05-19,
OPP_18591,Carlos Webb,Starter Pack,,closed-lost,2023-08-26,2023-10-17,
OPP_18592,Lisa Park,Starter Pack,Company_9,closed-lost,2023-04-02,2023-04-26,
OPP_18593,Anita Rao,Enterprise Suite,Company_445,closed-lost,2023-02-25,2023-04-26,
OPP_18594,Priya Nair,Analytics Pro,Company_700,closed-won,2024-10-24,2024-12-07,
OPP_18595,Mike Torres,Analytics Pro,Company_185,closed-lost,2023-10-06,2023-11-04,
OPP_18596,Mike Torres,Analytics Pro,Company_708,closed-lost,2023-05-17,2023-07-23,
OPP_18597,Anita Rao,Analytics Pro,Company_334,closed-lost,2023-11-21,2024-01-09,
OPP_18598,James Wu,Analytics Pro,Company_746,closed-won,2024-06-08,2024-07-05,56538.66
OPP_18599,James Wu,Analytics Pro,Company_831,closed-won,2024-10-08,2024-10-24,35012.7
OPP_18600,Sarah Chen,Starter Pack,Company_524,closed-won,2023-03-08,2023-03-31,7500.0
OPP_18601,Mike Torres,Analytics Pro,Company_435,closed-won,2024-06-11,2024-07-15,53275.84
OPP_18602,Lisa Park,Starter Pack,Company_299,closed-won,2023-01-21,2023-02-28,15018.22
OPP_18603,Anita Rao,Analytics Pro,,closed-lost,2023-05-28,2023-06-25,
OPP_18604,Mike Torres,Enterprise Suite,Company_490,closed-won,2023-10-25,2024-03-05,125000.0
OPP_18605,Lisa Park,Enterprise Suite,Company_387,closed-won,2024-09-15,2025-01-06,198701.3
OPP_18606,Priya Nair,Enterprise Suite,Company_828,closed-lost,2023-12-14,2024-03-01,
OPP_18607,Ryan Osei,Enterprise Suite,Company_954,closed-won,2024-05-31,2024-08-20,210146.43
OPP_18608,Mike Torres,Analytics Pro,Company_229,closed-won,2023-04-02,2023-05-12,40986.93
OPP_18609,James Wu,Analytics Pro,Company_139,closed-won,2024-01-06,2024-03-13,55910.79
OPP_18610,Anita Rao,Analytics Pro,Company_644,closed-lost,2024-11-25,2025-01-09,
OPP_18611,Ryan Osei,Analytics Pro,Company_994,closed-won,2023-09-06,2023-10-26,48736.79
OPP_18612,Carlos Webb,Starter Pack,Company_624,closed-won,2023-04-23,2023-05-21,19681.76
OPP_18613,Sarah Chen,Enterprise Suite,Company_37,closed-lost,2023-11-15,2024-04-09,
OPP_18614,Mike Torres,Starter Pack,Company_545,closed-lost,2024-04-01,2024-04-28,
OPP_18615,Carlos Webb,Analytics Pro,Company_233,closed-won,2023-09-02,2023-11-07,39836.83
OPP_18616,Sarah Chen,Enterprise Suite,Company_927,closed-won,2023-09-07,2023-12-01,125000.0
OPP_18617,James Wu,Enterprise Suite,Company_725,closed-lost,2024-06-15,2024-09-02,
OPP_18618,Carlos Webb,Starter Pack,Company_97,closed-won,2024-04-05,2024-05-16,12480.85
OPP_18619,Mike Torres,Enterprise Suite,Company_608,closed-lost,2023-06-26,2023-08-24,
OPP_18620,Ryan Osei,Enterprise Suite,Company_534,closed-lost,2023-02-23,2023-06-05,
OPP_18621,Anita Rao,Analytics Pro,Company_174,closed-lost,2023-08-09,2023-09-11,
OPP_18622,Anita Rao,Analytics Pro,Company_283,closed-lost,2023-05-14,2023-07-21,
OPP_18623,Anita Rao,Enterprise Suite,Company_769,closed-lost,2023-07-27,2024-01-04,
OPP_18624,Lisa Park,Enterprise Suite,Company_379,closed-lost,2023-03-16,2023-08-03,
OPP_18625,Lisa Park,Starter Pack,Company_574,closed-won,2023-06-15,2023-07-17,15963.93
OPP_18626,Carlos Webb,Analytics Pro,Company_336,closed-won,2023-08-11,2023-09-30,60080.56
OPP_18627,Carlos Webb,Enterprise Suite,Company_129,closed-lost,2024-08-10,2024-11-14,
OPP_18628,Mike Torres,Enterprise Suite,Company_52,closed-won,2023-06-25,2023-11-21,220464.91
OPP_18629,Priya Nair,Starter Pack,Company_73,closed-lost,2024-11-10,2024-12-02,
OPP_18630,Lisa Park,Enterprise Suite,Company_597,closed-lost,2023-05-09,2023-09-13,
OPP_18631,Lisa Park,Enterprise Suite,Company_551,closed-lost,2024-11-28,2025-02-23,
OPP_18632,Mike Torres,Starter Pack,Company_306,closed-won,2023-09-25,2023-10-09,21424.52
OPP_18633,James Wu,Enterprise Suite,Company_623,closed-lost,2023-12-09,2024-05-09,
OPP_18634,Lisa Park,Starter Pack,Company_473,closed-lost,2023-03-15,2023-04-27,
OPP_18635,Sarah Chen,Analytics Pro,Company_768,closed-won,2024-01-21,2024-03-22,76732.91
OPP_18636,Anita Rao,Analytics Pro,Company_947,closed-lost,2024-04-01,2024-06-02,
OPP_18637,Carlos Webb,Starter Pack,Company_808,closed-lost,2023-11-10,2023-12-10,
OPP_18638,Anita Rao,Starter Pack,Company_435,closed-lost,2024-04-29,2024-05-24,
OPP_18639,Lisa Park,Starter Pack,Company_535,closed-lost,2024-11-29,2024-12-28,
OPP_18640,Ryan Osei,Enterprise Suite,Company_107,closed-won,2023-06-07,2023-08-18,432010.71
OPP_18641,Mike Torres,Starter Pack,Company_743,closed-won,2024-07-14,2024-08-03,11096.2
OPP_18642,James Wu,Enterprise Suite,Company_30,closed-lost,2023-05-01,2023-08-11,
OPP_18643,James Wu,Enterprise Suite,Company_514,closed-lost,2023-02-22,2023-05-26,
OPP_18644,Carlos Webb,Analytics Pro,,closed-lost,2024-02-15,2024-03-19,
OPP_18645,Mike Torres,Starter Pack,Company_591,closed-won,2024-04-04,2024-04-29,17088.78
OPP_18646,James Wu,Enterprise Suite,Company_503,closed-lost,2024-03-04,2024-04-21,
OPP_18647,Mike Torres,Analytics Pro,Company_967,closed-won,2023-02-18,2023-04-09,92837.47
OPP_18648,Carlos Webb,Enterprise Suite,Company_11,closed-lost,2023-06-03,2023-09-16,
OPP_18649,Sarah Chen,Enterprise Suite,Company_814,closed-lost,2023-01-18,2023-05-30,
OPP_18650,Priya Nair,Starter Pack,Company_455,closed-lost,2024-10-03,2024-11-01,
OPP_18651,Lisa Park,Enterprise Suite,Company_48,closed-won,2024-01-18,2024-04-30,385849.77
OPP_18652,Carlos Webb,Analytics Pro,Company_151,closed-won,2023-07-06,2023-08-24,50977.34
OPP_18653,Ryan Osei,Analytics Pro,Company_599,closed-lost,2023-05-06,2023-06-13,
OPP_18654,James Wu,Starter Pack,Company_842,closed-lost,2024-09-02,2024-10-12,
OPP_18655,Carlos Webb,Starter Pack,Company_643,closed-lost,2023-12-01,2023-12-31,
OPP_18656,Carlos Webb,Enterprise Suite,Company_516,closed-lost,2024-06-16,2024-10-04,
OPP_18657,Sarah Chen,Enterprise Suite,Company_475,closed-lost,2023-09-14,2023-11-19,
OPP_18658,Sarah Chen,Enterprise Suite,Company_326,closed-lost,2024-03-14,2024-06-18,
OPP_18659,James Wu,Starter Pack,Company_689,closed-lost,2024-04-09,2024-05-19,
OPP_18660,Ryan Osei,Starter Pack,Company_764,closed-lost,2023-04-17,2023-05-26,
OPP_18661,Mike Torres,Starter Pack,Company_589,closed-lost,2023-04-16,2023-06-06,
OPP_18662,James Wu,Enterprise Suite,Company_81,closed-won,2024-09-30,2024-11-16,309234.32
OPP_18663,Sarah Chen,Starter Pack,,closed-lost,2023-06-26,2023-07-28,
OPP_18664,Priya Nair,Enterprise Suite,Company_485,closed-lost,2024-01-13,2024-04-04,
OPP_18665,Anita Rao,Starter Pack,Company_661,closed-lost,2023-12-11,2024-01-11,
OPP_18666,Carlos Webb,Analytics Pro,Company_124,closed-lost,2023-08-11,2023-10-11,
OPP_18667,James Wu,Enterprise Suite,Company_436,closed-lost,2024-07-31,2024-09-17,
OPP_18668,Sarah Chen,Enterprise Suite,Company_60,closed-lost,2023-06-02,2023-10-06,
OPP_18669,Carlos Webb,Enterprise Suite,Company_816,closed-won,2024-07-21,2024-11-05,235802.11
OPP_18670,Mike Torres,Enterprise Suite,Company_734,closed-lost,2024-07-15,2024-11-10,
OPP_18671,Mike Torres,Starter Pack,Company_290,closed-lost,2023-11-16,2023-12-02,
OPP_18672,Carlos Webb,Starter Pack,,closed-lost,2023-02-08,2023-02-22,
OPP_18673,Priya Nair,Analytics Pro,Company_217,closed-lost,2024-07-23,2024-08-19,
OPP_18674,Lisa Park,Starter Pack,Company_410,closed-won,2023-01-27,2023-02-11,25645.62
OPP_18675,Mike Torres,Analytics Pro,Company_955,closed-won,2023-05-05,2023-06-19,40706.66
OPP_18676,Lisa Park,Starter Pack,Company_388,closed-lost,2024-06-20,2024-07-21,
OPP_18677,Ryan Osei,Starter Pack,Company_936,closed-lost,2023-08-14,2023-09-19,
OPP_18678,Lisa Park,Starter Pack,Company_222,closed-won,2023-11-18,2023-12-21,19366.54
OPP_18679,Carlos Webb,Enterprise Suite,Company_737,closed-won,2023-11-09,2024-03-08,326966.63
OPP_18680,Ryan Osei,Enterprise Suite,Company_251,closed-lost,2024-06-11,2024-10-06,
OPP_18681,James Wu,Analytics Pro,Company_247,closed-lost,2024-07-19,2024-08-03,
OPP_18682,Sarah Chen,Enterprise Suite,Company_7,closed-won,2023-09-18,2024-01-05,274484.43
OPP_18683,Carlos Webb,Enterprise Suite,Company_329,closed-lost,2023-04-09,2023-06-30,
OPP_18684,Ryan Osei,Starter Pack,Company_375,closed-won,2024-09-08,2024-09-24,11716.72
OPP_18685,Anita Rao,Analytics Pro,Company_681,closed-lost,2024-01-21,2024-02-23,
OPP_18686,James Wu,Starter Pack,Company_666,closed-lost,2023-10-22,2023-11-06,
OPP_18687,Carlos Webb,Analytics Pro,Company_840,closed-won,2024-07-28,2024-09-06,69475.92
OPP_18688,Ryan Osei,Starter Pack,Company_598,closed-lost,2024-09-12,2024-10-11,
OPP_18689,Lisa Park,Enterprise Suite,Company_190,closed-lost,2024-10-14,2025-01-23,
OPP_18690,Carlos Webb,Analytics Pro,Company_808,closed-won,2023-05-06,2023-05-26,40814.22
OPP_18691,Mike Torres,Starter Pack,Company_388,closed-won,2024-03-13,2024-04-15,17136.33
OPP_18692,Anita Rao,Starter Pack,Company_402,closed-lost,2024-07-10,2024-08-01,
OPP_18693,Sarah Chen,Enterprise Suite,Company_137,closed-won,2023-11-30,2024-03-13,280609.93
OPP_18694,James Wu,Analytics Pro,Company_497,closed-won,2023-03-15,2023-04-24,77126.6
OPP_18695,Priya Nair,Analytics Pro,Company_28,closed-lost,2024-02-27,2024-05-04,
OPP_18696,Priya Nair,Enterprise Suite,Company_608,closed-lost,2023-03-14,2023-04-28,
OPP_18697,Ryan Osei,Enterprise Suite,Company_387,closed-lost,2024-04-06,2024-07-08,
OPP_18698,Ryan Osei,Starter Pack,Company_351,closed-won,2024-02-03,2024-02-22,10195.33
OPP_18699,James Wu,Analytics Pro,Company_181,closed-lost,2023-07-08,2023-09-23,
OPP_18700,Mike Torres,Analytics Pro,Company_826,closed-lost,2023-11-01,2023-12-12,
OPP_18701,Anita Rao,Analytics Pro,Company_70,closed-lost,2024-01-26,2024-03-03,
OPP_18702,Ryan Osei,Starter Pack,Company_35,closed-won,2024-08-25,2024-09-12,14443.76
OPP_18703,Mike Torres,Enterprise Suite,Company_713,closed-lost,2024-04-21,2024-05-29,
OPP_18704,Lisa Park,Analytics Pro,Company_649,closed-won,2023-07-31,2023-09-21,45276.59
OPP_18705,James Wu,Analytics Pro,Company_548,closed-lost,2024-07-30,2024-08-25,
OPP_18706,Anita Rao,Analytics Pro,Company_848,closed-lost,2023-03-01,2023-05-06,
OPP_18707,Anita Rao,Starter Pack,Company_998,closed-lost,2024-07-02,2024-08-08,
OPP_18708,Carlos Webb,Starter Pack,Company_38,closed-won,2023-08-28,2023-09-29,23661.76
OPP_18709,James Wu,Enterprise Suite,Company_573,closed-lost,2024-05-28,2024-08-25,
OPP_18710,Sarah Chen,Starter Pack,Company_502,closed-won,2023-06-22,2023-07-27,12388.63
OPP_18711,James Wu,Starter Pack,Company_270,closed-lost,2023-06-10,2023-06-30,
OPP_18712,Priya Nair,Analytics Pro,Company_429,closed-won,2024-08-07,2024-09-27,67679.89
OPP_18713,James Wu,Analytics Pro,,closed-won,2024-02-12,2024-03-07,61027.87
OPP_18714,Mike Torres,Analytics Pro,Company_648,closed-lost,2024-11-14,2024-12-29,
OPP_18715,Anita Rao,Enterprise Suite,Company_277,closed-lost,2023-10-13,2024-01-03,
OPP_18716,Lisa Park,Starter Pack,Company_541,closed-won,2024-09-07,2024-10-13,19656.81
OPP_18717,James Wu,Enterprise Suite,Company_324,closed-lost,2024-01-27,2024-04-25,
OPP_18718,James Wu,Starter Pack,,closed-lost,2023-12-04,2024-01-04,
OPP_18719,Ryan Osei,Enterprise Suite,Company_816,closed-lost,2024-02-17,2024-04-10,
OPP_18720,Sarah Chen,Analytics Pro,Company_507,closed-lost,2023-11-27,2023-12-09,
OPP_18721,Ryan Osei,Analytics Pro,Company_711,closed-won,2023-06-30,2023-09-05,56016.3
OPP_18722,Sarah Chen,Enterprise Suite,Company_177,closed-lost,2024-09-14,2024-12-22,
OPP_18723,Priya Nair,Enterprise Suite,,closed-lost,2023-08-30,2023-12-14,
OPP_18724,Anita Rao,Enterprise Suite,Company_521,closed-lost,2024-09-24,2025-03-03,
OPP_18725,Lisa Park,Analytics Pro,Company_892,closed-won,2024-04-22,2024-06-04,29897.88
OPP_18726,Carlos Webb,Analytics Pro,Company_114,closed-lost,2023-10-03,2023-12-10,
OPP_18727,James Wu,Analytics Pro,Company_550,closed-won,2024-07-21,2024-08-28,69501.0
OPP_18728,Lisa Park,Starter Pack,Company_866,closed-won,2023-07-31,2023-09-01,18686.3
OPP_18729,Lisa Park,Starter Pack,Company_464,closed-lost,2024-10-04,2024-11-11,
OPP_18730,Anita Rao,Starter Pack,Company_21,closed-won,2023-11-15,2023-12-14,18035.76
OPP_18731,Ryan Osei,Enterprise Suite,Company_982,closed-lost,2024-09-27,2025-01-31,
OPP_18732,Mike Torres,Starter Pack,Company_775,closed-lost,2024-02-03,2024-03-16,
OPP_18733,Ryan Osei,Analytics Pro,,closed-won,2023-01-04,2023-02-06,44863.23
OPP_18734,Sarah Chen,Starter Pack,Company_312,closed-lost,2023-11-24,2024-01-03,
OPP_18735,James Wu,Enterprise Suite,,closed-lost,2023-03-03,2023-03-30,
OPP_18736,Mike Torres,Enterprise Suite,Company_505,closed-lost,2024-08-11,2024-11-09,
OPP_18737,James Wu,Enterprise Suite,Company_481,closed-lost,2024-07-21,2024-11-08,
OPP_18738,Lisa Park,Enterprise Suite,Company_765,closed-lost,2024-04-09,2024-06-01,
OPP_18739,Carlos Webb,Enterprise Suite,Company_227,closed-lost,2023-03-07,2023-04-03,
OPP_18740,James Wu,Starter Pack,Company_414,closed-won,2023-07-11,2023-08-20,13074.0
OPP_18741,Anita Rao,Analytics Pro,Company_460,closed-lost,2023-03-14,2023-05-02,
OPP_18742,Sarah Chen,Analytics Pro,Company_96,closed-won,2023-12-04,2024-01-22,37981.44
OPP_18743,James Wu,Enterprise Suite,Company_8,closed-lost,2023-02-22,2023-07-05,
OPP_18744,Sarah Chen,Enterprise Suite,Company_935,closed-lost,2023-05-21,2023-08-21,
OPP_18745,Mike Torres,Analytics Pro,Company_197,closed-won,2023-08-27,2023-10-24,27500.0
OPP_18746,Ryan Osei,Starter Pack,Company_190,closed-won,2024-01-22,2024-02-14,16278.53
OPP_18747,Priya Nair,Analytics Pro,Company_136,closed-lost,2023-10-27,2024-01-01,
OPP_18748,Carlos Webb,Analytics Pro,Company_806,closed-lost,2024-11-23,2024-12-28,
OPP_18749,Priya Nair,Starter Pack,Company_946,closed-won,2023-08-26,2023-09-17,14888.64
OPP_18750,Anita Rao,Starter Pack,Company_670,closed-won,2024-05-30,2024-06-10,15436.02
OPP_18751,Priya Nair,Starter Pack,Company_915,closed-lost,2023-10-13,2023-11-29,
OPP_18752,Mike Torres,Enterprise Suite,Company_35,closed-lost,2023-02-05,2023-06-03,
OPP_18753,Carlos Webb,Analytics Pro,Company_472,closed-lost,2024-07-28,2024-09-02,
OPP_18754,Priya Nair,Starter Pack,Company_274,closed-lost,2023-11-27,2023-12-13,
OPP_18755,Anita Rao,Starter Pack,Company_20,closed-won,2024-10-25,2024-10-30,15835.56
OPP_18756,Sarah Chen,Enterprise Suite,Company_706,closed-won,2023-09-09,2023-11-20,312652.09
OPP_18757,Lisa Park,Enterprise Suite,Company_605,closed-won,2024-02-02,2024-04-12,183684.74
OPP_18758,Anita Rao,Starter Pack,Company_578,closed-won,2024-08-15,2024-09-07,18654.88
OPP_18759,James Wu,Starter Pack,Company_277,closed-lost,2023-11-06,2023-12-12,
OPP_18760,Carlos Webb,Starter Pack,Company_860,closed-lost,2024-08-18,2024-09-15,
OPP_18761,Mike Torres,Starter Pack,Company_636,closed-lost,2024-06-06,2024-07-23,
OPP_18762,Lisa Park,Enterprise Suite,Company_630,closed-won,2023-03-09,2023-06-22,125000.0
OPP_18763,Anita Rao,Starter Pack,Company_977,closed-won,2024-09-05,2024-09-12,23711.37
OPP_18764,Priya Nair,Starter Pack,Company_768,closed-won,2024-10-26,2024-12-01,22233.21
OPP_18765,Anita Rao,Enterprise Suite,Company_974,closed-won,2024-06-04,2024-07-28,203878.75
OPP_18766,Lisa Park,Starter Pack,,closed-lost,2024-07-19,2024-08-16,
OPP_18767,Lisa Park,Starter Pack,Company_762,closed-lost,2024-02-22,2024-03-06,
OPP_18768,Ryan Osei,Analytics Pro,Company_886,closed-won,2023-02-04,2023-03-08,63800.35
OPP_18769,Ryan Osei,Starter Pack,Company_187,closed-lost,2023-09-10,2023-09-24,
OPP_18770,Priya Nair,Analytics Pro,Company_80,closed-won,2023-12-06,2024-02-04,59919.44
OPP_18771,Lisa Park,Analytics Pro,Company_812,closed-lost,2024-01-04,2024-02-26,
OPP_18772,Priya Nair,Starter Pack,Company_296,closed-lost,2023-12-25,2024-01-24,
OPP_18773,Sarah Chen,Analytics Pro,Company_852,closed-won,2023-12-24,2024-01-26,47928.81
OPP_18774,James Wu,Starter Pack,Company_429,closed-lost,2024-03-27,2024-04-17,
OPP_18775,Mike Torres,Starter Pack,Company_546,closed-won,2024-05-03,2024-06-06,12095.17
OPP_18776,Sarah Chen,Starter Pack,Company_197,closed-lost,2023-05-28,2023-06-27,
OPP_18777,Anita Rao,Analytics Pro,Company_538,closed-won,2023-06-02,2023-07-13,43696.47
OPP_18778,Ryan Osei,Starter Pack,Company_704,closed-won,2024-02-13,2024-03-22,10242.61
OPP_18779,Ryan Osei,Starter Pack,Company_51,closed-won,2023-03-17,2023-03-26,20041.13
OPP_18780,Lisa Park,Starter Pack,Company_152,closed-lost,2024-04-16,2024-05-10,
OPP_18781,Ryan Osei,Analytics Pro,Company_711,closed-lost,2023-03-21,2023-04-28,
OPP_18782,Priya Nair,Starter Pack,Company_956,closed-lost,2024-08-08,2024-09-10,
OPP_18783,Priya Nair,Starter Pack,Company_32,closed-lost,2024-11-09,2024-12-17,
OPP_18784,Carlos Webb,Starter Pack,Company_400,closed-lost,2024-02-28,2024-03-28,
OPP_18785,Ryan Osei,Enterprise Suite,Company_138,closed-lost,2024-04-11,2024-07-04,
OPP_18786,Mike Torres,Enterprise Suite,Company_369,closed-won,2023-09-11,2023-12-18,125000.0
OPP_18787,James Wu,Analytics Pro,Company_981,closed-won,2024-08-27,2024-10-19,38658.71
OPP_18788,Sarah Chen,Starter Pack,Company_347,closed-won,2023-10-11,2023-11-18,17866.85
OPP_18789,Lisa Park,Analytics Pro,Company_619,closed-lost,2024-02-17,2024-03-27,
OPP_18790,Carlos Webb,Starter Pack,Company_61,closed-lost,2023-03-11,2023-05-02,
OPP_18791,Mike Torres,Analytics Pro,Company_249,closed-won,2024-01-27,2024-03-02,42106.66
OPP_18792,Priya Nair,Analytics Pro,Company_978,closed-lost,2023-02-09,2023-04-09,
OPP_18793,Sarah Chen,Starter Pack,Company_817,closed-lost,2024-06-25,2024-07-30,
OPP_18794,Lisa Park,Starter Pack,Company_630,closed-won,2024-04-30,2024-05-26,19284.93
OPP_18795,Lisa Park,Starter Pack,Company_194,closed-won,2023-07-25,2023-08-26,20471.45
OPP_18796,Sarah Chen,Enterprise Suite,Company_462,closed-won,2023-04-14,2023-09-10,190645.34
OPP_18797,Priya Nair,Starter Pack,Company_95,closed-won,2023-04-30,2023-06-05,19221.66
OPP_18798,Mike Torres,Starter Pack,Company_553,closed-won,2023-05-19,2023-07-02,18311.69
OPP_18799,Ryan Osei,Enterprise Suite,Company_42,closed-lost,2023-07-05,2023-09-13,
